analysis_id,stage,cohort,population,N,endpoint,predictor,analysis_type,beta,effect_measure,effect,ci_low,ci_high,ci_type,p,robust_p,adjusted_p,fdr,r_squared,spearman_rho,events,status,interpretation,primary_secondary,supports_main_claim,limitation,source_output,source_row,robust_ci_low,robust_ci_high,robust_adjusted_p,omitted_gene,AUC,seed,iterations,percentile,tested_dependencies
E0001,2,TCGA,clinically defined TNBC,103,HRD_total,candidate_mean_z,Model 0,16.002834430972655,OLS beta per signature unit,16.002834430972655,8.317696168049016,23.68797269389629,conventional 95% CI,7.465452030491402e-05,0.0002200278310652,,,0.1445247111934061,0.3538653107356274,,estimated,Association detected; scope limited to this model.,primary,QUALIFIED_SUPPORT,Observational; endpoint-specific complete cases; no causal or clinical utility inference.,outputs/v2/stage2/primary_hrd_model.csv,0,7.721368266465271,24.28430059548004,,,,,,,
E0002,2,TCGA,clinically defined TNBC,103,HRD_total,candidate_mean_z,Model 0,16.002834430972655,OLS beta per signature unit,16.002834430972655,8.317696168049016,23.68797269389629,conventional 95% CI,7.465452030491402e-05,0.0002200278310652,,,0.1445247111934061,0.3538653107356274,,estimated,Association detected; scope limited to this model.,sensitivity,EXPLORATORY_SUPPORT,Observational; endpoint-specific complete cases; no causal or clinical utility inference.,outputs/v2/stage2/adjusted_models.csv,0,7.721368266465271,24.28430059548004,,,,,,,
E0003,2,TCGA,clinically defined TNBC,100,HRD_total,candidate_mean_z,Model 1,14.725932490684382,OLS beta per signature unit,14.725932490684382,6.442634385259552,23.00923059610921,conventional 95% CI,0.0006458485490164,0.0022387732460289,,,0.1916206857224114,0.335312139951065,,estimated,Association detected; scope limited to this model.,sensitivity,EXPLORATORY_SUPPORT,Observational; endpoint-specific complete cases; no causal or clinical utility inference.,outputs/v2/stage2/adjusted_models.csv,1,5.42260986351593,24.029255117852838,,,,,,,
E0004,2,TCGA,clinically defined TNBC,97,HRD_total,candidate_mean_z,Model 2,15.504944938671263,OLS beta per signature unit,15.504944938671263,6.712694571427376,24.297195305915157,conventional 95% CI,0.0007175416727093,0.0042339954107234,,,0.2178337077246566,0.3595474010536538,,estimated,Association detected; scope limited to this model.,sensitivity,EXPLORATORY_SUPPORT,Observational; endpoint-specific complete cases; no causal or clinical utility inference.,outputs/v2/stage2/adjusted_models.csv,2,5.009343713283274,26.00054616405925,,,,,,,
E0005,2,TCGA,clinically defined TNBC,97,HRD_total,candidate_mean_z,Model 3,13.198646605801844,OLS beta per signature unit,13.198646605801844,4.355788824307243,22.04150438729644,conventional 95% CI,0.0038761826482368,0.0194171916673756,,,0.2596355953672157,0.3595474010536538,,estimated,Association detected; scope limited to this model.,sensitivity,EXPLORATORY_SUPPORT,Observational; endpoint-specific complete cases; no causal or clinical utility inference.,outputs/v2/stage2/adjusted_models.csv,3,2.182373184017763,24.21492002758592,,,,,,,
E0006,2,TCGA,clinically defined TNBC,100,HRD_total,candidate_mean_z,Model 1 matched-case M0,15.539299581447072,OLS beta per signature unit,15.539299581447072,7.617559669287639,23.461039493606503,conventional 95% CI,0.0001809452731337,0.0005091763163133,,,0.1339189784978521,0.335312139951065,,estimated,Association detected; scope limited to this model.,sensitivity,EXPLORATORY_SUPPORT,Observational; endpoint-specific complete cases; no causal or clinical utility inference.,outputs/v2/stage2/adjusted_models.csv,4,6.962563093974639,24.116036068919502,,,,,,,
E0007,2,TCGA,clinically defined TNBC,97,HRD_total,candidate_mean_z,Model 2 matched-case M0,16.64060229434882,OLS beta per signature unit,16.64060229434882,8.496901644278381,24.78430294441926,conventional 95% CI,0.0001020731694549,0.0002782593341764,,,0.1476460118673487,0.3595474010536538,,estimated,Association detected; scope limited to this model.,sensitivity,EXPLORATORY_SUPPORT,Observational; endpoint-specific complete cases; no causal or clinical utility inference.,outputs/v2/stage2/adjusted_models.csv,5,7.890221990982923,25.39098259771472,,,,,,,
E0008,2,TCGA,clinically defined TNBC,97,HRD_total,candidate_mean_z,Model 3 matched-case M0,16.64060229434882,OLS beta per signature unit,16.64060229434882,8.496901644278381,24.78430294441926,conventional 95% CI,0.0001020731694549,0.0002782593341764,,,0.1476460118673487,0.3595474010536538,,estimated,Association detected; scope limited to this model.,sensitivity,EXPLORATORY_SUPPORT,Observational; endpoint-specific complete cases; no causal or clinical utility inference.,outputs/v2/stage2/adjusted_models.csv,6,7.890221990982923,25.39098259771472,,,,,,,
E0009,2,TCGA,clinically defined TNBC,103,HRD_total,candidate_mean_z,Adjust Proliferation,12.887990434535991,OLS beta per signature unit,12.887990434535991,5.147988420975389,20.627992448096595,conventional 95% CI,0.0013254672264941,0.0051080831695266,,,0.2086441193020075,0.3538653107356274,,estimated,Association detected; scope limited to this model.,sensitivity,EXPLORATORY_SUPPORT,Observational; endpoint-specific complete cases; no causal or clinical utility inference.,outputs/v2/stage2/sensitivity_analysis.csv,0,3.957996951766804,21.817983917305177,,,,,,,
E0010,2,TCGA,clinically defined TNBC,100,HRD_total,candidate_mean_z,Adjust Purity,16.08824398133062,OLS beta per signature unit,16.08824398133062,7.839382773053423,24.33710518960782,conventional 95% CI,0.0001966492687983,0.0006592689903102,,,0.164588859616361,0.3770611044688316,,estimated,Association detected; scope limited to this model.,sensitivity,EXPLORATORY_SUPPORT,Observational; endpoint-specific complete cases; no causal or clinical utility inference.,outputs/v2/stage2/sensitivity_analysis.csv,1,7.016800265100024,25.159687697561218,,,,,,,
E0011,2,TCGA,clinically defined TNBC,0,HRD_total,candidate_mean_z,Adjust BRCA1/2,,OLS beta per signature unit,,,,conventional 95% CI,,,,,,,,unavailable,Not estimable: fewer than 10 complete patients,sensitivity,UNAVAILABLE,Observational; endpoint-specific complete cases; no causal or clinical utility inference.,outputs/v2/stage2/sensitivity_analysis.csv,2,,,,,,,,,
E0012,2,TCGA,clinically defined TNBC,102,HRD_total,candidate_mean_z,Adjust FGA,11.69648746738591,OLS beta per signature unit,11.69648746738591,4.087661592144315,19.305313342627507,conventional 95% CI,0.0029346916992996,0.010164459460367,,,0.2506320562936778,0.3552019978832241,,estimated,Association detected; scope limited to this model.,sensitivity,EXPLORATORY_SUPPORT,Observational; endpoint-specific complete cases; no causal or clinical utility inference.,outputs/v2/stage2/sensitivity_analysis.csv,3,2.839865503660977,20.553109431110844,,,,,,,
E0013,2,TCGA,clinically defined TNBC,80,HRD_total,candidate_mean_z,Adjust PAM50,11.385254745971636,OLS beta per signature unit,11.385254745971636,2.652616134144891,20.11789335779838,conventional 95% CI,0.0113149671935348,0.0248393826904208,,,0.2777077997055353,0.357079655373514,,estimated,Association detected; scope limited to this model.,sensitivity,EXPLORATORY_SUPPORT,Observational; endpoint-specific complete cases; no causal or clinical utility inference.,outputs/v2/stage2/sensitivity_analysis.csv,4,1.4812635588769627,21.28924593306631,,,,,,,
E0014,2,TCGA,clinically defined TNBC,103,HRD_total,candidate_median_z,Prespecified alternative predictor,14.928337191406008,OLS beta per signature unit,14.928337191406008,7.319630792751976,22.53704359006004,conventional 95% CI,0.0001784233565073,0.0006175453068656,,,0.1304228084325068,0.3655071711261031,,estimated,Association detected; scope limited to this model.,sensitivity,EXPLORATORY_SUPPORT,Observational; endpoint-specific complete cases; no causal or clinical utility inference.,outputs/v2/stage2/sensitivity_analysis.csv,5,6.550413385451316,23.306260997360702,,,,,,,
E0015,2,TCGA,clinically defined TNBC,103,HRD_total,HORMAD1_z,Prespecified alternative predictor,7.119835749865414,OLS beta per signature unit,7.119835749865414,2.995679475319462,11.243992024411366,conventional 95% CI,0.0008909124507058,0.0007458047204416,,,0.1040404696689102,0.2915853099781313,,estimated,Association detected; scope limited to this model.,sensitivity,CONTEXT_ONLY,Observational; endpoint-specific complete cases; no causal or clinical utility inference.,outputs/v2/stage2/sensitivity_analysis.csv,6,3.059336712134841,11.180334787595989,,,,,,,
E0016,2,TCGA,clinically defined TNBC,103,HRD_total,STAG3_z,Prespecified alternative predictor,2.534584373637358,OLS beta per signature unit,2.534584373637358,-1.655558048064064,6.72472679533878,conventional 95% CI,0.2329684685361925,0.2839277893550579,,,0.0140557008197733,0.145367063276069,,estimated,No statistical support at the recorded threshold; not proof of no effect.,sensitivity,CONTEXT_ONLY,Observational; endpoint-specific complete cases; no causal or clinical utility inference.,outputs/v2/stage2/sensitivity_analysis.csv,7,-2.1327251238571714,7.201893871131888,,,,,,,
E0017,2,TCGA,clinically defined TNBC,103,HRD_total,REC8_z,Prespecified alternative predictor,3.0173025285667183,OLS beta per signature unit,3.0173025285667183,-1.5201986887545331,7.55480374588797,conventional 95% CI,0.1901112661620946,0.2363875928869288,,,0.0169367414183426,0.1542657423309069,,estimated,No statistical support at the recorded threshold; not proof of no effect.,sensitivity,CONTEXT_ONLY,Observational; endpoint-specific complete cases; no causal or clinical utility inference.,outputs/v2/stage2/sensitivity_analysis.csv,8,-2.007699595045594,8.04230465217903,,,,,,,
E0018,2,TCGA,clinically defined TNBC,103,HRD_total,candidate_mean_z,Exploratory candidate conditional on HORMAD1,12.497899836214682,OLS beta per signature unit,12.497899836214682,4.137127441465962,20.8586722309634,conventional 95% CI,0.0037769061238257,0.0064944834997552,,,0.1764724373544858,0.3538653107356274,,estimated,Association detected; scope limited to this model.,sensitivity,EXPLORATORY_SUPPORT,Observational; endpoint-specific complete cases; no causal or clinical utility inference.,outputs/v2/stage2/sensitivity_analysis.csv,9,3.5788533667565368,21.416946305672827,,,,,,,
E0019,2,TCGA,clinically defined TNBC,103,HRD_total,candidate_mean_z,Exploratory candidate conditional on HORMAD2,16.95252323067819,OLS beta per signature unit,16.95252323067819,8.724579142361042,25.180467318995333,conventional 95% CI,8.81239825565221e-05,0.0001539935619405,,,0.1481737600585361,0.3538653107356274,,estimated,Association detected; scope limited to this model.,sensitivity,EXPLORATORY_SUPPORT,Observational; endpoint-specific complete cases; no causal or clinical utility inference.,outputs/v2/stage2/sensitivity_analysis.csv,10,8.404435167293164,25.50061129406321,,,,,,,
E0020,2,TCGA,clinically defined TNBC,103,HRD_total,candidate_mean_z,Exploratory candidate conditional on STAG3,20.9540470231836,OLS beta per signature unit,20.9540470231836,11.242030901750216,30.666063144616977,conventional 95% CI,4.282792032946663e-05,2.8591446344336845e-05,,,0.1667322927057296,0.3538653107356274,,estimated,Association detected; scope limited to this model.,sensitivity,EXPLORATORY_SUPPORT,Observational; endpoint-specific complete cases; no causal or clinical utility inference.,outputs/v2/stage2/sensitivity_analysis.csv,11,11.476071247537776,30.432022798829426,,,,,,,
E0021,2,TCGA,clinically defined TNBC,103,HRD_total,candidate_mean_z,Exploratory candidate conditional on REC8,16.003530022430372,OLS beta per signature unit,16.003530022430372,7.782048421436533,24.22501162342421,conventional 95% CI,0.0001997857048172,0.0007264255326708,,,0.1445247132488926,0.3538653107356274,,estimated,Association detected; scope limited to this model.,sensitivity,EXPLORATORY_SUPPORT,Observational; endpoint-specific complete cases; no causal or clinical utility inference.,outputs/v2/stage2/sensitivity_analysis.csv,12,6.899047340174507,25.10801270468624,,,,,,,
E0022,2,TCGA,clinically defined TNBC,103,HRD_total,candidate_mean_z,Exploratory candidate conditional on SMC1B,14.583441866673011,OLS beta per signature unit,14.583441866673011,5.088020405928818,24.078863327417203,conventional 95% CI,0.0029557843054047,0.007674790000753,,,0.1467323225570118,0.3538653107356274,,estimated,Association detected; scope limited to this model.,sensitivity,EXPLORATORY_SUPPORT,Observational; endpoint-specific complete cases; no causal or clinical utility inference.,outputs/v2/stage2/sensitivity_analysis.csv,13,3.950686067412129,25.21619766593389,,,,,,,
E0023,2,TCGA,clinically defined TNBC,103,HRD_total,candidate_mean_z,Exploratory candidate conditional on SYCP2,21.28722853298482,OLS beta per signature unit,21.28722853298482,10.304560148899196,32.26989691707044,conventional 95% CI,0.0002118206467933,6.318709235759095e-05,,,0.1594286044649946,0.3538653107356274,,estimated,Association detected; scope limited to this model.,sensitivity,EXPLORATORY_SUPPORT,Observational; endpoint-specific complete cases; no causal or clinical utility inference.,outputs/v2/stage2/sensitivity_analysis.csv,14,11.176938690480082,31.39751837548956,,,,,,,
E0024,2,TCGA,clinically defined TNBC,103,HRD_total,candidate_mean_z,Exploratory candidate conditional on SYCP3,15.167555780611396,OLS beta per signature unit,15.167555780611396,6.282244192280684,24.05286736894211,conventional 95% CI,0.0010124225916883,0.0023996862600173,,,0.1457360549274456,0.3538653107356274,,estimated,Association detected; scope limited to this model.,sensitivity,EXPLORATORY_SUPPORT,Observational; endpoint-specific complete cases; no causal or clinical utility inference.,outputs/v2/stage2/sensitivity_analysis.csv,15,5.5074877786933545,24.82762378252944,,,,,,,
E0025,2,TCGA,clinically defined TNBC,103,HRD_total,candidate_mean_z,Exploratory candidate conditional on MSH4,14.275241820541885,OLS beta per signature unit,14.275241820541885,5.594132530153784,22.95635111092998,conventional 95% CI,0.0015116513939531,0.0041987943287198,,,0.1507114588598069,0.3538653107356274,,estimated,Association detected; scope limited to this model.,sensitivity,EXPLORATORY_SUPPORT,Observational; endpoint-specific complete cases; no causal or clinical utility inference.,outputs/v2/stage2/sensitivity_analysis.csv,16,4.609361593662287,23.94112204742148,,,,,,,
E0026,2,TCGA,clinically defined TNBC,103,HRD_total,candidate_mean_z,Exploratory candidate conditional on MSH5,17.97244645903332,OLS beta per signature unit,17.97244645903332,7.121470619748337,28.823422298318302,conventional 95% CI,0.0014019348789898,0.0090006779503867,,,0.1467620463817031,0.3538653107356274,,estimated,Association detected; scope limited to this model.,sensitivity,EXPLORATORY_SUPPORT,Observational; endpoint-specific complete cases; no causal or clinical utility inference.,outputs/v2/stage2/sensitivity_analysis.csv,17,4.588069546370294,31.35682337169635,,,,,,,
E0027,2,TCGA,clinically defined TNBC,68,HRD_total,candidate_mean_z,PAM50 basal within clinical TNBC,11.217829822026117,OLS beta per signature unit,11.217829822026117,1.6224253984493764,20.813234245602857,conventional 95% CI,0.0226415970975124,0.0414499964594581,,,0.0762546141364202,0.2473695594900138,,estimated,Association detected; scope limited to this model.,sensitivity,EXPLORATORY_SUPPORT,Observational; endpoint-specific complete cases; no causal or clinical utility inference.,outputs/v2/stage2/sensitivity_analysis.csv,18,0.4479433036140072,21.987716340438222,,,,,,,
E0028,2,TCGA,clinically defined TNBC,0,HRD_total,candidate_mean_z,Exclude BRCA1/2 altered (requires known negatives),,OLS beta per signature unit,,,,conventional 95% CI,,,,,,,,unavailable,Not estimable: fewer than 10 complete patients,sensitivity,UNAVAILABLE,Observational; endpoint-specific complete cases; no causal or clinical utility inference.,outputs/v2/stage2/sensitivity_analysis.csv,19,,,,,,,,,
E0029,2,TCGA,clinically defined TNBC,97,HRD_total,candidate_mean_z,Exclude Cook's distance >4/N,20.484449222242414,OLS beta per signature unit,20.484449222242414,12.914903295616927,28.05399514886791,conventional 95% CI,5.517256676074266e-07,2.213681126983357e-07,,,0.2330228849957637,0.4488584126809813,,estimated,Association detected; scope limited to this model.,sensitivity,EXPLORATORY_SUPPORT,Observational; endpoint-specific complete cases; no causal or clinical utility inference.,outputs/v2/stage2/sensitivity_analysis.csv,20,13.203309938846264,27.76558850563857,,,,,,,
E0030,2,TCGA,clinically defined TNBC,103,HRD_total,HORMAD1_expr_z,Exploratory single candidate,7.119835749863233,OLS beta per signature unit,7.119835749863233,2.995679475317356,11.24399202440911,conventional 95% CI,0.0008909124507087,0.0007458047204445,,0.0080182120563791,0.1040404696688561,0.2915853099781313,,estimated,Association detected; scope limited to this model.,secondary/exploratory,CONTEXT_ONLY,Observational; endpoint-specific complete cases; no causal or clinical utility inference.,outputs/v2/stage2/single_gene_results.csv,0,3.059336712132548,11.180334787593916,,,,,,,
E0031,2,TCGA,clinically defined TNBC,103,HRD_total,HORMAD2_expr_z,Exploratory single candidate,1.6242609360338516,OLS beta per signature unit,1.6242609360338516,-2.558851133642418,5.807373005710121,conventional 95% CI,0.442941814097597,0.737702980302922,,0.442941814097597,0.0058400030107725,0.1037767277503353,,estimated,No statistical support at the recorded threshold; not proof of no effect.,secondary/exploratory,CONTEXT_ONLY,Observational; endpoint-specific complete cases; no causal or clinical utility inference.,outputs/v2/stage2/single_gene_results.csv,1,-7.970443804549602,11.218965676617303,,,,,,,
E0032,2,TCGA,clinically defined TNBC,103,HRD_total,STAG3_expr_z,Exploratory single candidate,2.534584373639293,OLS beta per signature unit,2.534584373639293,-1.6555580480621708,6.724726795340757,conventional 95% CI,0.2329684685358428,0.2839277893546414,,0.2620895271028232,0.0140557008197944,0.145367063276069,,estimated,No statistical support at the recorded threshold; not proof of no effect.,secondary/exploratory,CONTEXT_ONLY,Observational; endpoint-specific complete cases; no causal or clinical utility inference.,outputs/v2/stage2/single_gene_results.csv,2,-2.132725123854739,7.201893871133326,,,,,,,
E0033,2,TCGA,clinically defined TNBC,103,HRD_total,REC8_expr_z,Exploratory single candidate,3.0173025285649144,OLS beta per signature unit,3.0173025285649144,-1.520198688756512,7.554803745886341,conventional 95% CI,0.1901112661623739,0.2363875928868748,,0.2444287707801951,0.0169367414183214,0.1542657423309069,,estimated,No statistical support at the recorded threshold; not proof of no effect.,secondary/exploratory,CONTEXT_ONLY,Observational; endpoint-specific complete cases; no causal or clinical utility inference.,outputs/v2/stage2/single_gene_results.csv,3,-2.0076995950438112,8.042304652173641,,,,,,,
E0034,2,TCGA,clinically defined TNBC,103,HRD_total,SMC1B_expr_z,Exploratory single candidate,5.803899113281866,OLS beta per signature unit,5.803899113281866,1.546149757628723,10.061648468935008,conventional 95% CI,0.0080383029681695,0.021006616091932,,0.0361723633567631,0.067509969341543,0.2693608177852402,,estimated,Association detected; scope limited to this model.,secondary/exploratory,CONTEXT_ONLY,Observational; endpoint-specific complete cases; no causal or clinical utility inference.,outputs/v2/stage2/single_gene_results.csv,4,0.8932082352998094,10.714589991263924,,,,,,,
E0035,2,TCGA,clinically defined TNBC,103,HRD_total,SYCP2_expr_z,Exploratory single candidate,4.0855572969657645,OLS beta per signature unit,4.0855572969657645,-0.1408552693713396,8.311969863302869,conventional 95% CI,0.0579844088206249,0.082430634835248,,0.0869766132309374,0.0351295063138945,0.1868502881045482,,estimated,No statistical support at the recorded threshold; not proof of no effect.,secondary/exploratory,CONTEXT_ONLY,Observational; endpoint-specific complete cases; no causal or clinical utility inference.,outputs/v2/stage2/single_gene_results.csv,5,-0.5346010631653053,8.705715657096835,,,,,,,
E0036,2,TCGA,clinically defined TNBC,103,HRD_total,SYCP3_expr_z,Exploratory single candidate,4.753326450483142,OLS beta per signature unit,4.753326450483142,0.5635399784380901,8.943112922528194,conventional 95% CI,0.0265819642790948,0.0331602183338878,,0.0478475357023706,0.0477534862323251,0.2810483121789894,,estimated,Association detected; scope limited to this model.,secondary/exploratory,CONTEXT_ONLY,Observational; endpoint-specific complete cases; no causal or clinical utility inference.,outputs/v2/stage2/single_gene_results.csv,6,0.3873491368775354,9.119303764088748,,,,,,,
E0037,2,TCGA,clinically defined TNBC,103,HRD_total,MSH4_expr_z,Exploratory single candidate,5.473456553344552,OLS beta per signature unit,5.473456553344552,1.2090829833563372,9.737830123332769,conventional 95% CI,0.0124011419857447,0.001352157323963,,0.0372034259572343,0.0603168289420245,0.1273074387933649,,estimated,Association detected; scope limited to this model.,secondary/exploratory,CONTEXT_ONLY,Observational; endpoint-specific complete cases; no causal or clinical utility inference.,outputs/v2/stage2/single_gene_results.csv,7,2.179589500318854,8.767323606370251,,,,,,,
E0038,2,TCGA,clinically defined TNBC,103,HRD_total,MSH5_expr_z,Exploratory single candidate,5.145265743065035,OLS beta per signature unit,5.145265743065035,0.9203158621685334,9.370215623961537,conventional 95% CI,0.0174950397404512,0.0192434379905308,,0.0393638394160153,0.0546284898946509,0.260929044730193,,estimated,Association detected; scope limited to this model.,secondary/exploratory,CONTEXT_ONLY,Observational; endpoint-specific complete cases; no causal or clinical utility inference.,outputs/v2/stage2/single_gene_results.csv,8,0.8547096553781728,9.435821830751896,,,,,,,
E0039,2,TCGA,clinically defined TNBC,103,HRD_LOH,candidate_mean_z,Secondary outcome,3.875274607359197,OLS beta per signature unit,3.875274607359197,1.4068927292466316,6.343656485471762,conventional 95% CI,0.0023989301514027,0.0035673494491575,,0.0047978603028054,0.08761944082418,0.3080541737711004,,estimated,Association detected; scope limited to this model.,secondary/exploratory,EXPLORATORY_SUPPORT,Observational; endpoint-specific complete cases; no causal or clinical utility inference.,outputs/v2/stage2/secondary_outcomes.csv,0,1.2990854699617502,6.4514637447566425,,,,,,,
E0040,2,TCGA,clinically defined TNBC,103,LST,candidate_mean_z,Secondary outcome,6.107254443115797,OLS beta per signature unit,6.107254443115797,2.6848080545210853,9.529700831710509,conventional 95% CI,0.0006068988849504,0.0016603204237331,,0.0024275955398019,0.1103748125044572,0.2877060517447282,,estimated,Association detected; scope limited to this model.,secondary/exploratory,EXPLORATORY_SUPPORT,Observational; endpoint-specific complete cases; no causal or clinical utility inference.,outputs/v2/stage2/secondary_outcomes.csv,1,2.358772954537469,9.855735931694124,,,,,,,
E0041,2,TCGA,clinically defined TNBC,103,TAI,candidate_mean_z,Secondary outcome,6.020305380497664,OLS beta per signature unit,6.020305380497664,3.360551109489293,8.680059651506035,conventional 95% CI,1.8941506965856187e-05,7.19848310069988e-05,,0.0001515320557268,0.1664008255592577,0.3748944189824,,estimated,Association detected; scope limited to this model.,secondary/exploratory,EXPLORATORY_SUPPORT,Observational; endpoint-specific complete cases; no causal or clinical utility inference.,outputs/v2/stage2/secondary_outcomes.csv,2,3.1359703881162613,8.904640372879067,,,,,,,
E0042,2,TCGA,clinically defined TNBC,102,aneuploidy,candidate_mean_z,Secondary outcome,-2.1827728264434154,OLS beta per signature unit,-2.1827728264434154,-4.656437930543092,0.290892277656261,conventional 95% CI,0.083070374132419,0.0844212425462131,,0.1107604988432253,0.0297368974199953,-0.1905607605692013,,estimated,No statistical support at the recorded threshold; not proof of no effect.,secondary/exploratory,NO_SUPPORT_AT_THRESHOLD,Observational; endpoint-specific complete cases; no causal or clinical utility inference.,outputs/v2/stage2/secondary_outcomes.csv,3,-4.667428425225798,0.301882772338967,,,,,,,
E0043,2,TCGA,clinically defined TNBC,108,FGA,candidate_mean_z,Secondary outcome,0.1446109088318806,OLS beta per signature unit,0.1446109088318806,0.0580378318037374,0.2311839858600237,conventional 95% CI,0.0012685853349993,0.0016169422845097,,0.0033828942266649,0.0937649247871637,0.3056293882839368,,estimated,Association detected; scope limited to this model.,secondary/exploratory,EXPLORATORY_SUPPORT,Observational; endpoint-specific complete cases; no causal or clinical utility inference.,outputs/v2/stage2/secondary_outcomes.csv,4,0.0560160297664992,0.2332057878972619,,,,,,,
E0044,2,TCGA,clinically defined TNBC,102,LOH_fraction,candidate_mean_z,Secondary outcome,0.0763069126605255,OLS beta per signature unit,0.0763069126605255,0.0135756907086233,0.1390381346124277,conventional 95% CI,0.0176280631654778,0.0192384494317635,,0.0282049010647645,0.0550359447460629,0.2369508795539748,,estimated,Association detected; scope limited to this model.,secondary/exploratory,EXPLORATORY_SUPPORT,Observational; endpoint-specific complete cases; no causal or clinical utility inference.,outputs/v2/stage2/secondary_outcomes.csv,5,0.0126811251044531,0.1399327002165979,,,,,,,
E0045,2,TCGA,clinically defined TNBC,100,ploidy,candidate_mean_z,Secondary outcome,-0.0526175171837651,OLS beta per signature unit,-0.0526175171837651,-0.3716010186066867,0.2663659842391565,conventional 95% CI,0.7441049500956578,0.7191730780162863,,0.7441049500956578,0.0010922235625294,-0.0439383711083047,,estimated,No statistical support at the recorded threshold; not proof of no effect.,secondary/exploratory,NO_SUPPORT_AT_THRESHOLD,Observational; endpoint-specific complete cases; no causal or clinical utility inference.,outputs/v2/stage2/secondary_outcomes.csv,6,-0.3421825934413039,0.2369475590737736,,,,,,,
E0046,2,TCGA,clinically defined TNBC,100,WGD,candidate_mean_z,Secondary outcome,-0.1480756533696421,odds ratio per predictor SD,0.8623658715900867,0.5763782354813228,1.2902549935153274,conventional 95% CI,0.4713358781773118,,,0.538669575059785,0.0038959135653303,,,estimated,No statistical support at the recorded threshold; not proof of no effect.,secondary/exploratory,NO_SUPPORT_AT_THRESHOLD,Observational; endpoint-specific complete cases; no causal or clinical utility inference.,outputs/v2/stage2/secondary_outcomes.csv,7,,,,,,,,,
E0047,2,TCGA,clinically defined TNBC,103,HRD_total,BRCA1_expr_z,Canonical single gene,-3.739820671101784,OLS beta per signature unit,-3.739820671101784,-8.146885231384674,0.6672438891811052,conventional 95% CI,0.0953886623939337,0.1186856196503911,,0.1240052611121139,0.0272916358748562,-0.1738867803456484,,estimated,No statistical support at the recorded threshold; not proof of no effect.,secondary/exploratory,CONTEXT_ONLY,Observational; endpoint-specific complete cases; no causal or clinical utility inference.,outputs/v2/stage2/canonical_comparison.csv,0,-8.454077756628193,0.9744364144246238,,,,,,,
E0048,2,TCGA,clinically defined TNBC,103,HRD_total,candidate_mean_z,Candidate beyond canonical BRCA1,17.94943311840009,OLS beta per signature unit,17.94943311840009,10.356223407469692,25.54264282933049,conventional 95% CI,8.673365542473223e-06,8.611864135403273e-06,,0.0001127537520521,0.2026645853248785,0.3538653107356274,,estimated,Association detected; scope limited to this model.,secondary/exploratory,EXPLORATORY_SUPPORT,Observational; endpoint-specific complete cases; no causal or clinical utility inference.,outputs/v2/stage2/canonical_comparison.csv,1,10.359100005554318,25.539766231245864,,,,,,,
E0049,2,TCGA,clinically defined TNBC,103,HRD_total,BRCA2_expr_z,Canonical single gene,6.268921789325415,OLS beta per signature unit,6.268921789325415,1.8684286574591955,10.669414921191636,conventional 95% CI,0.0056816280106056,0.0077343693902611,,0.024620388045958,0.0732784787435585,0.2433239420321957,,estimated,Association detected; scope limited to this model.,secondary/exploratory,CONTEXT_ONLY,Observational; endpoint-specific complete cases; no causal or clinical utility inference.,outputs/v2/stage2/canonical_comparison.csv,2,1.693262261128261,10.844581317522568,,,,,,,
E0050,2,TCGA,clinically defined TNBC,103,HRD_total,candidate_mean_z,Candidate beyond canonical BRCA2,13.62028423414812,OLS beta per signature unit,13.62028423414812,5.226487098530965,22.01408136976527,conventional 95% CI,0.001733223337602,0.0027067698978129,,0.0021250926114141,0.16030431253914,0.3538653107356274,,estimated,Association detected; scope limited to this model.,secondary/exploratory,EXPLORATORY_SUPPORT,Observational; endpoint-specific complete cases; no causal or clinical utility inference.,outputs/v2/stage2/canonical_comparison.csv,3,4.83516613102325,22.40540233727299,,,,,,,
E0051,2,TCGA,clinically defined TNBC,103,HRD_total,PALB2_expr_z,Canonical single gene,4.989679910020041,OLS beta per signature unit,4.989679910020041,0.4818369718358202,9.497522848204262,conventional 95% CI,0.0303971120542828,0.0382394040023455,,0.0658604094509461,0.0455616946820236,0.1500361232739777,,estimated,No statistical support at the recorded threshold; not proof of no effect.,secondary/exploratory,CONTEXT_ONLY,Observational; endpoint-specific complete cases; no causal or clinical utility inference.,outputs/v2/stage2/canonical_comparison.csv,4,0.2757800020369414,9.703579818003142,,,,,,,
E0052,2,TCGA,clinically defined TNBC,103,HRD_total,candidate_mean_z,Candidate beyond canonical PALB2,15.059959838812846,OLS beta per signature unit,15.059959838812846,6.366226020747455,23.75369365687824,conventional 95% CI,0.0008589687880649,0.0015409921707771,,0.0013958242806054,0.1463864374360479,0.3538653107356274,,estimated,Association detected; scope limited to this model.,secondary/exploratory,EXPLORATORY_SUPPORT,Observational; endpoint-specific complete cases; no causal or clinical utility inference.,outputs/v2/stage2/canonical_comparison.csv,5,5.884660463841236,24.235259213784456,,,,,,,
E0053,2,TCGA,clinically defined TNBC,103,HRD_total,RAD51_expr_z,Canonical single gene,4.449235943663584,OLS beta per signature unit,4.449235943663584,-0.2461224492890092,9.144594336616178,conventional 95% CI,0.0630246922319754,0.094371165821714,,0.0910356665572978,0.0338020980792979,0.1318981984350426,,estimated,No statistical support at the recorded threshold; not proof of no effect.,secondary/exploratory,CONTEXT_ONLY,Observational; endpoint-specific complete cases; no causal or clinical utility inference.,outputs/v2/stage2/canonical_comparison.csv,6,-0.777466069220937,9.675937956548106,,,,,,,
E0054,2,TCGA,clinically defined TNBC,103,HRD_total,candidate_mean_z,Candidate beyond canonical RAD51,15.184470552469763,OLS beta per signature unit,15.184470552469763,7.447621059354873,22.921320045584658,conventional 95% CI,0.0001783031132266,0.000478368692643,,0.0004635880943892,0.1610060759122686,0.3538653107356274,,estimated,Association detected; scope limited to this model.,secondary/exploratory,EXPLORATORY_SUPPORT,Observational; endpoint-specific complete cases; no causal or clinical utility inference.,outputs/v2/stage2/canonical_comparison.csv,7,6.842515245253523,23.526425859686007,,,,,,,
E0055,2,TCGA,clinically defined TNBC,103,HRD_total,RAD51B_expr_z,Canonical single gene,1.7493725736401862,OLS beta per signature unit,1.7493725736401862,-2.587281227119524,6.086026374399896,conventional 95% CI,0.4254605611877139,0.502759601392325,,0.4609156079533567,0.0063002025075841,0.117797637241358,,estimated,No statistical support at the recorded threshold; not proof of no effect.,secondary/exploratory,CONTEXT_ONLY,Observational; endpoint-specific complete cases; no causal or clinical utility inference.,outputs/v2/stage2/canonical_comparison.csv,8,-3.41039966370536,6.909144810985732,,,,,,,
E0056,2,TCGA,clinically defined TNBC,103,HRD_total,candidate_mean_z,Candidate beyond canonical RAD51B,15.944615084021596,OLS beta per signature unit,15.944615084021596,8.076551369213753,23.81267879882944,conventional 95% CI,0.0001127669438721,0.0004556488663791,,0.0003664925675846,0.1445755800942523,0.3538653107356274,,estimated,Association detected; scope limited to this model.,secondary/exploratory,EXPLORATORY_SUPPORT,Observational; endpoint-specific complete cases; no causal or clinical utility inference.,outputs/v2/stage2/canonical_comparison.csv,9,7.219504590225085,24.66972557781811,,,,,,,
E0057,2,TCGA,clinically defined TNBC,103,HRD_total,RAD51C_expr_z,Canonical single gene,-1.8077037847721855,OLS beta per signature unit,-1.8077037847721855,-6.124901505979595,2.5094939364352227,conventional 95% CI,0.4081413647715451,0.3902759548934567,,0.4609156079533567,0.0067848178624591,-0.0045152556685659,,estimated,No statistical support at the recorded threshold; not proof of no effect.,secondary/exploratory,CONTEXT_ONLY,Observational; endpoint-specific complete cases; no causal or clinical utility inference.,outputs/v2/stage2/canonical_comparison.csv,10,-5.963799715141697,2.348392145597325,,,,,,,
E0058,2,TCGA,clinically defined TNBC,103,HRD_total,candidate_mean_z,Candidate beyond canonical RAD51C,17.05317391087153,OLS beta per signature unit,17.05317391087153,9.31996700942532,24.786380812317734,conventional 95% CI,2.9846346572777247e-05,7.752942264041675e-05,,0.0001785531147791,0.1663523656697632,0.3538653107356274,,estimated,Association detected; scope limited to this model.,secondary/exploratory,EXPLORATORY_SUPPORT,Observational; endpoint-specific complete cases; no causal or clinical utility inference.,outputs/v2/stage2/canonical_comparison.csv,11,8.845904407487975,25.26044341425508,,,,,,,
E0059,2,TCGA,clinically defined TNBC,103,HRD_total,RAD51D_expr_z,Canonical single gene,4.535302281571312,OLS beta per signature unit,4.535302281571312,0.2082515422490036,8.86235302089362,conventional 95% CI,0.0401320051393132,0.0389764722574662,,0.067054254862458,0.041045965856951,0.2556173023561015,,estimated,No statistical support at the recorded threshold; not proof of no effect.,secondary/exploratory,CONTEXT_ONLY,Observational; endpoint-specific complete cases; no causal or clinical utility inference.,outputs/v2/stage2/canonical_comparison.csv,12,0.2340371716720906,8.836567391470533,,,,,,,
E0060,2,TCGA,clinically defined TNBC,103,HRD_total,candidate_mean_z,Candidate beyond canonical RAD51D,15.315893748338766,OLS beta per signature unit,15.315893748338766,6.625876637538894,24.00591085913864,conventional 95% CI,0.0007041637937199,0.0007958287398541,,0.0013322863671135,0.1455216784269607,0.3538653107356274,,estimated,Association detected; scope limited to this model.,secondary/exploratory,EXPLORATORY_SUPPORT,Observational; endpoint-specific complete cases; no causal or clinical utility inference.,outputs/v2/stage2/canonical_comparison.csv,13,6.533434233890219,24.098353262787317,,,,,,,
E0061,2,TCGA,clinically defined TNBC,103,HRD_total,BRIP1_expr_z,Canonical single gene,8.00069948132952,OLS beta per signature unit,8.00069948132952,3.574104301512233,12.427294661146806,conventional 95% CI,0.0005203119774259,0.0004729428073862,,0.0067640557065375,0.1129090235770329,0.3207259707739993,,estimated,Association detected; scope limited to this model.,secondary/exploratory,CONTEXT_ONLY,Observational; endpoint-specific complete cases; no causal or clinical utility inference.,outputs/v2/stage2/canonical_comparison.csv,14,3.608447980445052,12.392950982213986,,,,,,,
E0062,2,TCGA,clinically defined TNBC,103,HRD_total,candidate_mean_z,Candidate beyond canonical BRIP1,12.079872836020511,OLS beta per signature unit,12.079872836020511,3.5976643920557034,20.56208127998532,conventional 95% CI,0.0057008891328733,0.0100820569689081,,0.0057008891328733,0.1784917740393155,0.3538653107356274,,estimated,Association detected; scope limited to this model.,secondary/exploratory,EXPLORATORY_SUPPORT,Observational; endpoint-specific complete cases; no causal or clinical utility inference.,outputs/v2/stage2/canonical_comparison.csv,15,2.9426514084835933,21.217094263557435,,,,,,,
E0063,2,TCGA,clinically defined TNBC,103,HRD_total,ATM_expr_z,Canonical single gene,1.366359987610632,OLS beta per signature unit,1.366359987610632,-3.1240271995246824,5.856747174745946,conventional 95% CI,0.5474491335892074,0.5541623831014013,,0.5474491335892074,0.003594537171459,0.0344631557963292,,estimated,No statistical support at the recorded threshold; not proof of no effect.,secondary/exploratory,CONTEXT_ONLY,Observational; endpoint-specific complete cases; no causal or clinical utility inference.,outputs/v2/stage2/canonical_comparison.csv,16,-3.200472638332904,5.933192613554168,,,,,,,
E0064,2,TCGA,clinically defined TNBC,103,HRD_total,candidate_mean_z,Candidate beyond canonical ATM,18.424616450444944,OLS beta per signature unit,18.424616450444944,9.90522036033233,26.94401254055756,conventional 95% CI,4.120456494902607e-05,8.903205979287928e-05,,0.0001785531147791,0.1585113098261807,0.3538653107356274,,estimated,Association detected; scope limited to this model.,secondary/exploratory,EXPLORATORY_SUPPORT,Observational; endpoint-specific complete cases; no causal or clinical utility inference.,outputs/v2/stage2/canonical_comparison.csv,17,9.476104271050872,27.373128629839016,,,,,,,
E0065,2,TCGA,clinically defined TNBC,103,HRD_total,CHEK2_expr_z,Canonical single gene,7.126354786217883,OLS beta per signature unit,7.126354786217883,2.868250142304218,11.384459430131548,conventional 95% CI,0.0012533424184493,0.0010311534350351,,0.0081467257199205,0.0983928937607263,0.2702726577377729,,estimated,Association detected; scope limited to this model.,secondary/exploratory,CONTEXT_ONLY,Observational; endpoint-specific complete cases; no causal or clinical utility inference.,outputs/v2/stage2/canonical_comparison.csv,18,2.943987690398088,11.308721882037675,,,,,,,
E0066,2,TCGA,clinically defined TNBC,103,HRD_total,candidate_mean_z,Candidate beyond canonical CHEK2,13.000299343004066,OLS beta per signature unit,13.000299343004066,4.95944433086429,21.04115435514384,conventional 95% CI,0.0017981552865812,0.0025109832073234,,0.0021250926114141,0.1825049483069099,0.3538653107356274,,estimated,Association detected; scope limited to this model.,secondary/exploratory,EXPLORATORY_SUPPORT,Observational; endpoint-specific complete cases; no causal or clinical utility inference.,outputs/v2/stage2/canonical_comparison.csv,19,4.681249229139956,21.31934945686817,,,,,,,
E0067,2,TCGA,clinically defined TNBC,103,HRD_total,STAG2_expr_z,Canonical single gene,5.564225518170387,OLS beta per signature unit,5.564225518170387,1.2971098392393898,9.831341197101384,conventional 95% CI,0.0111134125348502,0.0157413419963677,,0.0288948725906107,0.0621335009742345,0.2220495074770183,,estimated,Association detected; scope limited to this model.,secondary/exploratory,CONTEXT_ONLY,Observational; endpoint-specific complete cases; no causal or clinical utility inference.,outputs/v2/stage2/canonical_comparison.csv,20,1.0706100808990549,10.05784095544172,,,,,,,
E0068,2,TCGA,clinically defined TNBC,103,HRD_total,candidate_mean_z,Candidate beyond canonical STAG2,14.139433606945987,OLS beta per signature unit,14.139433606945987,5.540132240814373,22.738734973077605,conventional 95% CI,0.0015130772621854,0.0037826459155792,,0.0021250926114141,0.1523385762290318,0.3538653107356274,,estimated,Association detected; scope limited to this model.,secondary/exploratory,EXPLORATORY_SUPPORT,Observational; endpoint-specific complete cases; no causal or clinical utility inference.,outputs/v2/stage2/canonical_comparison.csv,21,4.678894390977488,23.599972822914488,,,,,,,
E0069,2,TCGA,clinically defined TNBC,103,HRD_total,RAD21_expr_z,Canonical single gene,5.68025981411588,OLS beta per signature unit,5.68025981411588,1.3439478747197269,10.016571753512032,conventional 95% CI,0.0107619886659613,0.0180874305563129,,0.0288948725906107,0.0626662641131751,0.2089212093652512,,estimated,Association detected; scope limited to this model.,secondary/exploratory,CONTEXT_ONLY,Observational; endpoint-specific complete cases; no causal or clinical utility inference.,outputs/v2/stage2/canonical_comparison.csv,22,0.9910281637483012,10.36949146448346,,,,,,,
E0070,2,TCGA,clinically defined TNBC,103,HRD_total,candidate_mean_z,Candidate beyond canonical RAD21,14.958407921473093,OLS beta per signature unit,14.958407921473093,5.439693026475773,24.477122816470413,conventional 95% CI,0.002380007810103,0.0024713482446829,,0.0025783417942783,0.1457071101248583,0.3538653107356274,,estimated,Association detected; scope limited to this model.,secondary/exploratory,EXPLORATORY_SUPPORT,Observational; endpoint-specific complete cases; no causal or clinical utility inference.,outputs/v2/stage2/canonical_comparison.csv,23,5.40226972089139,24.5145461220548,,,,,,,
E0071,2,TCGA,clinically defined TNBC,103,HRD_total,SMC1A_expr_z,Canonical single gene,4.5833036685388695,OLS beta per signature unit,4.5833036685388695,0.1852496523787996,8.981357684698938,conventional 95% CI,0.0412641568384357,0.0470902882064613,,0.067054254862458,0.0405958758702216,0.2148536620684765,,estimated,No statistical support at the recorded threshold; not proof of no effect.,secondary/exploratory,CONTEXT_ONLY,Observational; endpoint-specific complete cases; no causal or clinical utility inference.,outputs/v2/stage2/canonical_comparison.csv,24,0.0600574864516296,9.10654985062611,,,,,,,
E0072,2,TCGA,clinically defined TNBC,103,HRD_total,candidate_mean_z,Candidate beyond canonical SMC1A,15.593365534650015,OLS beta per signature unit,15.593365534650015,6.731778506009034,24.454952563290995,conventional 95% CI,0.0007173849669073,0.0008097350981031,,0.0013322863671135,0.1448236051578192,0.3538653107356274,,estimated,Association detected; scope limited to this model.,secondary/exploratory,EXPLORATORY_SUPPORT,Observational; endpoint-specific complete cases; no causal or clinical utility inference.,outputs/v2/stage2/canonical_comparison.csv,25,6.638258014444455,24.548473054855577,,,,,,,
E0073,2,TCGA,clinically defined TNBC,103,HRD_total,leave_one_out_score,Leave one gene out,13.473557834029904,OLS beta per signature unit,13.473557834029904,5.995529593105683,20.951586074954125,conventional 95% CI,0.0005405260324355,0.0017102799116247,,,0.1122818746549754,0.3349034341323553,,estimated,Association detected; scope limited to this model.,sensitivity,EXPLORATORY_SUPPORT,Observational; endpoint-specific complete cases; no causal or clinical utility inference.,outputs/v2/stage2/leave_one_gene_out.csv,0,5.1797843121917335,21.767331355868077,,HORMAD1,,,,,
E0074,2,TCGA,clinically defined TNBC,103,HRD_total,leave_one_out_score,Leave one gene out,15.200002341531436,OLS beta per signature unit,15.200002341531436,7.989910705357457,22.41009397770541,conventional 95% CI,6.164967672019563e-05,0.0001200971459692,,,0.1476020314449631,0.3537389714650957,,estimated,Association detected; scope limited to this model.,sensitivity,EXPLORATORY_SUPPORT,Observational; endpoint-specific complete cases; no causal or clinical utility inference.,outputs/v2/stage2/leave_one_gene_out.csv,1,7.664895019261687,22.735109663801182,,HORMAD2,,,,,
E0075,2,TCGA,clinically defined TNBC,103,HRD_total,leave_one_out_score,Leave one gene out,17.063158148735102,OLS beta per signature unit,17.063158148735102,9.389713455850556,24.73660284161965,conventional 95% CI,2.5755892160656305e-05,4.912851193860936e-05,,,0.1615351833491428,0.3716187247512053,,estimated,Association detected; scope limited to this model.,sensitivity,EXPLORATORY_SUPPORT,Observational; endpoint-specific complete cases; no causal or clinical utility inference.,outputs/v2/stage2/leave_one_gene_out.csv,2,9.084367850876031,25.041948446594173,,STAG3,,,,,
E0076,2,TCGA,clinically defined TNBC,103,HRD_total,leave_one_out_score,Leave one gene out,14.67247820598024,OLS beta per signature unit,14.67247820598024,7.45772701172623,21.88722940023425,conventional 95% CI,0.0001065918083499,0.0004476860585492,,,0.1387788001585918,0.3604349528032731,,estimated,Association detected; scope limited to this model.,sensitivity,EXPLORATORY_SUPPORT,Observational; endpoint-specific complete cases; no causal or clinical utility inference.,outputs/v2/stage2/leave_one_gene_out.csv,3,6.653159901921454,22.691796510039023,,REC8,,,,,
E0077,2,TCGA,clinically defined TNBC,103,HRD_total,leave_one_out_score,Leave one gene out,15.2424907164406,OLS beta per signature unit,15.2424907164406,7.5507999818867075,22.93418145099449,conventional 95% CI,0.0001550741449068,0.0006393196674332,,,0.1327028784779939,0.3498663981727125,,estimated,Association detected; scope limited to this model.,sensitivity,EXPLORATORY_SUPPORT,Observational; endpoint-specific complete cases; no causal or clinical utility inference.,outputs/v2/stage2/leave_one_gene_out.csv,4,6.66323719153921,23.82174424134199,,SMC1B,,,,,
E0078,2,TCGA,clinically defined TNBC,103,HRD_total,leave_one_out_score,Leave one gene out,17.226616423418502,OLS beta per signature unit,17.226616423418502,9.332690034332368,25.12054281250464,conventional 95% CI,3.533007219488306e-05,7.315569637866272e-05,,,0.1565087406844713,0.3745135419499087,,estimated,Association detected; scope limited to this model.,sensitivity,EXPLORATORY_SUPPORT,Observational; endpoint-specific complete cases; no causal or clinical utility inference.,outputs/v2/stage2/leave_one_gene_out.csv,5,8.964677705392896,25.48855514144411,,SYCP2,,,,,
E0079,2,TCGA,clinically defined TNBC,103,HRD_total,leave_one_out_score,Leave one gene out,14.961582064945937,OLS beta per signature unit,14.961582064945937,7.428638328550167,22.494525801341705,conventional 95% CI,0.0001501913456797,0.0003677991109048,,,0.1332224544179145,0.3349803362970267,,estimated,Association detected; scope limited to this model.,sensitivity,EXPLORATORY_SUPPORT,Observational; endpoint-specific complete cases; no causal or clinical utility inference.,outputs/v2/stage2/leave_one_gene_out.csv,6,6.910948813954287,23.01221531593759,,SYCP3,,,,,
E0080,2,TCGA,clinically defined TNBC,103,HRD_total,leave_one_out_score,Leave one gene out,14.468146742667608,OLS beta per signature unit,14.468146742667608,6.98288553250985,21.95340795282537,conventional 95% CI,0.0002192281607005,0.0006853023256617,,,0.127068075798471,0.339638410271411,,estimated,Association detected; scope limited to this model.,sensitivity,EXPLORATORY_SUPPORT,Observational; endpoint-specific complete cases; no causal or clinical utility inference.,outputs/v2/stage2/leave_one_gene_out.csv,7,6.2765625244421255,22.659730960893093,,MSH4,,,,,
E0081,2,TCGA,clinically defined TNBC,103,HRD_total,leave_one_out_score,Leave one gene out,16.570487031300164,OLS beta per signature unit,16.570487031300164,8.671472312694094,24.46950174990624,conventional 95% CI,6.657951248886183e-05,0.0003483565762337,,,0.1463661117103731,0.3535961531592773,,estimated,Association detected; scope limited to this model.,sensitivity,EXPLORATORY_SUPPORT,Observational; endpoint-specific complete cases; no causal or clinical utility inference.,outputs/v2/stage2/leave_one_gene_out.csv,8,7.691887127503817,25.44908693509651,,MSH5,,,,,
E0082,2,TCGA,clinically defined TNBC,113,proliferation,candidate_mean_z,Candidate versus proliferation,0.523769357448289,OLS beta per signature unit,0.523769357448289,0.2301854142243008,0.8173533006722772,conventional 95% CI,0.000595442320493,0.003950914497559,,,0.1011984424783861,0.307854814026216,,estimated,Association detected; scope limited to this model.,sensitivity,CONTEXT_ONLY,Observational; endpoint-specific complete cases; no causal or clinical utility inference.,outputs/v2/stage2/proliferation_analysis.csv,0,0.1711855175659411,0.8763531973306369,,,,,,,
E0083,2,TCGA,clinically defined TNBC,103,HRD_total,candidate_mean_z,HRD adjusted for proliferation,12.887990434535991,OLS beta per signature unit,12.887990434535991,5.147988420975389,20.627992448096595,conventional 95% CI,0.0013254672264941,0.0051080831695266,,,0.2086441193020075,0.3538653107356274,,estimated,Association detected; scope limited to this model.,sensitivity,EXPLORATORY_SUPPORT,Observational; endpoint-specific complete cases; no causal or clinical utility inference.,outputs/v2/stage2/proliferation_analysis.csv,1,3.957996951766804,21.817983917305177,,,,,,,
E0084,4,SCAN-B,clinically defined TNBC,225,HRDetect_probability,candidate_mean_z,Co-primary OLS,0.2188371795401043,OLS beta per signature unit,0.2188371795401043,0.1081665923682189,0.3295077667119898,conventional 95% CI,0.0001289446560722,0.0004798614621651,0.0001289446560722,,0.063751032500644,0.2774673409186684,,estimated,Association detected; scope limited to this model.,primary,QUALIFIED_SUPPORT,Observational; endpoint-specific complete cases; no causal or clinical utility inference. Proliferation attenuation; BRCA/purity unavailable; correlated genomic endpoints.,outputs/v2/stage4/scanb_primary_results.csv,0,0.0971547718255636,0.340519587254645,0.0004798614621651,,,,,,
E0085,4,SCAN-B,clinically defined TNBC,225,scarHRD_score,candidate_mean_z,Co-primary OLS,13.993421847893854,OLS beta per signature unit,13.993421847893854,7.857565866106857,20.12927782968085,conventional 95% CI,1.121429514863037e-05,3.627037130250144e-05,2.242859029726074e-05,,0.0830537943011329,0.3052387630038308,,estimated,Association detected; scope limited to this model.,primary,QUALIFIED_SUPPORT,Observational; endpoint-specific complete cases; no causal or clinical utility inference. Proliferation attenuation; BRCA/purity unavailable; correlated genomic endpoints.,outputs/v2/stage4/scanb_primary_results.csv,1,7.451261827955049,20.53558186783266,7.254074260500289e-05,,,,,,
E0086,4,SCAN-B,clinically defined TNBC,225,HRDetect_probability,candidate_mean_z,proliferation,0.075726787161104,OLS beta per signature unit,0.075726787161104,-0.0492669173536412,0.2007204916758493,conventional 95% CI,0.2337745371630358,0.275496949933034,,,0.1362009646593825,0.2774673409186684,,estimated,No statistical support at the recorded threshold; not proof of no effect.,sensitivity,NO_SUPPORT_AT_THRESHOLD,Observational; endpoint-specific complete cases; no causal or clinical utility inference. Proliferation attenuation; BRCA/purity unavailable; correlated genomic endpoints.,outputs/v2/stage4/scanb_adjusted_results.csv,0,-0.0607873455230932,0.2122409198453014,,,,,,,
E0087,4,SCAN-B,clinically defined TNBC,225,HRDetect_probability,candidate_mean_z,age,0.1693557317837993,OLS beta per signature unit,0.1693557317837993,0.0656575105831715,0.2730539529844271,conventional 95% CI,0.0014814744183695,0.0035262725021755,,,0.2007461872116704,0.2774673409186684,,estimated,Association detected; scope limited to this model.,sensitivity,EXPLORATORY_SUPPORT,Observational; endpoint-specific complete cases; no causal or clinical utility inference. Proliferation attenuation; BRCA/purity unavailable; correlated genomic endpoints.,outputs/v2/stage4/scanb_adjusted_results.csv,1,0.0561917396751199,0.2825197238924786,,,,,,,
E0088,4,SCAN-B,clinically defined TNBC,225,HRDetect_probability,candidate_mean_z,age + proliferation,0.0740119682907071,OLS beta per signature unit,0.0740119682907071,-0.0438815704017168,0.1919055069831312,conventional 95% CI,0.217320581725918,0.2705772047793344,,,0.2350699770582214,0.2774673409186684,,estimated,No statistical support at the recorded threshold; not proof of no effect.,sensitivity,NO_SUPPORT_AT_THRESHOLD,Observational; endpoint-specific complete cases; no causal or clinical utility inference. Proliferation attenuation; BRCA/purity unavailable; correlated genomic endpoints.,outputs/v2/stage4/scanb_adjusted_results.csv,2,-0.0580473331848246,0.206071269766239,,,,,,,
E0089,4,SCAN-B,clinically defined TNBC,225,HRDetect_probability,candidate_mean_z,Same-complete-case unadjusted for age + proliferation,0.2188371795401043,OLS beta per signature unit,0.2188371795401043,0.1081665923682189,0.3295077667119898,conventional 95% CI,0.0001289446560722,0.0004798614621651,,,0.063751032500644,0.2774673409186684,,estimated,Association detected; scope limited to this model.,sensitivity,EXPLORATORY_SUPPORT,Observational; endpoint-specific complete cases; no causal or clinical utility inference. Proliferation attenuation; BRCA/purity unavailable; correlated genomic endpoints.,outputs/v2/stage4/scanb_adjusted_results.csv,3,0.0971547718255636,0.340519587254645,,,,,,,
E0090,4,SCAN-B,clinically defined TNBC,225,HRDetect_probability,candidate_mean_z,previous Stage2/3 proliferation,0.0643513276248003,OLS beta per signature unit,0.0643513276248003,-0.0583856340609311,0.1870882893105318,conventional 95% CI,0.3026124438074816,0.3532923328957077,,,0.1534654285999755,0.2774673409186684,,estimated,No statistical support at the recorded threshold; not proof of no effect.,sensitivity,NO_SUPPORT_AT_THRESHOLD,Observational; endpoint-specific complete cases; no causal or clinical utility inference. Proliferation attenuation; BRCA/purity unavailable; correlated genomic endpoints.,outputs/v2/stage4/scanb_adjusted_results.csv,4,-0.0719864904511723,0.200689145700773,,,,,,,
E0091,4,SCAN-B,clinically defined TNBC,225,HRDetect_probability,candidate_mean_z,PAM50 + proliferation,-0.0372253948387448,OLS beta per signature unit,-0.0372253948387448,-0.1619963440331943,0.0875455543557046,conventional 95% CI,0.5571495118103023,0.6021165615017897,,,0.2368073697612317,0.2774673409186684,,estimated,No statistical support at the recorded threshold; not proof of no effect.,sensitivity,NO_SUPPORT_AT_THRESHOLD,Observational; endpoint-specific complete cases; no causal or clinical utility inference. Proliferation attenuation; BRCA/purity unavailable; correlated genomic endpoints.,outputs/v2/stage4/scanb_adjusted_results.csv,5,-0.1777363205072165,0.1032855308297268,,,,,,,
E0092,4,SCAN-B,clinically defined TNBC,0,HRDetect_probability,candidate_mean_z,Adjust BRCA1 alteration,,OLS beta per signature unit,,,,conventional 95% CI,,,,,,,,unavailable,Not estimable: No patient-level BRCA1 alteration supplied in local inputs,sensitivity,UNAVAILABLE,Observational; endpoint-specific complete cases; no causal or clinical utility inference. Proliferation attenuation; BRCA/purity unavailable; correlated genomic endpoints.,outputs/v2/stage4/scanb_adjusted_results.csv,6,,,,,,,,,
E0093,4,SCAN-B,clinically defined TNBC,0,HRDetect_probability,candidate_mean_z,Adjust BRCA2 alteration,,OLS beta per signature unit,,,,conventional 95% CI,,,,,,,,unavailable,Not estimable: No patient-level BRCA2 alteration supplied in local inputs,sensitivity,UNAVAILABLE,Observational; endpoint-specific complete cases; no causal or clinical utility inference. Proliferation attenuation; BRCA/purity unavailable; correlated genomic endpoints.,outputs/v2/stage4/scanb_adjusted_results.csv,7,,,,,,,,,
E0094,4,SCAN-B,clinically defined TNBC,0,HRDetect_probability,candidate_mean_z,Adjust tumor purity,,OLS beta per signature unit,,,,conventional 95% CI,,,,,,,,unavailable,Not estimable: No patient-level tumor purity supplied in local inputs,sensitivity,UNAVAILABLE,Observational; endpoint-specific complete cases; no causal or clinical utility inference. Proliferation attenuation; BRCA/purity unavailable; correlated genomic endpoints.,outputs/v2/stage4/scanb_adjusted_results.csv,8,,,,,,,,,
E0095,4,SCAN-B,clinically defined TNBC,225,scarHRD_score,candidate_mean_z,proliferation,1.1908592998794598,OLS beta per signature unit,1.1908592998794598,-5.256261232275883,7.637979832034802,conventional 95% CI,0.7161948024912931,0.7631035775447719,,,0.2677917230536129,0.3052387630038308,,estimated,No statistical support at the recorded threshold; not proof of no effect.,sensitivity,NO_SUPPORT_AT_THRESHOLD,Observational; endpoint-specific complete cases; no causal or clinical utility inference. Proliferation attenuation; BRCA/purity unavailable; correlated genomic endpoints.,outputs/v2/stage4/scanb_adjusted_results.csv,9,-6.585827084457779,8.967545684216699,,,,,,,
E0096,4,SCAN-B,clinically defined TNBC,225,scarHRD_score,candidate_mean_z,age,11.75295215191202,OLS beta per signature unit,11.75295215191202,5.841847450803201,17.66405685302084,conventional 95% CI,0.0001187504307891,0.0003110730502524,,,0.1725418719375078,0.3052387630038308,,estimated,Association detected; scope limited to this model.,sensitivity,EXPLORATORY_SUPPORT,Observational; endpoint-specific complete cases; no causal or clinical utility inference. Proliferation attenuation; BRCA/purity unavailable; correlated genomic endpoints.,outputs/v2/stage4/scanb_adjusted_results.csv,10,5.430810982040912,18.07509332178313,,,,,,,
E0097,4,SCAN-B,clinically defined TNBC,225,scarHRD_score,candidate_mean_z,age + proliferation,1.1293531568044524,OLS beta per signature unit,1.1293531568044524,-5.151221078254012,7.409927391862916,conventional 95% CI,0.7233956080078016,0.7710456324838542,,,0.3083171216990468,0.3052387630038308,,estimated,No statistical support at the recorded threshold; not proof of no effect.,sensitivity,NO_SUPPORT_AT_THRESHOLD,Observational; endpoint-specific complete cases; no causal or clinical utility inference. Proliferation attenuation; BRCA/purity unavailable; correlated genomic endpoints.,outputs/v2/stage4/scanb_adjusted_results.csv,11,-6.509455558130424,8.768161871739329,,,,,,,
E0098,4,SCAN-B,clinically defined TNBC,225,scarHRD_score,candidate_mean_z,Same-complete-case unadjusted for age + proliferation,13.993421847893854,OLS beta per signature unit,13.993421847893854,7.857565866106857,20.12927782968085,conventional 95% CI,1.121429514863037e-05,3.627037130250144e-05,,,0.0830537943011329,0.3052387630038308,,estimated,Association detected; scope limited to this model.,sensitivity,EXPLORATORY_SUPPORT,Observational; endpoint-specific complete cases; no causal or clinical utility inference. Proliferation attenuation; BRCA/purity unavailable; correlated genomic endpoints.,outputs/v2/stage4/scanb_adjusted_results.csv,12,7.451261827955049,20.53558186783266,,,,,,,
E0099,4,SCAN-B,clinically defined TNBC,225,scarHRD_score,candidate_mean_z,previous Stage2/3 proliferation,0.5849094793622854,OLS beta per signature unit,0.5849094793622854,-5.675003405299332,6.844822364023903,conventional 95% CI,0.8540735853207377,0.8753432300653002,,,0.2983877542156625,0.3052387630038308,,estimated,No statistical support at the recorded threshold; not proof of no effect.,sensitivity,NO_SUPPORT_AT_THRESHOLD,Observational; endpoint-specific complete cases; no causal or clinical utility inference. Proliferation attenuation; BRCA/purity unavailable; correlated genomic endpoints.,outputs/v2/stage4/scanb_adjusted_results.csv,13,-6.754404595423371,7.924223554147942,,,,,,,
E0100,4,SCAN-B,clinically defined TNBC,225,scarHRD_score,candidate_mean_z,PAM50 + proliferation,-3.9092925087121584,OLS beta per signature unit,-3.9092925087121584,-10.443286055448567,2.624701038024249,conventional 95% CI,0.2396243136591151,0.3260888426865317,,,0.3331452765746945,0.3052387630038308,,estimated,No statistical support at the recorded threshold; not proof of no effect.,sensitivity,NO_SUPPORT_AT_THRESHOLD,Observational; endpoint-specific complete cases; no causal or clinical utility inference. Proliferation attenuation; BRCA/purity unavailable; correlated genomic endpoints.,outputs/v2/stage4/scanb_adjusted_results.csv,14,-11.73716226363639,3.918577246212074,,,,,,,
E0101,4,SCAN-B,clinically defined TNBC,0,scarHRD_score,candidate_mean_z,Adjust BRCA1 alteration,,OLS beta per signature unit,,,,conventional 95% CI,,,,,,,,unavailable,Not estimable: No patient-level BRCA1 alteration supplied in local inputs,sensitivity,UNAVAILABLE,Observational; endpoint-specific complete cases; no causal or clinical utility inference. Proliferation attenuation; BRCA/purity unavailable; correlated genomic endpoints.,outputs/v2/stage4/scanb_adjusted_results.csv,15,,,,,,,,,
E0102,4,SCAN-B,clinically defined TNBC,0,scarHRD_score,candidate_mean_z,Adjust BRCA2 alteration,,OLS beta per signature unit,,,,conventional 95% CI,,,,,,,,unavailable,Not estimable: No patient-level BRCA2 alteration supplied in local inputs,sensitivity,UNAVAILABLE,Observational; endpoint-specific complete cases; no causal or clinical utility inference. Proliferation attenuation; BRCA/purity unavailable; correlated genomic endpoints.,outputs/v2/stage4/scanb_adjusted_results.csv,16,,,,,,,,,
E0103,4,SCAN-B,clinically defined TNBC,0,scarHRD_score,candidate_mean_z,Adjust tumor purity,,OLS beta per signature unit,,,,conventional 95% CI,,,,,,,,unavailable,Not estimable: No patient-level tumor purity supplied in local inputs,sensitivity,UNAVAILABLE,Observational; endpoint-specific complete cases; no causal or clinical utility inference. Proliferation attenuation; BRCA/purity unavailable; correlated genomic endpoints.,outputs/v2/stage4/scanb_adjusted_results.csv,17,,,,,,,,,
E0104,4,SCAN-B,clinically defined TNBC,225,HRDetect_probability,candidate_mean_z,Fractional logit,0.990127764489608,logit conditional mean coefficient,0.990127764489608,0.3944615850345772,1.585793943944639,HC0 sandwich 95% CI,0.0011224399305683,,,,,,,estimated,Association detected; scope limited to this model.,sensitivity,EXPLORATORY_SUPPORT,Observational; endpoint-specific complete cases; no causal or clinical utility inference. Proliferation attenuation; BRCA/purity unavailable; correlated genomic endpoints.,outputs/v2/stage4/scanb_adjusted_results.csv,18,,,,,,,,,
E0105,4,SCAN-B,clinically defined TNBC,225,HRDetect_probability,candidate_mean_z,Fractional logit adjusted,0.3572463028202032,logit conditional mean coefficient,0.3572463028202032,-0.2914535142732969,1.0059461199137034,HC0 sandwich 95% CI,0.2804209192929655,,,,,,,estimated,No statistical support at the recorded threshold; not proof of no effect.,sensitivity,NO_SUPPORT_AT_THRESHOLD,Observational; endpoint-specific complete cases; no causal or clinical utility inference. Proliferation attenuation; BRCA/purity unavailable; correlated genomic endpoints.,outputs/v2/stage4/scanb_adjusted_results.csv,19,,,,,,,,,
E0106,4,SCAN-B,clinically defined TNBC,225,SBS3,candidate_mean_z,Secondary genomic exposure,0.1030609944246528,OLS beta per signature unit,0.1030609944246528,0.0566563423756334,0.1494656464736722,conventional 95% CI,1.8517680925997403e-05,3.626274105256489e-05,,5.555304277799221e-05,0.0791033021770365,0.2916803624104509,,estimated,Association detected; scope limited to this model.,secondary/exploratory,EXPLORATORY_SUPPORT,Observational; endpoint-specific complete cases; no causal or clinical utility inference. Proliferation attenuation; BRCA/purity unavailable; correlated genomic endpoints.,outputs/v2/stage4/scanb_secondary_results.csv,0,0.0548788326969667,0.1512431561523388,,,,,,,
E0107,4,SCAN-B,clinically defined TNBC,201,SV3,candidate_mean_z,Secondary genomic exposure,0.1122427127941865,OLS beta per signature unit,0.1122427127941865,0.0308521804583284,0.1936332451300446,conventional 95% CI,0.007117182068896,0.0043037044600876,,0.0106757731033441,0.0358313476410614,0.2216690097931681,,estimated,Association detected; scope limited to this model.,secondary/exploratory,EXPLORATORY_SUPPORT,Observational; endpoint-specific complete cases; no causal or clinical utility inference. Proliferation attenuation; BRCA/purity unavailable; correlated genomic endpoints.,outputs/v2/stage4/scanb_secondary_results.csv,1,0.0356067999489212,0.1888786256394518,,,,,,,
E0108,4,SCAN-B,clinically defined TNBC,225,delMH,candidate_mean_z,Secondary genomic exposure,0.0498294343535381,OLS beta per signature unit,0.0498294343535381,0.001748142007045,0.0979107267000313,conventional 95% CI,0.0422976437888318,0.0519449344125076,,0.0422976437888318,0.0183607180216754,0.1563988020397898,,estimated,Association detected; scope limited to this model.,secondary/exploratory,EXPLORATORY_SUPPORT,Observational; endpoint-specific complete cases; no causal or clinical utility inference. Proliferation attenuation; BRCA/purity unavailable; correlated genomic endpoints.,outputs/v2/stage4/scanb_secondary_results.csv,2,-0.0004234159333416,0.1000822846404179,,,,,,,
E0109,4,SCAN-B,clinically defined TNBC,225,HRDetect_binary,candidate_mean_z,Published HRD/HRP logistic,0.5422849564962022,odds ratio per predictor SD,1.7199323462844112,1.279885242246415,2.3112754004439613,conventional 95% CI,0.0003223558861087,,,0.0006447117722175,0.0469072988552431,,133.0,estimated,Association detected; scope limited to this model.,secondary/exploratory,EXPLORATORY_SUPPORT,Observational; endpoint-specific complete cases; no causal or clinical utility inference. Proliferation attenuation; BRCA/purity unavailable; correlated genomic endpoints.,outputs/v2/stage4/scanb_secondary_results.csv,3,,,,,0.6550343249427918,,,,
E0110,4,SCAN-B,clinically defined TNBC,225,scarHRD_binary,candidate_mean_z,Published HRD/HRP logistic,0.4969435053101515,odds ratio per predictor SD,1.6436896563596275,1.2199748896272655,2.214566635260072,conventional 95% CI,0.0010862228332128,,,0.0010862228332128,0.0393862223586454,,143.0,estimated,Association detected; scope limited to this model.,secondary/exploratory,EXPLORATORY_SUPPORT,Observational; endpoint-specific complete cases; no causal or clinical utility inference. Proliferation attenuation; BRCA/purity unavailable; correlated genomic endpoints.,outputs/v2/stage4/scanb_secondary_results.csv,4,,,,,0.6499232474842231,,,,
E0111,4,SCAN-B,clinically defined TNBC,225,HRDetect_probability,HORMAD1_z,Exploratory individual candidate,0.19404951475765,OLS beta per signature unit,0.19404951475765,0.1396284344089734,0.2484705951063267,conventional 95% CI,2.5381470348875068e-11,3.5322759382516747e-11,,2.2843323313987557e-10,0.1812780838952601,0.3961744318882583,,estimated,Association detected; scope limited to this model.,sensitivity,CONTEXT_ONLY,Observational; endpoint-specific complete cases; no causal or clinical utility inference. Proliferation attenuation; BRCA/purity unavailable; correlated genomic endpoints.,outputs/v2/stage4/scanb_gene_sensitivity.csv,0,0.1391873343832829,0.2489116951320171,,,,,,,
E0112,4,SCAN-B,clinically defined TNBC,225,HRDetect_probability,HORMAD2_z,Exploratory individual candidate,0.0469256937604509,OLS beta per signature unit,0.0469256937604509,-0.0128995824829042,0.1067509700038062,conventional 95% CI,0.1235844249426375,0.1559677662739674,,0.2357361681771705,0.0106008718377402,0.0972965097157604,,estimated,No statistical support at the recorded threshold; not proof of no effect.,sensitivity,CONTEXT_ONLY,Observational; endpoint-specific complete cases; no causal or clinical utility inference. Proliferation attenuation; BRCA/purity unavailable; correlated genomic endpoints.,outputs/v2/stage4/scanb_gene_sensitivity.csv,1,-0.0180337755744337,0.1118851630953356,,,,,,,
E0113,4,SCAN-B,clinically defined TNBC,225,HRDetect_probability,STAG3_z,Exploratory individual candidate,0.0384797192651948,OLS beta per signature unit,0.0384797192651948,-0.0214504527454567,0.0984098912758464,conventional 95% CI,0.2070797862682336,0.2174303403662323,,0.2662454394877289,0.0071282671846444,0.0790571007163927,,estimated,No statistical support at the recorded threshold; not proof of no effect.,sensitivity,CONTEXT_ONLY,Observational; endpoint-specific complete cases; no causal or clinical utility inference. Proliferation attenuation; BRCA/purity unavailable; correlated genomic endpoints.,outputs/v2/stage4/scanb_gene_sensitivity.csv,2,-0.022827785949588,0.0997872244799778,,,,,,,
E0114,4,SCAN-B,clinically defined TNBC,225,HRDetect_probability,REC8_z,Exploratory individual candidate,0.046028592002079,OLS beta per signature unit,0.046028592002079,-0.013808820098335,0.105866004102493,conventional 95% CI,0.1309645378762058,0.1425405620707999,,0.2357361681771705,0.0101994219821401,0.0888253265908133,,estimated,No statistical support at the recorded threshold; not proof of no effect.,sensitivity,CONTEXT_ONLY,Observational; endpoint-specific complete cases; no causal or clinical utility inference. Proliferation attenuation; BRCA/purity unavailable; correlated genomic endpoints.,outputs/v2/stage4/scanb_gene_sensitivity.csv,3,-0.0156098166062961,0.107667000610454,,,,,,,
E0115,4,SCAN-B,clinically defined TNBC,225,HRDetect_probability,SMC1B_z,Exploratory individual candidate,0.0426944153087388,OLS beta per signature unit,0.0426944153087388,-0.0171860280472956,0.1025748586647734,conventional 95% CI,0.1613923718549207,0.1807210727912985,,0.242088557782381,0.0087753070330728,0.1588219491275149,,estimated,No statistical support at the recorded threshold; not proof of no effect.,sensitivity,CONTEXT_ONLY,Observational; endpoint-specific complete cases; no causal or clinical utility inference. Proliferation attenuation; BRCA/purity unavailable; correlated genomic endpoints.,outputs/v2/stage4/scanb_gene_sensitivity.csv,4,-0.0199655813372021,0.1053544119546799,,,,,,,
E0116,4,SCAN-B,clinically defined TNBC,225,HRDetect_probability,SYCP2_z,Exploratory individual candidate,0.0175618540227481,OLS beta per signature unit,0.0175618540227481,-0.0425383984471081,0.0776621064926043,conventional 95% CI,0.5653006703769543,0.5781853389678887,,0.5823917195893457,0.001484775886281,0.0617014327855035,,estimated,No statistical support at the recorded threshold; not proof of no effect.,sensitivity,CONTEXT_ONLY,Observational; endpoint-specific complete cases; no causal or clinical utility inference. Proliferation attenuation; BRCA/purity unavailable; correlated genomic endpoints.,outputs/v2/stage4/scanb_gene_sensitivity.csv,5,-0.0445880101702243,0.0797117182157206,,,,,,,
E0117,4,SCAN-B,clinically defined TNBC,225,HRDetect_probability,SYCP3_z,Exploratory individual candidate,0.0788046971174189,OLS beta per signature unit,0.0788046971174189,0.0195656690497835,0.1380437251850543,conventional 95% CI,0.0093561180443125,0.0129043095396113,,0.0421025311994065,0.0298967781168016,0.2092953091505558,,estimated,Association detected; scope limited to this model.,sensitivity,CONTEXT_ONLY,Observational; endpoint-specific complete cases; no causal or clinical utility inference. Proliferation attenuation; BRCA/purity unavailable; correlated genomic endpoints.,outputs/v2/stage4/scanb_gene_sensitivity.csv,6,0.0168487111935033,0.1407606830413345,,,,,,,
E0118,4,SCAN-B,clinically defined TNBC,225,HRDetect_probability,MSH4_z,Exploratory individual candidate,0.0167960112566011,OLS beta per signature unit,0.0167960112566011,-0.0433080533090324,0.0769000758222348,conventional 95% CI,0.5823917195893457,0.6224038874535558,,0.5823917195893457,0.001358102328944,0.0527420902579532,,estimated,No statistical support at the recorded threshold; not proof of no effect.,sensitivity,CONTEXT_ONLY,Observational; endpoint-specific complete cases; no causal or clinical utility inference. Proliferation attenuation; BRCA/purity unavailable; correlated genomic endpoints.,outputs/v2/stage4/scanb_gene_sensitivity.csv,7,-0.0503242424842439,0.0839162649974463,,,,,,,
E0119,4,SCAN-B,clinically defined TNBC,225,HRDetect_probability,MSH5_z,Exploratory individual candidate,0.0632730541018767,OLS beta per signature unit,0.0632730541018767,0.0037105519278683,0.122835556275885,conventional 95% CI,0.037441478143783,0.0301414259030866,,0.112324434431349,0.0192733751734466,0.1495891276864728,,estimated,No statistical support at the recorded threshold; not proof of no effect.,sensitivity,CONTEXT_ONLY,Observational; endpoint-specific complete cases; no causal or clinical utility inference. Proliferation attenuation; BRCA/purity unavailable; correlated genomic endpoints.,outputs/v2/stage4/scanb_gene_sensitivity.csv,8,0.0061328952380637,0.1204132129656896,,,,,,,
E0120,4,SCAN-B,clinically defined TNBC,225,HRDetect_probability,candidate_median_z,Prespecified median signature,0.1948789436693472,OLS beta per signature unit,0.1948789436693472,0.0944634527652488,0.2952944345734457,conventional 95% CI,0.000170093673808,0.0006062246987076,,,0.061553932361836,0.3118395150901095,,estimated,Association detected; scope limited to this model.,sensitivity,EXPLORATORY_SUPPORT,Observational; endpoint-specific complete cases; no causal or clinical utility inference. Proliferation attenuation; BRCA/purity unavailable; correlated genomic endpoints.,outputs/v2/stage4/scanb_gene_sensitivity.csv,9,0.0844747489978222,0.3052831383408723,,,,,,,
E0121,4,SCAN-B,clinically defined TNBC,215,HRDetect_probability,candidate_mean_z,Exclude Cook distance >4/N,0.3711919501530042,OLS beta per signature unit,0.3711919501530042,0.2587516263284679,0.4836322739775405,conventional 95% CI,5.385232616594481e-10,1.1813827474158606e-12,,,0.165833265880725,0.3840517761839213,,estimated,Association detected; scope limited to this model.,sensitivity,EXPLORATORY_SUPPORT,Observational; endpoint-specific complete cases; no causal or clinical utility inference. Proliferation attenuation; BRCA/purity unavailable; correlated genomic endpoints.,outputs/v2/stage4/scanb_gene_sensitivity.csv,10,0.2744126809520713,0.4679712193539371,,,,,,,
E0122,4,SCAN-B,clinically defined TNBC,225,scarHRD_score,HORMAD1_z,Exploratory individual candidate,10.630262458121596,OLS beta per signature unit,10.630262458121596,7.566665558856348,13.693859357386843,conventional 95% CI,7.613958425050462e-11,2.7766805249183675e-10,,6.852562582545414e-10,0.1733304137570059,0.38030819648068,,estimated,Association detected; scope limited to this model.,sensitivity,CONTEXT_ONLY,Observational; endpoint-specific complete cases; no causal or clinical utility inference. Proliferation attenuation; BRCA/purity unavailable; correlated genomic endpoints.,outputs/v2/stage4/scanb_gene_sensitivity.csv,11,7.4616340957932,13.79889082044999,,,,,,,
E0123,4,SCAN-B,clinically defined TNBC,225,scarHRD_score,HORMAD2_z,Exploratory individual candidate,2.880062620295359,OLS beta per signature unit,2.880062620295359,-0.4679350247910525,6.228060265381771,conventional 95% CI,0.0914278456841808,0.050734053164107,,0.1645701222315256,0.0127230331980739,0.1225670271303152,,estimated,No statistical support at the recorded threshold; not proof of no effect.,sensitivity,CONTEXT_ONLY,Observational; endpoint-specific complete cases; no causal or clinical utility inference. Proliferation attenuation; BRCA/purity unavailable; correlated genomic endpoints.,outputs/v2/stage4/scanb_gene_sensitivity.csv,12,-0.009280443310331,5.7694056839010495,,,,,,,
E0124,4,SCAN-B,clinically defined TNBC,225,scarHRD_score,STAG3_z,Exploratory individual candidate,1.5093188054360145,OLS beta per signature unit,1.5093188054360145,-1.854290574922075,4.872928185794104,conventional 95% CI,0.377500659042463,0.3483135640505872,,0.4246882414227708,0.0034942080956563,0.0879518039896088,,estimated,No statistical support at the recorded threshold; not proof of no effect.,sensitivity,CONTEXT_ONLY,Observational; endpoint-specific complete cases; no causal or clinical utility inference. Proliferation attenuation; BRCA/purity unavailable; correlated genomic endpoints.,outputs/v2/stage4/scanb_gene_sensitivity.csv,13,-1.6554052721986268,4.674042883070655,,,,,,,
E0125,4,SCAN-B,clinically defined TNBC,225,scarHRD_score,REC8_z,Exploratory individual candidate,1.9258470081925807,OLS beta per signature unit,1.9258470081925807,-1.4340562991563683,5.285750315541531,conventional 95% CI,0.2598783256824134,0.3007047583827965,,0.3341292758773887,0.0056889270617407,0.0652552610310338,,estimated,No statistical support at the recorded threshold; not proof of no effect.,sensitivity,CONTEXT_ONLY,Observational; endpoint-specific complete cases; no causal or clinical utility inference. Proliferation attenuation; BRCA/purity unavailable; correlated genomic endpoints.,outputs/v2/stage4/scanb_gene_sensitivity.csv,14,-1.732758443585625,5.584452459970787,,,,,,,
E0126,4,SCAN-B,clinically defined TNBC,225,scarHRD_score,SMC1B_z,Exploratory individual candidate,4.5249515412848895,OLS beta per signature unit,4.5249515412848895,1.2087837600957156,7.841119322474063,conventional 95% CI,0.0077083429488625,0.0092277431959167,,0.0173437716349406,0.0314061473831687,0.1881698255394647,,estimated,Association detected; scope limited to this model.,sensitivity,CONTEXT_ONLY,Observational; endpoint-specific complete cases; no causal or clinical utility inference. Proliferation attenuation; BRCA/purity unavailable; correlated genomic endpoints.,outputs/v2/stage4/scanb_gene_sensitivity.csv,15,1.129743842624427,7.920159239945352,,,,,,,
E0127,4,SCAN-B,clinically defined TNBC,225,scarHRD_score,SYCP2_z,Exploratory individual candidate,2.686073212161454,OLS beta per signature unit,2.686073212161454,-0.6647314996479787,6.036877923970887,conventional 95% CI,0.1155882949077622,0.1065451912819861,,0.1733824423616433,0.0110668109372579,0.1120923994132949,,estimated,No statistical support at the recorded threshold; not proof of no effect.,sensitivity,CONTEXT_ONLY,Observational; endpoint-specific complete cases; no causal or clinical utility inference. Proliferation attenuation; BRCA/purity unavailable; correlated genomic endpoints.,outputs/v2/stage4/scanb_gene_sensitivity.csv,16,-0.5804756363139068,5.952622060636815,,,,,,,
E0128,4,SCAN-B,clinically defined TNBC,225,scarHRD_score,SYCP3_z,Exploratory individual candidate,4.776717998229962,OLS beta per signature unit,4.776717998229962,1.4667050118200369,8.086730984639889,conventional 95% CI,0.0048710276346695,0.0094882870770596,,0.0146130829040086,0.0349982238539571,0.2051981548964859,,estimated,Association detected; scope limited to this model.,sensitivity,CONTEXT_ONLY,Observational; endpoint-specific complete cases; no causal or clinical utility inference. Proliferation attenuation; BRCA/purity unavailable; correlated genomic endpoints.,outputs/v2/stage4/scanb_gene_sensitivity.csv,17,1.179192984822144,8.37424301163778,,,,,,,
E0129,4,SCAN-B,clinically defined TNBC,225,scarHRD_score,MSH4_z,Exploratory individual candidate,-0.0294221244470062,OLS beta per signature unit,-0.0294221244470062,-3.3989212888095395,3.340077039915527,conventional 95% CI,0.9862863896592736,0.9890583923810744,,0.9862863896592736,1.3278066989252937e-06,0.0490963568938207,,estimated,No statistical support at the recorded threshold; not proof of no effect.,sensitivity,CONTEXT_ONLY,Observational; endpoint-specific complete cases; no causal or clinical utility inference. Proliferation attenuation; BRCA/purity unavailable; correlated genomic endpoints.,outputs/v2/stage4/scanb_gene_sensitivity.csv,18,-4.25264348791701,4.193799239022998,,,,,,,
E0130,4,SCAN-B,clinically defined TNBC,225,scarHRD_score,MSH5_z,Exploratory individual candidate,5.92119942051634,OLS beta per signature unit,5.92119942051634,2.6435528734301625,9.198845967602516,conventional 95% CI,0.0004530620867022,0.0002952142945076,,0.0020387793901603,0.0537781892501341,0.2257531841562637,,estimated,Association detected; scope limited to this model.,sensitivity,CONTEXT_ONLY,Observational; endpoint-specific complete cases; no causal or clinical utility inference. Proliferation attenuation; BRCA/purity unavailable; correlated genomic endpoints.,outputs/v2/stage4/scanb_gene_sensitivity.csv,19,2.748210854060119,9.09418798697256,,,,,,,
E0131,4,SCAN-B,clinically defined TNBC,225,scarHRD_score,candidate_median_z,Prespecified median signature,14.26587371177098,OLS beta per signature unit,14.26587371177098,8.772352746858136,19.759394676683826,conventional 95% CI,6.674461246239411e-07,7.29803793152964e-06,,,0.1050967627219686,0.3670822232635567,,estimated,Association detected; scope limited to this model.,sensitivity,EXPLORATORY_SUPPORT,Observational; endpoint-specific complete cases; no causal or clinical utility inference. Proliferation attenuation; BRCA/purity unavailable; correlated genomic endpoints.,outputs/v2/stage4/scanb_gene_sensitivity.csv,20,8.145267100835703,20.38648032270626,,,,,,,
E0132,4,SCAN-B,clinically defined TNBC,216,scarHRD_score,candidate_mean_z,Exclude Cook distance >4/N,20.47216522700926,OLS beta per signature unit,20.47216522700926,14.058601514284335,26.885728939734182,conventional 95% CI,1.745662066983532e-09,1.7194757058099758e-11,,,0.1561076792640345,0.3908876253867859,,estimated,Association detected; scope limited to this model.,sensitivity,EXPLORATORY_SUPPORT,Observational; endpoint-specific complete cases; no causal or clinical utility inference. Proliferation attenuation; BRCA/purity unavailable; correlated genomic endpoints.,outputs/v2/stage4/scanb_gene_sensitivity.csv,21,14.795914432827225,26.14841602119129,,,,,,,
E0133,4,SCAN-B,clinically defined TNBC,225,HRDetect_probability,leave_one_out_score,Leave one gene out,0.1551480355348236,OLS beta per signature unit,0.1551480355348236,0.0438449253423229,0.2664511457273242,conventional 95% CI,0.0065068335037579,0.011315691761297,,,0.0327298364493644,0.2110166455962916,,estimated,Association detected; scope limited to this model.,sensitivity,EXPLORATORY_SUPPORT,Observational; endpoint-specific complete cases; no causal or clinical utility inference. Proliferation attenuation; BRCA/purity unavailable; correlated genomic endpoints.,outputs/v2/stage4/scanb_leave_one_gene_out.csv,0,0.0354370379321395,0.2748590331375076,,HORMAD1,,,,,
E0134,4,SCAN-B,clinically defined TNBC,225,HRDetect_probability,leave_one_out_score,Leave one gene out,0.2057718086166068,OLS beta per signature unit,0.2057718086166068,0.0998108100673263,0.3117328071658873,conventional 95% CI,0.0001685281672903,0.0013358963046691,,,0.0616272960397863,0.2877781289506953,,estimated,Association detected; scope limited to this model.,sensitivity,EXPLORATORY_SUPPORT,Observational; endpoint-specific complete cases; no causal or clinical utility inference. Proliferation attenuation; BRCA/purity unavailable; correlated genomic endpoints.,outputs/v2/stage4/scanb_leave_one_gene_out.csv,1,0.0809715674402456,0.3305720497929681,,HORMAD2,,,,,
E0135,4,SCAN-B,clinically defined TNBC,225,HRDetect_probability,leave_one_out_score,Leave one gene out,0.2237325148634684,OLS beta per signature unit,0.2237325148634684,0.1145506963826946,0.3329143333442422,conventional 95% CI,7.408636264661346e-05,0.0002132319138089,,,0.0681435360368788,0.2952085967130215,,estimated,Association detected; scope limited to this model.,sensitivity,EXPLORATORY_SUPPORT,Observational; endpoint-specific complete cases; no causal or clinical utility inference. Proliferation attenuation; BRCA/purity unavailable; correlated genomic endpoints.,outputs/v2/stage4/scanb_leave_one_gene_out.csv,2,0.1066205961535728,0.340844433573364,,STAG3,,,,,
E0136,4,SCAN-B,clinically defined TNBC,225,HRDetect_probability,leave_one_out_score,Leave one gene out,0.2142014200903703,OLS beta per signature unit,0.2142014200903703,0.1063411814005797,0.3220616587801609,conventional 95% CI,0.0001208141671285,0.0004029744759049,,,0.0642675452522282,0.2929624947324063,,estimated,Association detected; scope limited to this model.,sensitivity,EXPLORATORY_SUPPORT,Observational; endpoint-specific complete cases; no causal or clinical utility inference. Proliferation attenuation; BRCA/purity unavailable; correlated genomic endpoints.,outputs/v2/stage4/scanb_leave_one_gene_out.csv,3,0.0967012433226413,0.3317015968580993,,REC8,,,,,
E0137,4,SCAN-B,clinically defined TNBC,225,HRDetect_probability,leave_one_out_score,Leave one gene out,0.2288083163804986,OLS beta per signature unit,0.2288083163804986,0.1179897969608023,0.339626835800195,conventional 95% CI,6.558260409481724e-05,0.0002057185399404,,,0.0691091819803573,0.2723567214496418,,estimated,Association detected; scope limited to this model.,sensitivity,EXPLORATORY_SUPPORT,Observational; endpoint-specific complete cases; no causal or clinical utility inference. Proliferation attenuation; BRCA/purity unavailable; correlated genomic endpoints.,outputs/v2/stage4/scanb_leave_one_gene_out.csv,4,0.1093418373547328,0.3482747954062645,,SMC1B,,,,,
E0138,4,SCAN-B,clinically defined TNBC,225,HRDetect_probability,leave_one_out_score,Leave one gene out,0.239557548344171,OLS beta per signature unit,0.239557548344171,0.1293114574084088,0.3498036392799333,conventional 95% CI,2.7513030358460865e-05,0.0001175223199686,,,0.0759789468061528,0.2891308470290771,,estimated,Association detected; scope limited to this model.,sensitivity,EXPLORATORY_SUPPORT,Observational; endpoint-specific complete cases; no causal or clinical utility inference. Proliferation attenuation; BRCA/purity unavailable; correlated genomic endpoints.,outputs/v2/stage4/scanb_leave_one_gene_out.csv,5,0.119148497552637,0.359966599135705,,SYCP2,,,,,
E0139,4,SCAN-B,clinically defined TNBC,225,HRDetect_probability,leave_one_out_score,Leave one gene out,0.1968979542466681,OLS beta per signature unit,0.1968979542466681,0.0893920368007229,0.3044038716926134,conventional 95% CI,0.0003791241632405,0.0010350404914556,,,0.0551923818335792,0.2566613990729035,,estimated,Association detected; scope limited to this model.,sensitivity,EXPLORATORY_SUPPORT,Observational; endpoint-specific complete cases; no causal or clinical utility inference. Proliferation attenuation; BRCA/purity unavailable; correlated genomic endpoints.,outputs/v2/stage4/scanb_leave_one_gene_out.csv,6,0.0801871136860242,0.3136087948073121,,SYCP3,,,,,
E0140,4,SCAN-B,clinically defined TNBC,225,HRDetect_probability,leave_one_out_score,Leave one gene out,0.2144670374548141,OLS beta per signature unit,0.2144670374548141,0.109787375904627,0.3191466990050011,conventional 95% CI,7.430692179474025e-05,0.0001796754470757,,,0.0681199882105746,0.2848714707121787,,estimated,Association detected; scope limited to this model.,sensitivity,EXPLORATORY_SUPPORT,Observational; endpoint-specific complete cases; no causal or clinical utility inference. Proliferation attenuation; BRCA/purity unavailable; correlated genomic endpoints.,outputs/v2/stage4/scanb_leave_one_gene_out.csv,7,0.1035402598360615,0.3253938150735666,,MSH4,,,,,
E0141,4,SCAN-B,clinically defined TNBC,225,HRDetect_probability,leave_one_out_score,Leave one gene out,0.2153949135664832,OLS beta per signature unit,0.2153949135664832,0.1052038236689526,0.3255860034640137,conventional 95% CI,0.0001530727270702,0.0006283311292305,,,0.0623904386249576,0.2787926675094817,,estimated,Association detected; scope limited to this model.,sensitivity,EXPLORATORY_SUPPORT,Observational; endpoint-specific complete cases; no causal or clinical utility inference. Proliferation attenuation; BRCA/purity unavailable; correlated genomic endpoints.,outputs/v2/stage4/scanb_leave_one_gene_out.csv,8,0.0930112372544594,0.3377785898785069,,MSH5,,,,,
E0142,4,SCAN-B,clinically defined TNBC,225,scarHRD_score,leave_one_out_score,Leave one gene out,10.707794590338478,OLS beta per signature unit,10.707794590338478,4.5271084201827545,16.888480760494204,conventional 95% CI,0.0007600841223744,0.0011457107629511,,,0.0496727215380993,0.2425444428822844,,estimated,Association detected; scope limited to this model.,sensitivity,EXPLORATORY_SUPPORT,Observational; endpoint-specific complete cases; no causal or clinical utility inference. Proliferation attenuation; BRCA/purity unavailable; correlated genomic endpoints.,outputs/v2/stage4/scanb_leave_one_gene_out.csv,9,4.303273804410645,17.112315376266313,,HORMAD1,,,,,
E0143,4,SCAN-B,clinically defined TNBC,225,scarHRD_score,leave_one_out_score,Leave one gene out,13.207816281669343,OLS beta per signature unit,13.207816281669343,7.332824724899492,19.082807838439194,conventional 95% CI,1.4749286032373495e-05,0.0001348728189339,,,0.0808965538727288,0.3105503051246811,,estimated,Association detected; scope limited to this model.,sensitivity,EXPLORATORY_SUPPORT,Observational; endpoint-specific complete cases; no causal or clinical utility inference. Proliferation attenuation; BRCA/purity unavailable; correlated genomic endpoints.,outputs/v2/stage4/scanb_leave_one_gene_out.csv,10,6.508314379870326,19.90731818346836,,HORMAD2,,,,,
E0144,4,SCAN-B,clinically defined TNBC,225,scarHRD_score,leave_one_out_score,Leave one gene out,14.72694198559787,OLS beta per signature unit,14.72694198559787,8.695940218384656,20.757943752811084,conventional 95% CI,2.75171560998114e-06,7.187913569063166e-06,,,0.0940715345124576,0.3265686981205604,,estimated,Association detected; scope limited to this model.,sensitivity,EXPLORATORY_SUPPORT,Observational; endpoint-specific complete cases; no causal or clinical utility inference. Proliferation attenuation; BRCA/purity unavailable; correlated genomic endpoints.,outputs/v2/stage4/scanb_leave_one_gene_out.csv,11,8.41329158413692,21.040592387058823,,STAG3,,,,,
E0145,4,SCAN-B,clinically defined TNBC,225,scarHRD_score,leave_one_out_score,Leave one gene out,14.134095901568475,OLS beta per signature unit,14.134095901568475,8.172338982036267,20.095852821100685,conventional 95% CI,5.1565771646316245e-06,1.998451949849661e-05,,,0.0891558217540826,0.3291754736030011,,estimated,Association detected; scope limited to this model.,sensitivity,EXPLORATORY_SUPPORT,Observational; endpoint-specific complete cases; no causal or clinical utility inference. Proliferation attenuation; BRCA/purity unavailable; correlated genomic endpoints.,outputs/v2/stage4/scanb_leave_one_gene_out.csv,12,7.743614883684862,20.524576919452088,,REC8,,,,,
E0146,4,SCAN-B,clinically defined TNBC,225,scarHRD_score,leave_one_out_score,Leave one gene out,13.812793886539977,OLS beta per signature unit,13.812793886539977,7.641651433307302,19.983936339772647,conventional 95% CI,1.601938856638661e-05,3.278192996139515e-05,,,0.0802457099006785,0.2945940785610833,,estimated,Association detected; scope limited to this model.,sensitivity,EXPLORATORY_SUPPORT,Observational; endpoint-specific complete cases; no causal or clinical utility inference. Proliferation attenuation; BRCA/purity unavailable; correlated genomic endpoints.,outputs/v2/stage4/scanb_leave_one_gene_out.csv,13,7.392539682708648,20.2330480903713,,SMC1B,,,,,
E0147,4,SCAN-B,clinically defined TNBC,225,scarHRD_score,leave_one_out_score,Leave one gene out,14.607912589816204,OLS beta per signature unit,14.607912589816204,8.47868152790992,20.737143651722487,conventional 95% CI,4.620970050423311e-06,1.4743311777925874e-05,,,0.0900153328752495,0.309330684016789,,estimated,Association detected; scope limited to this model.,sensitivity,EXPLORATORY_SUPPORT,Observational; endpoint-specific complete cases; no causal or clinical utility inference. Proliferation attenuation; BRCA/purity unavailable; correlated genomic endpoints.,outputs/v2/stage4/scanb_leave_one_gene_out.csv,14,8.110281228988374,21.105543950644037,,SYCP2,,,,,
E0148,4,SCAN-B,clinically defined TNBC,225,scarHRD_score,leave_one_out_score,Leave one gene out,12.701448999851989,OLS beta per signature unit,12.701448999851989,6.736236016804808,18.666661982899164,conventional 95% CI,3.922633151868239e-05,8.795343957302334e-05,,,0.0731762054646953,0.2870782622651052,,estimated,Association detected; scope limited to this model.,sensitivity,EXPLORATORY_SUPPORT,Observational; endpoint-specific complete cases; no causal or clinical utility inference. Proliferation attenuation; BRCA/purity unavailable; correlated genomic endpoints.,outputs/v2/stage4/scanb_leave_one_gene_out.csv,15,6.435789176556542,18.967108823147434,,SYCP3,,,,,
E0149,4,SCAN-B,clinically defined TNBC,225,scarHRD_score,leave_one_out_score,Leave one gene out,14.162331544899985,OLS beta per signature unit,14.162331544899985,8.381918444523013,19.94274464527696,conventional 95% CI,2.557543834781149e-06,8.00147355701611e-06,,,0.0946432384522705,0.3219278159005077,,estimated,Association detected; scope limited to this model.,sensitivity,EXPLORATORY_SUPPORT,Observational; endpoint-specific complete cases; no causal or clinical utility inference. Proliferation attenuation; BRCA/purity unavailable; correlated genomic endpoints.,outputs/v2/stage4/scanb_leave_one_gene_out.csv,16,8.058168963856003,20.266494125943964,,MSH4,,,,,
E0150,4,SCAN-B,clinically defined TNBC,225,scarHRD_score,leave_one_out_score,Leave one gene out,12.93415787034221,OLS beta per signature unit,12.93415787034221,6.79157089896123,19.07674484172319,conventional 95% CI,4.740304384147788e-05,0.0001158001154631,,,0.0716786944080185,0.2897703848833898,,estimated,Association detected; scope limited to this model.,sensitivity,EXPLORATORY_SUPPORT,Observational; endpoint-specific complete cases; no causal or clinical utility inference. Proliferation attenuation; BRCA/purity unavailable; correlated genomic endpoints.,outputs/v2/stage4/scanb_leave_one_gene_out.csv,17,6.43934816653927,19.428967574145148,,MSH5,,,,,
E0151,4,SCAN-B,clinically defined TNBC,225,HRDetect_probability,BRCA1_comparison_z,Exploratory canonical gene,-0.1245124869954637,OLS beta per signature unit,-0.1245124869954637,-0.1823694117583023,-0.0666555622326251,conventional 95% CI,3.26131775137344e-05,2.764035550209686e-06,,0.0001059928269196,0.0746355943146757,-0.3964148756847872,,estimated,Association detected; scope limited to this model.,secondary/exploratory,CONTEXT_ONLY,Observational; endpoint-specific complete cases; no causal or clinical utility inference. Proliferation attenuation; BRCA/purity unavailable; correlated genomic endpoints.,outputs/v2/stage4/scanb_canonical_results.csv,0,-0.1755134935567217,-0.0735114804342057,,,,,,,
E0152,4,SCAN-B,clinically defined TNBC,225,HRDetect_probability,BRCA2_comparison_z,Exploratory canonical gene,0.1043008680709434,OLS beta per signature unit,0.1043008680709434,0.0457520705635053,0.1628496655783816,conventional 95% CI,0.0005409115929494,0.0001787296101185,,0.0011719751180571,0.0523716221468744,0.2797545301306363,,estimated,Association detected; scope limited to this model.,secondary/exploratory,CONTEXT_ONLY,Observational; endpoint-specific complete cases; no causal or clinical utility inference. Proliferation attenuation; BRCA/purity unavailable; correlated genomic endpoints.,outputs/v2/stage4/scanb_canonical_results.csv,1,0.0503739828608975,0.1582277532809894,,,,,,,
E0153,4,SCAN-B,clinically defined TNBC,225,HRDetect_probability,PALB2_comparison_z,Exploratory canonical gene,0.0534935948272455,OLS beta per signature unit,0.0534935948272455,-0.0062356096073719,0.1132227992618631,conventional 95% CI,0.0789449799248957,0.0916143531392018,,0.1140316376692937,0.0137760194657809,0.1588922668806068,,estimated,No statistical support at the recorded threshold; not proof of no effect.,secondary/exploratory,CONTEXT_ONLY,Observational; endpoint-specific complete cases; no causal or clinical utility inference. Proliferation attenuation; BRCA/purity unavailable; correlated genomic endpoints.,outputs/v2/stage4/scanb_canonical_results.csv,2,-0.0087273234334566,0.1157145130879477,,,,,,,
E0154,4,SCAN-B,clinically defined TNBC,225,HRDetect_probability,RAD51_comparison_z,Exploratory canonical gene,0.1137604536473811,OLS beta per signature unit,0.1137604536473811,0.0555192397085855,0.1720016675861767,conventional 95% CI,0.0001547864057887,0.0001422646612899,,0.0004024446550506,0.0623021179097941,0.3048398651495996,,estimated,Association detected; scope limited to this model.,secondary/exploratory,CONTEXT_ONLY,Observational; endpoint-specific complete cases; no causal or clinical utility inference. Proliferation attenuation; BRCA/purity unavailable; correlated genomic endpoints.,outputs/v2/stage4/scanb_canonical_results.csv,3,0.0558502019131404,0.1716707053816217,,,,,,,
E0155,4,SCAN-B,clinically defined TNBC,225,HRDetect_probability,RAD51B_comparison_z,Exploratory canonical gene,0.0094115947959358,OLS beta per signature unit,0.0094115947959358,-0.0507204999905847,0.0695436895824564,conventional 95% CI,0.7580367420382619,0.7573778508982618,,0.7580367420382619,0.0004264288918144,0.0122271386430678,,estimated,No statistical support at the recorded threshold; not proof of no effect.,secondary/exploratory,CONTEXT_ONLY,Observational; endpoint-specific complete cases; no causal or clinical utility inference. Proliferation attenuation; BRCA/purity unavailable; correlated genomic endpoints.,outputs/v2/stage4/scanb_canonical_results.csv,4,-0.0505518898441294,0.0693750794360011,,,,,,,
E0156,4,SCAN-B,clinically defined TNBC,225,HRDetect_probability,RAD51C_comparison_z,Exploratory canonical gene,0.0377748630301934,OLS beta per signature unit,0.0377748630301934,-0.022163117716838,0.0977128437772249,conventional 95% CI,0.2155510065029816,0.2273510777788836,,0.2802163084538761,0.0068695134229718,0.2247608512431521,,estimated,No statistical support at the recorded threshold; not proof of no effect.,secondary/exploratory,CONTEXT_ONLY,Observational; endpoint-specific complete cases; no causal or clinical utility inference. Proliferation attenuation; BRCA/purity unavailable; correlated genomic endpoints.,outputs/v2/stage4/scanb_canonical_results.csv,5,-0.0237192035805376,0.0992689296409245,,,,,,,
E0157,4,SCAN-B,clinically defined TNBC,225,HRDetect_probability,RAD51D_comparison_z,Exploratory canonical gene,0.0263477616197184,OLS beta per signature unit,0.0263477616197184,-0.033696571753846,0.0863920949932829,conventional 95% CI,0.3881133518290071,0.3994641858962062,,0.420456131148091,0.0033420091219856,0.0620722713864306,,estimated,No statistical support at the recorded threshold; not proof of no effect.,secondary/exploratory,CONTEXT_ONLY,Observational; endpoint-specific complete cases; no causal or clinical utility inference. Proliferation attenuation; BRCA/purity unavailable; correlated genomic endpoints.,outputs/v2/stage4/scanb_canonical_results.csv,6,-0.0351573947871452,0.0878529180265821,,,,,,,
E0158,4,SCAN-B,clinically defined TNBC,225,HRDetect_probability,BRIP1_comparison_z,Exploratory canonical gene,0.1516046796076759,OLS beta per signature unit,0.1516046796076759,0.0948847503587816,0.2083246088565703,conventional 95% CI,3.2559943241161546e-07,1.135125445645525e-07,,4.232792621351001e-06,0.1106484650918334,0.3765002107037505,,estimated,Association detected; scope limited to this model.,secondary/exploratory,CONTEXT_ONLY,Observational; endpoint-specific complete cases; no causal or clinical utility inference. Proliferation attenuation; BRCA/purity unavailable; correlated genomic endpoints.,outputs/v2/stage4/scanb_canonical_results.csv,7,0.0971045361099184,0.2061048231054335,,,,,,,
E0159,4,SCAN-B,clinically defined TNBC,225,HRDetect_probability,ATM_comparison_z,Exploratory canonical gene,0.0283245692236277,OLS beta per signature unit,0.0283245692236277,-0.0317040892512568,0.0883532276985123,conventional 95% CI,0.3534506180662051,0.3520277189460484,,0.4177143668055151,0.0038623071410353,-0.0241761483354403,,estimated,No statistical support at the recorded threshold; not proof of no effect.,secondary/exploratory,CONTEXT_ONLY,Observational; endpoint-specific complete cases; no causal or clinical utility inference. Proliferation attenuation; BRCA/purity unavailable; correlated genomic endpoints.,outputs/v2/stage4/scanb_canonical_results.csv,8,-0.0315266028343911,0.0881757412816465,,,,,,,
E0160,4,SCAN-B,clinically defined TNBC,225,HRDetect_probability,CHEK2_comparison_z,Exploratory canonical gene,0.1246782751802355,OLS beta per signature unit,0.1246782751802355,0.0668275682867462,0.1825289820737248,conventional 95% CI,3.180252180659488e-05,1.8338276691728197e-05,,0.0001059928269196,0.0748344809931226,0.3357964601769912,,estimated,Association detected; scope limited to this model.,secondary/exploratory,CONTEXT_ONLY,Observational; endpoint-specific complete cases; no causal or clinical utility inference. Proliferation attenuation; BRCA/purity unavailable; correlated genomic endpoints.,outputs/v2/stage4/scanb_canonical_results.csv,9,0.0685696980631059,0.1807868522973652,,,,,,,
E0161,4,SCAN-B,clinically defined TNBC,225,HRDetect_probability,STAG2_comparison_z,Exploratory canonical gene,0.0669110960249288,OLS beta per signature unit,0.0669110960249288,0.0074178715736854,0.1264043204761721,conventional 95% CI,0.0276764889918565,0.0278862760562758,,0.0449742946117668,0.0215534336817577,0.1134629161399073,,estimated,Association detected; scope limited to this model.,secondary/exploratory,CONTEXT_ONLY,Observational; endpoint-specific complete cases; no causal or clinical utility inference. Proliferation attenuation; BRCA/purity unavailable; correlated genomic endpoints.,outputs/v2/stage4/scanb_canonical_results.csv,10,0.0073369321457375,0.1264852599041201,,,,,,,
E0162,4,SCAN-B,clinically defined TNBC,225,HRDetect_probability,RAD21_comparison_z,Exploratory canonical gene,0.1452272764359505,OLS beta per signature unit,0.1452272764359505,0.0882174802918642,0.2022370725800368,conventional 95% CI,1.056069743350492e-06,1.7637946597722151e-06,,6.864453331778198e-06,0.1015351852303637,0.3983164770332912,,estimated,Association detected; scope limited to this model.,secondary/exploratory,CONTEXT_ONLY,Observational; endpoint-specific complete cases; no causal or clinical utility inference. Proliferation attenuation; BRCA/purity unavailable; correlated genomic endpoints.,outputs/v2/stage4/scanb_canonical_results.csv,11,0.0869333787925178,0.2035211740793832,,,,,,,
E0163,4,SCAN-B,clinically defined TNBC,225,HRDetect_probability,SMC1A_comparison_z,Exploratory canonical gene,0.0938747372125547,OLS beta per signature unit,0.0938747372125547,0.0350194553859033,0.1527300190392062,conventional 95% CI,0.0018979986214372,0.0008832469432115,,0.0035248545826692,0.0424245894688404,0.2208638853771597,,estimated,Association detected; scope limited to this model.,secondary/exploratory,CONTEXT_ONLY,Observational; endpoint-specific complete cases; no causal or clinical utility inference. Proliferation attenuation; BRCA/purity unavailable; correlated genomic endpoints.,outputs/v2/stage4/scanb_canonical_results.csv,12,0.0389931117744167,0.1487563626506928,,,,,,,
E0164,4,SCAN-B,clinically defined TNBC,225,scarHRD_score,BRCA1_comparison_z,Exploratory canonical gene,-7.234443353942285,OLS beta per signature unit,-7.234443353942285,-10.465867063960236,-4.003019643924334,conventional 95% CI,1.5953696445267692e-05,7.935414926144464e-06,,3.456634229808e-05,0.0802780916656054,-0.2958542659002098,,estimated,Association detected; scope limited to this model.,secondary/exploratory,CONTEXT_ONLY,Observational; endpoint-specific complete cases; no causal or clinical utility inference. Proliferation attenuation; BRCA/purity unavailable; correlated genomic endpoints.,outputs/v2/stage4/scanb_canonical_results.csv,13,-10.35129438332706,-4.11759232455751,,,,,,,
E0165,4,SCAN-B,clinically defined TNBC,225,scarHRD_score,BRCA2_comparison_z,Exploratory canonical gene,8.652450045132118,OLS beta per signature unit,8.652450045132118,5.482310646735501,11.822589443528736,conventional 95% CI,1.891543154974195e-07,9.656079838932872e-08,,4.918012202932907e-07,0.1148325477185417,0.3413885433754224,,estimated,Association detected; scope limited to this model.,secondary/exploratory,CONTEXT_ONLY,Observational; endpoint-specific complete cases; no causal or clinical utility inference. Proliferation attenuation; BRCA/purity unavailable; correlated genomic endpoints.,outputs/v2/stage4/scanb_canonical_results.csv,14,5.560271205284669,11.744628884979567,,,,,,,
E0166,4,SCAN-B,clinically defined TNBC,225,scarHRD_score,PALB2_comparison_z,Exploratory canonical gene,6.281700358234787,OLS beta per signature unit,6.281700358234787,3.01576151561085,9.547639200858724,conventional 95% CI,0.0001936218354836,0.0003262520327538,,0.0003595834087554,0.060525896655165,0.2604057703969843,,estimated,Association detected; scope limited to this model.,secondary/exploratory,CONTEXT_ONLY,Observational; endpoint-specific complete cases; no causal or clinical utility inference. Proliferation attenuation; BRCA/purity unavailable; correlated genomic endpoints.,outputs/v2/stage4/scanb_canonical_results.csv,15,2.8904996813614168,9.672901035108156,,,,,,,
E0167,4,SCAN-B,clinically defined TNBC,225,scarHRD_score,RAD51_comparison_z,Exploratory canonical gene,9.428397391780203,OLS beta per signature unit,9.428397391780203,6.297030577531665,12.559764206028742,conventional 95% CI,1.1220934572309293e-08,4.085958529431283e-09,,3.6468037360005203e-08,0.136352328022803,0.3501629665080114,,estimated,Association detected; scope limited to this model.,secondary/exploratory,CONTEXT_ONLY,Observational; endpoint-specific complete cases; no causal or clinical utility inference. Proliferation attenuation; BRCA/purity unavailable; correlated genomic endpoints.,outputs/v2/stage4/scanb_canonical_results.csv,16,6.394167950083394,12.462626833477014,,,,,,,
E0168,4,SCAN-B,clinically defined TNBC,225,scarHRD_score,RAD51B_comparison_z,Exploratory canonical gene,2.079135381688353,OLS beta per signature unit,2.079135381688353,-1.2791765452954618,5.437447308672168,conventional 95% CI,0.2237392881552724,0.2193936479694258,,0.2237392881552724,0.006630592489519,0.0819227137266638,,estimated,No statistical support at the recorded threshold; not proof of no effect.,secondary/exploratory,CONTEXT_ONLY,Observational; endpoint-specific complete cases; no causal or clinical utility inference. Proliferation attenuation; BRCA/purity unavailable; correlated genomic endpoints.,outputs/v2/stage4/scanb_canonical_results.csv,17,-1.247633296772832,5.405904060149538,,,,,,,
E0169,4,SCAN-B,clinically defined TNBC,225,scarHRD_score,RAD51C_comparison_z,Exploratory canonical gene,6.150818135017021,OLS beta per signature unit,6.150818135017021,2.880543867613317,9.421092402420724,conventional 95% CI,0.0002651734185256,0.0014158344806536,,0.0004309068051041,0.0580300001288899,0.2907445012671878,,estimated,Association detected; scope limited to this model.,secondary/exploratory,CONTEXT_ONLY,Observational; endpoint-specific complete cases; no causal or clinical utility inference. Proliferation attenuation; BRCA/purity unavailable; correlated genomic endpoints.,outputs/v2/stage4/scanb_canonical_results.csv,18,2.4003219916153995,9.901314278418642,,,,,,,
E0170,4,SCAN-B,clinically defined TNBC,225,scarHRD_score,RAD51D_comparison_z,Exploratory canonical gene,3.079089650706418,OLS beta per signature unit,3.079089650706418,-0.2658219675989972,6.424001269011833,conventional 95% CI,0.0710140596045054,0.0829885352295523,,0.0769318979048808,0.0145422453368736,0.1231611853644024,,estimated,No statistical support at the recorded threshold; not proof of no effect.,secondary/exploratory,CONTEXT_ONLY,Observational; endpoint-specific complete cases; no causal or clinical utility inference. Proliferation attenuation; BRCA/purity unavailable; correlated genomic endpoints.,outputs/v2/stage4/scanb_canonical_results.csv,19,-0.4053233871694828,6.563502688582318,,,,,,,
E0171,4,SCAN-B,clinically defined TNBC,225,scarHRD_score,BRIP1_comparison_z,Exploratory canonical gene,11.574150839804032,OLS beta per signature unit,11.574150839804032,8.570713070682134,14.57758860892593,conventional 95% CI,8.424935190839458e-13,3.570894642813358e-15,,5.476207874045648e-12,0.2054778794847498,0.4429374105069699,,estimated,Association detected; scope limited to this model.,secondary/exploratory,CONTEXT_ONLY,Observational; endpoint-specific complete cases; no causal or clinical utility inference. Proliferation attenuation; BRCA/purity unavailable; correlated genomic endpoints.,outputs/v2/stage4/scanb_canonical_results.csv,20,8.877762927230721,14.270538752377345,,,,,,,
E0172,4,SCAN-B,clinically defined TNBC,225,scarHRD_score,ATM_comparison_z,Exploratory canonical gene,-3.852340190798718,OLS beta per signature unit,-3.852340190798718,-7.183270265672542,-0.5214101159248945,conventional 95% CI,0.0236051124098969,0.0146378990831596,,0.0296055422847622,0.0227633440507316,-0.1428784810810205,,estimated,Association detected; scope limited to this model.,secondary/exploratory,CONTEXT_ONLY,Observational; endpoint-specific complete cases; no causal or clinical utility inference. Proliferation attenuation; BRCA/purity unavailable; correlated genomic endpoints.,outputs/v2/stage4/scanb_canonical_results.csv,21,-6.937868742412883,-0.7668116391845525,,,,,,,
E0173,4,SCAN-B,clinically defined TNBC,225,scarHRD_score,CHEK2_comparison_z,Exploratory canonical gene,9.802292867286177,OLS beta per signature unit,9.802292867286177,6.690984273968395,12.913601460603958,conventional 95% CI,2.5805884164149153e-09,3.5327101956659076e-10,,1.1182549804464632e-08,0.1473812199718701,0.3661471152827187,,estimated,Association detected; scope limited to this model.,secondary/exploratory,CONTEXT_ONLY,Observational; endpoint-specific complete cases; no causal or clinical utility inference. Proliferation attenuation; BRCA/purity unavailable; correlated genomic endpoints.,outputs/v2/stage4/scanb_canonical_results.csv,22,6.861458389639692,12.74312734493266,,,,,,,
E0174,4,SCAN-B,clinically defined TNBC,225,scarHRD_score,STAG2_comparison_z,Exploratory canonical gene,3.8138423202095098,OLS beta per signature unit,3.8138423202095098,0.4821408302163261,7.145543810202693,conventional 95% CI,0.0250508434717219,0.0141691353308323,,0.0296055422847622,0.022310652215196,0.1326557908099454,,estimated,Association detected; scope limited to this model.,secondary/exploratory,CONTEXT_ONLY,Observational; endpoint-specific complete cases; no causal or clinical utility inference. Proliferation attenuation; BRCA/purity unavailable; correlated genomic endpoints.,outputs/v2/stage4/scanb_canonical_results.csv,23,0.7739539469299834,6.853730693489036,,,,,,,
E0175,4,SCAN-B,clinically defined TNBC,225,scarHRD_score,RAD21_comparison_z,Exploratory canonical gene,11.970817635095283,OLS beta per signature unit,11.970817635095283,8.994579584054815,14.947055686135752,conventional 95% CI,1.0725867238601165e-13,5.568871572320391e-13,,1.3943627410181517e-12,0.2198034115136277,0.4705171794046603,,estimated,Association detected; scope limited to this model.,secondary/exploratory,CONTEXT_ONLY,Observational; endpoint-specific complete cases; no causal or clinical utility inference. Proliferation attenuation; BRCA/purity unavailable; correlated genomic endpoints.,outputs/v2/stage4/scanb_canonical_results.csv,24,8.89174385246503,15.049891417725537,,,,,,,
E0176,4,SCAN-B,clinically defined TNBC,225,scarHRD_score,SMC1A_comparison_z,Exploratory canonical gene,5.630083455330458,OLS beta per signature unit,5.630083455330458,2.3435155380116823,8.916651372649234,conventional 95% CI,0.0008679668269742,0.000627275347239,,0.001253729861185,0.0486201690113557,0.2306559029597385,,estimated,Association detected; scope limited to this model.,secondary/exploratory,CONTEXT_ONLY,Observational; endpoint-specific complete cases; no causal or clinical utility inference. Proliferation attenuation; BRCA/purity unavailable; correlated genomic endpoints.,outputs/v2/stage4/scanb_canonical_results.csv,25,2.431606482912921,8.828560427747995,,,,,,,
E0177,4,SCAN-B,clinically defined TNBC,225,HRDetect_probability,candidate_mean_z,summary,0.2188371795401042,observed absolute t,3.896730466918545,,,conventional 95% CI,0.0001999800019998,,,,,,,estimated,Association detected; scope limited to this model.,sensitivity,EXPLORATORY_SUPPORT,Observational; endpoint-specific complete cases; no causal or clinical utility inference. Proliferation attenuation; BRCA/purity unavailable; correlated genomic endpoints.,outputs/v2/stage4/scanb_permutation_results.csv,0,,,,,,20260919.0,10000.0,,
E0178,4,SCAN-B,clinically defined TNBC,225,scarHRD_score,candidate_mean_z,summary,13.993421847893854,observed absolute t,4.494281195507747,,,conventional 95% CI,9.999000099990002e-05,,,,,,,estimated,Association detected; scope limited to this model.,sensitivity,EXPLORATORY_SUPPORT,Observational; endpoint-specific complete cases; no causal or clinical utility inference. Proliferation attenuation; BRCA/purity unavailable; correlated genomic endpoints.,outputs/v2/stage4/scanb_permutation_results.csv,1,,,,,,20260920.0,10000.0,,
E0179,4,SCAN-B,clinically defined TNBC,225,HRDetect_probability,candidate_mean_z,summary,,OLS beta; bootstrap uncertainty,0.2207959216158562,0.104144534726213,0.3358256105215987,percentile bootstrap 95% CI,,,,,,,,estimated,No statistical support at the recorded threshold; not proof of no effect.,sensitivity,NO_SUPPORT_AT_THRESHOLD,Observational; endpoint-specific complete cases; no causal or clinical utility inference. Proliferation attenuation; BRCA/purity unavailable; correlated genomic endpoints.,outputs/v2/stage4/scanb_bootstrap_results.csv,0,,,,,,20260929.0,2000.0,,
E0180,4,SCAN-B,clinically defined TNBC,225,scarHRD_score,candidate_mean_z,summary,,OLS beta; bootstrap uncertainty,13.958040782156376,7.616656307532149,20.621549356202664,percentile bootstrap 95% CI,,,,,,,,estimated,No statistical support at the recorded threshold; not proof of no effect.,sensitivity,NO_SUPPORT_AT_THRESHOLD,Observational; endpoint-specific complete cases; no causal or clinical utility inference. Proliferation attenuation; BRCA/purity unavailable; correlated genomic endpoints.,outputs/v2/stage4/scanb_bootstrap_results.csv,1,,,,,,20260930.0,2000.0,,
E0181,4,SCAN-B,clinically defined TNBC,225,HRDetect_probability,candidate_mean_z,summary,0.2188371795401042,observed absolute t,3.896730466918545,,,conventional 95% CI,0.0381923615276944,,,,,,,estimated,Association detected; scope limited to this model.,sensitivity,EXPLORATORY_SUPPORT,Observational; endpoint-specific complete cases; no causal or clinical utility inference. Proliferation attenuation; BRCA/purity unavailable; correlated genomic endpoints.,outputs/v2/stage4/scanb_null_signature_summary.csv,0,,,,,,20260909.0,5000.0,96.2,
E0182,4,SCAN-B,clinically defined TNBC,225,scarHRD_score,candidate_mean_z,summary,13.993421847893854,observed absolute t,4.494281195507747,,,conventional 95% CI,0.055988802239552,,,,,,,estimated,No statistical support at the recorded threshold; not proof of no effect.,sensitivity,NO_SUPPORT_AT_THRESHOLD,Observational; endpoint-specific complete cases; no causal or clinical utility inference. Proliferation attenuation; BRCA/purity unavailable; correlated genomic endpoints.,outputs/v2/stage4/scanb_null_signature_summary.csv,1,,,,,,20260909.0,5000.0,94.42,
E0183,3,METABRIC,clinically defined TNBC,258,altered_gene_fraction,candidate_mean_z,METABRIC independent CNA proxy,0.1165486420407431,OLS beta per signature unit,0.1165486420407431,0.0500094082768615,0.1830878758046247,conventional 95% CI,0.0006570021754762,0.0003888463572243,,0.0019710065264287,0.0444121447154746,0.223306778058725,,estimated,Association detected; scope limited to this model.,external/contextual,EXPLORATORY_SUPPORT,"Observational; endpoint-specific complete cases; no causal or clinical utility inference. CNA is a gene-weighted DNA proxy, not direct HRD; survival endpoints are secondary.",outputs/v2/stage3/metabric_results.csv,0,0.0527085089654792,0.180388775116007,,,,,,,
E0184,3,METABRIC,clinically defined TNBC,258,OS,composite,Cox PH,-0.0173778265967159,hazard ratio per predictor SD,0.9827722969669486,0.826436990510949,1.16868121680826,conventional 95% CI,0.8441486012883581,,,0.844148601288358,,,136.0,estimated,No statistical support at the recorded threshold; not proof of no effect.,external/contextual,CONTEXT_ONLY,"Observational; endpoint-specific complete cases; no causal or clinical utility inference. CNA is a gene-weighted DNA proxy, not direct HRD; survival endpoints are secondary.",outputs/v2/stage3/metabric_results.csv,1,,,,,,,,,
E0185,3,METABRIC,clinically defined TNBC,258,RFS,composite,Cox PH,-0.1172531554689398,hazard ratio per predictor SD,0.8893600183099994,0.7259057582065763,1.08961973813586,conventional 95% CI,0.2577934164649504,,,0.3866901246974257,,,106.0,estimated,No statistical support at the recorded threshold; not proof of no effect.,external/contextual,CONTEXT_ONLY,"Observational; endpoint-specific complete cases; no causal or clinical utility inference. CNA is a gene-weighted DNA proxy, not direct HRD; survival endpoints are secondary.",outputs/v2/stage3/metabric_results.csv,2,,,,,,,,,
E0186,3,METABRIC,clinically defined TNBC,258,altered_gene_fraction_adjusted,candidate_mean_z,CNA proxy adjusted for age/proliferation,0.041968029727289,OLS beta per signature unit,0.041968029727289,-0.0206404912578936,0.1045765507124717,conventional 95% CI,0.1879893641571755,0.1716794025711144,,,0.2343836454658894,0.223306778058725,,estimated,No statistical support at the recorded threshold; not proof of no effect.,external/contextual,NO_SUPPORT_AT_THRESHOLD,"Observational; endpoint-specific complete cases; no causal or clinical utility inference. CNA is a gene-weighted DNA proxy, not direct HRD; survival endpoints are secondary.",outputs/v2/stage3/metabric_results.csv,3,-0.0183294868389749,0.102265546293553,,,,,,,
E0187,3,METABRIC,clinically defined TNBC,0,HRD_scar,composite,summary,,OLS beta per signature unit,,,,conventional 95% CI,,,,,,,,unavailable,Not estimable: No independent HRD scar table local,external/contextual,UNAVAILABLE,"Observational; endpoint-specific complete cases; no causal or clinical utility inference. CNA is a gene-weighted DNA proxy, not direct HRD; survival endpoints are secondary.",outputs/v2/stage3/metabric_results.csv,4,,,,,,,,,
E0188,3,METABRIC,clinically defined TNBC,258,altered_gene_fraction,HORMAD1_z,Exploratory individual gene CNA,0.0503937832313695,OLS beta per signature unit,0.0503937832313695,0.022185467887611,0.0786020985751281,conventional 95% CI,0.000514181010471,0.0001681576528112,,0.0023138145471196,0.046117604527343,0.1627940127301305,,estimated,Association detected; scope limited to this model.,external/contextual,EXPLORATORY_SUPPORT,"Observational; endpoint-specific complete cases; no causal or clinical utility inference. CNA is a gene-weighted DNA proxy, not direct HRD; survival endpoints are secondary.",outputs/v2/stage3/metabric_results.csv,5,0.0244083816645924,0.0763791847981466,,,,,,,
E0189,3,METABRIC,clinically defined TNBC,258,altered_gene_fraction,HORMAD2_z,Exploratory individual gene CNA,-0.0038620359244679,OLS beta per signature unit,-0.0038620359244679,-0.0327402883746236,0.0250162165256878,conventional 95% CI,0.7924841694891637,0.7970483113391764,,0.8915446906753092,0.0002708603480661,-0.022399346797085,,estimated,No statistical support at the recorded threshold; not proof of no effect.,external/contextual,NO_SUPPORT_AT_THRESHOLD,"Observational; endpoint-specific complete cases; no causal or clinical utility inference. CNA is a gene-weighted DNA proxy, not direct HRD; survival endpoints are secondary.",outputs/v2/stage3/metabric_results.csv,6,-0.0334048322440341,0.0256807603950983,,,,,,,
E0190,3,METABRIC,clinically defined TNBC,258,altered_gene_fraction,STAG3_z,Exploratory individual gene CNA,0.0164742071473372,OLS beta per signature unit,0.0164742071473372,-0.0123366951343037,0.0452851094289782,conventional 95% CI,0.2612031165574939,0.2816602844655856,,0.4701656098034891,0.0049285805492873,0.0692172401288058,,estimated,No statistical support at the recorded threshold; not proof of no effect.,external/contextual,NO_SUPPORT_AT_THRESHOLD,"Observational; endpoint-specific complete cases; no causal or clinical utility inference. CNA is a gene-weighted DNA proxy, not direct HRD; survival endpoints are secondary.",outputs/v2/stage3/metabric_results.csv,7,-0.0135962996924379,0.0465447139871124,,,,,,,
E0191,3,METABRIC,clinically defined TNBC,258,altered_gene_fraction,REC8_z,Exploratory individual gene CNA,-0.0012237324347442,OLS beta per signature unit,-0.0012237324347442,-0.0301055039414254,0.0276580390719369,conventional 95% CI,0.9335677359551926,0.93392295691413,,0.9335677359551924,2.719479290136384e-05,0.0200543043148402,,estimated,No statistical support at the recorded threshold; not proof of no effect.,external/contextual,NO_SUPPORT_AT_THRESHOLD,"Observational; endpoint-specific complete cases; no causal or clinical utility inference. CNA is a gene-weighted DNA proxy, not direct HRD; survival endpoints are secondary.",outputs/v2/stage3/metabric_results.csv,8,-0.0302611295671433,0.0278136646976549,,,,,,,
E0192,3,METABRIC,clinically defined TNBC,258,altered_gene_fraction,SMC1B_z,Exploratory individual gene CNA,0.0558344229572435,OLS beta per signature unit,0.0558344229572435,0.0277817237168838,0.0838871221976032,conventional 95% CI,0.0001139413650773,4.963683764575071e-05,,0.0010254722856963,0.0566130923690949,0.2556329376071281,,estimated,Association detected; scope limited to this model.,external/contextual,EXPLORATORY_SUPPORT,"Observational; endpoint-specific complete cases; no causal or clinical utility inference. CNA is a gene-weighted DNA proxy, not direct HRD; survival endpoints are secondary.",outputs/v2/stage3/metabric_results.csv,9,0.0291957215559613,0.0824731243585257,,,,,,,
E0193,3,METABRIC,clinically defined TNBC,258,altered_gene_fraction,SYCP2_z,Exploratory individual gene CNA,0.03661290073538,OLS beta per signature unit,0.03661290073538,0.0080844473173318,0.0651413541534281,conventional 95% CI,0.012096088959694,0.0093047297611171,,0.0272162001593117,0.0243433918581916,0.1750695093226257,,estimated,Association detected; scope limited to this model.,external/contextual,EXPLORATORY_SUPPORT,"Observational; endpoint-specific complete cases; no causal or clinical utility inference. CNA is a gene-weighted DNA proxy, not direct HRD; survival endpoints are secondary.",outputs/v2/stage3/metabric_results.csv,10,0.0090988354471108,0.0641269660236491,,,,,,,
E0194,3,METABRIC,clinically defined TNBC,258,altered_gene_fraction,SYCP3_z,Exploratory individual gene CNA,-0.0061930744386297,OLS beta per signature unit,-0.0061930744386297,-0.0350651786050633,0.0226790297278038,conventional 95% CI,0.6730804814967658,0.6879258675378216,,0.8653891904958417,0.0006965068852268,-0.0108765775203813,,estimated,No statistical support at the recorded threshold; not proof of no effect.,external/contextual,NO_SUPPORT_AT_THRESHOLD,"Observational; endpoint-specific complete cases; no causal or clinical utility inference. CNA is a gene-weighted DNA proxy, not direct HRD; survival endpoints are secondary.",outputs/v2/stage3/metabric_results.csv,11,-0.0365214287357221,0.0241352798584627,,,,,,,
E0195,3,METABRIC,clinically defined TNBC,258,altered_gene_fraction,MSH4_z,Exploratory individual gene CNA,-0.007099969339554,OLS beta per signature unit,-0.007099969339554,-0.0359689107256407,0.0217689720465326,conventional 95% CI,0.6285733979374042,0.6689680760262207,,0.8653891904958417,0.0009154313057301,-0.0136768656198917,,estimated,No statistical support at the recorded threshold; not proof of no effect.,external/contextual,NO_SUPPORT_AT_THRESHOLD,"Observational; endpoint-specific complete cases; no causal or clinical utility inference. CNA is a gene-weighted DNA proxy, not direct HRD; survival endpoints are secondary.",outputs/v2/stage3/metabric_results.csv,12,-0.0397631882933058,0.0255632496141977,,,,,,,
E0196,3,METABRIC,clinically defined TNBC,258,altered_gene_fraction,MSH5_z,Exploratory individual gene CNA,0.0479166442284848,OLS beta per signature unit,0.0479166442284848,0.0196430139355219,0.0761902745214477,conventional 95% CI,0.000971204510581,0.0020778961825331,,0.002913613531743,0.0416951561152834,0.2373008791122557,,estimated,Association detected; scope limited to this model.,external/contextual,EXPLORATORY_SUPPORT,"Observational; endpoint-specific complete cases; no causal or clinical utility inference. CNA is a gene-weighted DNA proxy, not direct HRD; survival endpoints are secondary.",outputs/v2/stage3/metabric_results.csv,13,0.017582051593506,0.0782512368634636,,,,,,,
E0197,3,METABRIC,clinically defined TNBC,258,OS,HORMAD1,Cox PH,-0.0185042819686485,hazard ratio per predictor SD,0.9816658711203085,0.8273744486102806,1.1647300495453323,conventional 95% CI,0.8320291184594816,,,0.8612362075627042,,,136.0,estimated,No statistical support at the recorded threshold; not proof of no effect.,external/contextual,CONTEXT_ONLY,"Observational; endpoint-specific complete cases; no causal or clinical utility inference. CNA is a gene-weighted DNA proxy, not direct HRD; survival endpoints are secondary.",outputs/v2/stage3/metabric_results.csv,14,,,,,,,,,
E0198,3,METABRIC,clinically defined TNBC,258,OS,HORMAD2,Cox PH,0.0149677744997312,hazard ratio per predictor SD,1.0150803526164656,0.858250457939625,1.2005681007634863,conventional 95% CI,0.8612362075627042,,,0.8612362075627042,,,136.0,estimated,No statistical support at the recorded threshold; not proof of no effect.,external/contextual,CONTEXT_ONLY,"Observational; endpoint-specific complete cases; no causal or clinical utility inference. CNA is a gene-weighted DNA proxy, not direct HRD; survival endpoints are secondary.",outputs/v2/stage3/metabric_results.csv,15,,,,,,,,,
E0199,3,METABRIC,clinically defined TNBC,258,OS,STAG3,Cox PH,-0.0764255888207387,hazard ratio per predictor SD,0.926421847866269,0.776571614273685,1.1051877565814288,conventional 95% CI,0.3959029228934795,,,0.5090180437201879,,,136.0,estimated,No statistical support at the recorded threshold; not proof of no effect.,external/contextual,CONTEXT_ONLY,"Observational; endpoint-specific complete cases; no causal or clinical utility inference. CNA is a gene-weighted DNA proxy, not direct HRD; survival endpoints are secondary.",outputs/v2/stage3/metabric_results.csv,16,,,,,,,,,
E0200,3,METABRIC,clinically defined TNBC,258,OS,REC8,Cox PH,-0.1373358358340121,hazard ratio per predictor SD,0.8716774364513679,0.7315690172436721,1.0386190985523187,conventional 95% CI,0.1245058091307102,,,0.4901850100539865,,,136.0,estimated,No statistical support at the recorded threshold; not proof of no effect.,external/contextual,CONTEXT_ONLY,"Observational; endpoint-specific complete cases; no causal or clinical utility inference. CNA is a gene-weighted DNA proxy, not direct HRD; survival endpoints are secondary.",outputs/v2/stage3/metabric_results.csv,17,,,,,,,,,
E0201,3,METABRIC,clinically defined TNBC,258,OS,SMC1B,Cox PH,0.1176870880028079,hazard ratio per predictor SD,1.12489206406791,0.9532414373006042,1.3274518986357553,conventional 95% CI,0.1635875366188164,,,0.4901850100539865,,,136.0,estimated,No statistical support at the recorded threshold; not proof of no effect.,external/contextual,CONTEXT_ONLY,"Observational; endpoint-specific complete cases; no causal or clinical utility inference. CNA is a gene-weighted DNA proxy, not direct HRD; survival endpoints are secondary.",outputs/v2/stage3/metabric_results.csv,18,,,,,,,,,
E0202,3,METABRIC,clinically defined TNBC,258,OS,SYCP2,Cox PH,-0.0866647835339649,hazard ratio per predictor SD,0.91698443239894,0.775147442740162,1.0847748478528774,conventional 95% CI,0.3120898946090461,,,0.5090180437201879,,,136.0,estimated,No statistical support at the recorded threshold; not proof of no effect.,external/contextual,CONTEXT_ONLY,"Observational; endpoint-specific complete cases; no causal or clinical utility inference. CNA is a gene-weighted DNA proxy, not direct HRD; survival endpoints are secondary.",outputs/v2/stage3/metabric_results.csv,19,,,,,,,,,
E0203,3,METABRIC,clinically defined TNBC,258,OS,SYCP3,Cox PH,0.0789597110464472,hazard ratio per predictor SD,1.0821607220689533,0.9165716414259916,1.2776653514687168,conventional 95% CI,0.3514096084606832,,,0.5090180437201879,,,136.0,estimated,No statistical support at the recorded threshold; not proof of no effect.,external/contextual,CONTEXT_ONLY,"Observational; endpoint-specific complete cases; no causal or clinical utility inference. CNA is a gene-weighted DNA proxy, not direct HRD; survival endpoints are secondary.",outputs/v2/stage3/metabric_results.csv,20,,,,,,,,,
E0204,3,METABRIC,clinically defined TNBC,258,OS,MSH4,Cox PH,-0.1163140568951855,hazard ratio per predictor SD,0.8901956073235646,0.739841036143724,1.0711060627680924,conventional 95% CI,0.2178600044684384,,,0.4901850100539865,,,136.0,estimated,No statistical support at the recorded threshold; not proof of no effect.,external/contextual,CONTEXT_ONLY,"Observational; endpoint-specific complete cases; no causal or clinical utility inference. CNA is a gene-weighted DNA proxy, not direct HRD; survival endpoints are secondary.",outputs/v2/stage3/metabric_results.csv,21,,,,,,,,,
E0205,3,METABRIC,clinically defined TNBC,258,OS,MSH5,Cox PH,0.1661725723823687,hazard ratio per predictor SD,1.18077685361647,1.0052870327206482,1.3869013850334266,conventional 95% CI,0.0429498613528306,,,0.3865487521754762,,,136.0,estimated,No statistical support at the recorded threshold; not proof of no effect.,external/contextual,CONTEXT_ONLY,"Observational; endpoint-specific complete cases; no causal or clinical utility inference. CNA is a gene-weighted DNA proxy, not direct HRD; survival endpoints are secondary.",outputs/v2/stage3/metabric_results.csv,22,,,,,,,,,
E0206,3,METABRIC,clinically defined TNBC,258,RFS,HORMAD1,Cox PH,-0.125262691877347,hazard ratio per predictor SD,0.8822651082630781,0.7232055590509393,1.0763077129550034,conventional 95% CI,0.2168426974895484,,,0.6083297535174481,,,106.0,estimated,No statistical support at the recorded threshold; not proof of no effect.,external/contextual,CONTEXT_ONLY,"Observational; endpoint-specific complete cases; no causal or clinical utility inference. CNA is a gene-weighted DNA proxy, not direct HRD; survival endpoints are secondary.",outputs/v2/stage3/metabric_results.csv,23,,,,,,,,,
E0207,3,METABRIC,clinically defined TNBC,258,RFS,HORMAD2,Cox PH,0.0081574336820226,hazard ratio per predictor SD,1.008190796199968,0.8356750563112503,1.2163204751246586,conventional 95% CI,0.9321085403699708,,,0.9321085403699708,,,106.0,estimated,No statistical support at the recorded threshold; not proof of no effect.,external/contextual,CONTEXT_ONLY,"Observational; endpoint-specific complete cases; no causal or clinical utility inference. CNA is a gene-weighted DNA proxy, not direct HRD; survival endpoints are secondary.",outputs/v2/stage3/metabric_results.csv,24,,,,,,,,,
E0208,3,METABRIC,clinically defined TNBC,258,RFS,STAG3,Cox PH,-0.2104076592939457,hazard ratio per predictor SD,0.8102538711135571,0.6613600677328548,0.9926685442394918,conventional 95% CI,0.042255735729882,,,0.3803016215689386,,,106.0,estimated,No statistical support at the recorded threshold; not proof of no effect.,external/contextual,CONTEXT_ONLY,"Observational; endpoint-specific complete cases; no causal or clinical utility inference. CNA is a gene-weighted DNA proxy, not direct HRD; survival endpoints are secondary.",outputs/v2/stage3/metabric_results.csv,25,,,,,,,,,
E0209,3,METABRIC,clinically defined TNBC,258,RFS,REC8,Cox PH,-0.1678361129182225,hazard ratio per predictor SD,0.8454923886109839,0.6917220781254327,1.0334459486046343,conventional 95% CI,0.1012669978807403,,,0.4557014904633314,,,106.0,estimated,No statistical support at the recorded threshold; not proof of no effect.,external/contextual,CONTEXT_ONLY,"Observational; endpoint-specific complete cases; no causal or clinical utility inference. CNA is a gene-weighted DNA proxy, not direct HRD; survival endpoints are secondary.",outputs/v2/stage3/metabric_results.csv,26,,,,,,,,,
E0210,3,METABRIC,clinically defined TNBC,258,RFS,SMC1B,Cox PH,0.1064427708184138,hazard ratio per predictor SD,1.1123142677889233,0.9205034803631962,1.3440938103119815,conventional 95% CI,0.270368779341088,,,0.6083297535174481,,,106.0,estimated,No statistical support at the recorded threshold; not proof of no effect.,external/contextual,CONTEXT_ONLY,"Observational; endpoint-specific complete cases; no causal or clinical utility inference. CNA is a gene-weighted DNA proxy, not direct HRD; survival endpoints are secondary.",outputs/v2/stage3/metabric_results.csv,27,,,,,,,,,
E0211,3,METABRIC,clinically defined TNBC,258,RFS,SYCP2,Cox PH,-0.0549104065431261,hazard ratio per predictor SD,0.9465699506285944,0.7821991168947441,1.1454815686701785,conventional 95% CI,0.5725843921144229,,,0.7361799327185438,,,106.0,estimated,No statistical support at the recorded threshold; not proof of no effect.,external/contextual,CONTEXT_ONLY,"Observational; endpoint-specific complete cases; no causal or clinical utility inference. CNA is a gene-weighted DNA proxy, not direct HRD; survival endpoints are secondary.",outputs/v2/stage3/metabric_results.csv,28,,,,,,,,,
E0212,3,METABRIC,clinically defined TNBC,258,RFS,SYCP3,Cox PH,0.0251152862304817,hazard ratio per predictor SD,1.02543333205368,0.8483178983954219,1.2395276823412915,conventional 95% CI,0.7951683839810658,,,0.8945644319786991,,,106.0,estimated,No statistical support at the recorded threshold; not proof of no effect.,external/contextual,CONTEXT_ONLY,"Observational; endpoint-specific complete cases; no causal or clinical utility inference. CNA is a gene-weighted DNA proxy, not direct HRD; survival endpoints are secondary.",outputs/v2/stage3/metabric_results.csv,29,,,,,,,,,
E0213,3,METABRIC,clinically defined TNBC,258,RFS,MSH4,Cox PH,-0.0747004480306152,hazard ratio per predictor SD,0.9280214353449756,0.7492350178491786,1.149470812151914,conventional 95% CI,0.4938785733443709,,,0.7361799327185438,,,106.0,estimated,No statistical support at the recorded threshold; not proof of no effect.,external/contextual,CONTEXT_ONLY,"Observational; endpoint-specific complete cases; no causal or clinical utility inference. CNA is a gene-weighted DNA proxy, not direct HRD; survival endpoints are secondary.",outputs/v2/stage3/metabric_results.csv,30,,,,,,,,,
E0214,3,METABRIC,clinically defined TNBC,258,RFS,MSH5,Cox PH,0.0699878290928189,hazard ratio per predictor SD,1.072495127936127,0.8869803032315099,1.2968109835766046,conventional 95% CI,0.4701289268256157,,,0.7361799327185438,,,106.0,estimated,No statistical support at the recorded threshold; not proof of no effect.,external/contextual,CONTEXT_ONLY,"Observational; endpoint-specific complete cases; no causal or clinical utility inference. CNA is a gene-weighted DNA proxy, not direct HRD; survival endpoints are secondary.",outputs/v2/stage3/metabric_results.csv,31,,,,,,,,,
E0215,3,GSE25066,clinically defined TNBC,112,pCR,"four-gene mean z (STAG3, REC8, SYCP2, MSH4)",GSE25066 reduced-platform pCR,-0.0142321789722766,odds ratio per predictor SD,0.9858686197252308,0.6651740538379168,1.4611768600279225,conventional 95% CI,0.943482953973516,,,0.943482953973516,3.534915827085872e-05,,37.0,estimated,No statistical support at the recorded threshold; not proof of no effect.,external/contextual,CONTEXT_ONLY,Observational; endpoint-specific complete cases; no causal or clinical utility inference. Reduced four-gene platform score only; full nine-gene validation unavailable.,outputs/v2/stage3/gse25066_results.csv,0,,,,,,,,,
E0216,3,GSE25066,clinically defined TNBC,114,DRFS,"four-gene mean z (STAG3, REC8, SYCP2, MSH4)",Cox PH,0.0860014460905517,hazard ratio per predictor SD,1.0898079042649027,0.776017283756829,1.5304830099253672,conventional 95% CI,0.6196303682906579,,,0.943482953973516,,,37.0,estimated,No statistical support at the recorded threshold; not proof of no effect.,external/contextual,CONTEXT_ONLY,Observational; endpoint-specific complete cases; no causal or clinical utility inference. Reduced four-gene platform score only; full nine-gene validation unavailable.,outputs/v2/stage3/gse25066_results.csv,1,,,,,,,,,
E0217,3,GSE176078,TNBC,8,malignant_vs_nonmalignant_combined,composite,paired Wilcoxon,,paired mean difference,0.0169249068969764,-0.2723578816974581,0.2542422561292419,paired-donor bootstrap 95% CI,0.546875,,,0.546875,,,,estimated,No statistical support at the recorded threshold; not proof of no effect.,external/contextual,CONTEXT_ONLY,Observational; endpoint-specific complete cases; no causal or clinical utility inference. Donor/sample pairs are units; no independent HRD annotation.,outputs/v2/stage3/single_cell_results.csv,0,,,,,,,,,
E0218,3,GSE176078,TNBC,8,malignant_vs_immune,composite,paired Wilcoxon,,paired mean difference,0.0150753340193385,-0.2805049169771395,0.2556145161111258,paired-donor bootstrap 95% CI,0.546875,,,0.546875,,,,estimated,No statistical support at the recorded threshold; not proof of no effect.,external/contextual,CONTEXT_ONLY,Observational; endpoint-specific complete cases; no causal or clinical utility inference. Donor/sample pairs are units; no independent HRD annotation.,outputs/v2/stage3/single_cell_results.csv,1,,,,,,,,,
E0219,3,GSE176078,TNBC,8,malignant_vs_stromal,composite,paired Wilcoxon,,paired mean difference,0.2648954699880173,-0.0376858411762645,0.5403082256463942,paired-donor bootstrap 95% CI,0.1484375,,,0.4453125,,,,estimated,No statistical support at the recorded threshold; not proof of no effect.,external/contextual,CONTEXT_ONLY,Observational; endpoint-specific complete cases; no causal or clinical utility inference. Donor/sample pairs are units; no independent HRD annotation.,outputs/v2/stage3/single_cell_results.csv,2,,,,,,,,,
E0220,3,GSE176078,TNBC,3,malignant_vs_normal_epithelial,composite,paired Wilcoxon,,paired mean difference,,,,paired-donor bootstrap 95% CI,,,,,,,,unavailable,Not estimable: fewer than 5 paired donor/sample units,external/contextual,CONTEXT_ONLY,Observational; endpoint-specific complete cases; no causal or clinical utility inference. Donor/sample pairs are units; no independent HRD annotation.,outputs/v2/stage3/single_cell_results.csv,3,,,,,,,,,
E0221,3,GSE176078,TNBC,8,malignant_vs_nonmalignant_combined,HORMAD1,paired Wilcoxon,,paired mean difference,1.6954533996443382,0.604521374358565,2.967877321452582,paired-donor bootstrap 95% CI,0.03125,,,0.087890625,,,,estimated,No statistical support at the recorded threshold; not proof of no effect.,external/contextual,CONTEXT_ONLY,Observational; endpoint-specific complete cases; no causal or clinical utility inference. Donor/sample pairs are units; no independent HRD annotation.,outputs/v2/stage3/single_cell_results.csv,4,,,,,,,,,
E0222,3,GSE176078,TNBC,8,malignant_vs_nonmalignant_combined,HORMAD2,paired Wilcoxon,,paired mean difference,0.0125553812499739,0.0,0.0358394678756762,paired-donor bootstrap 95% CI,0.5,,,0.625,,,,estimated,No statistical support at the recorded threshold; not proof of no effect.,external/contextual,CONTEXT_ONLY,Observational; endpoint-specific complete cases; no causal or clinical utility inference. Donor/sample pairs are units; no independent HRD annotation.,outputs/v2/stage3/single_cell_results.csv,5,,,,,,,,,
E0223,3,GSE176078,TNBC,8,malignant_vs_nonmalignant_combined,STAG3,paired Wilcoxon,,paired mean difference,-1.32001381944281,-1.9202008474038,-0.6731378040919116,paired-donor bootstrap 95% CI,0.015625,,,0.0703125,,,,estimated,No statistical support at the recorded threshold; not proof of no effect.,external/contextual,CONTEXT_ONLY,Observational; endpoint-specific complete cases; no causal or clinical utility inference. Donor/sample pairs are units; no independent HRD annotation.,outputs/v2/stage3/single_cell_results.csv,6,,,,,,,,,
E0224,3,GSE176078,TNBC,8,malignant_vs_nonmalignant_combined,REC8,paired Wilcoxon,,paired mean difference,-1.9261485665651976,-2.494974262123013,-1.4024470898414685,paired-donor bootstrap 95% CI,0.0078125,,,0.0703125,,,,estimated,No statistical support at the recorded threshold; not proof of no effect.,external/contextual,CONTEXT_ONLY,Observational; endpoint-specific complete cases; no causal or clinical utility inference. Donor/sample pairs are units; no independent HRD annotation.,outputs/v2/stage3/single_cell_results.csv,7,,,,,,,,,
E0225,3,GSE176078,TNBC,8,malignant_vs_nonmalignant_combined,SMC1B,paired Wilcoxon,,paired mean difference,1.207978470760851,0.3390992794444746,2.1428443521113434,paired-donor bootstrap 95% CI,0.078125,,,0.140625,,,,estimated,No statistical support at the recorded threshold; not proof of no effect.,external/contextual,CONTEXT_ONLY,Observational; endpoint-specific complete cases; no causal or clinical utility inference. Donor/sample pairs are units; no independent HRD annotation.,outputs/v2/stage3/single_cell_results.csv,8,,,,,,,,,
E0226,3,GSE176078,TNBC,8,malignant_vs_nonmalignant_combined,SYCP2,paired Wilcoxon,,paired mean difference,1.5487886799071091,0.5385046960193739,2.4954266047345426,paired-donor bootstrap 95% CI,0.0390625,,,0.087890625,,,,estimated,No statistical support at the recorded threshold; not proof of no effect.,external/contextual,CONTEXT_ONLY,Observational; endpoint-specific complete cases; no causal or clinical utility inference. Donor/sample pairs are units; no independent HRD annotation.,outputs/v2/stage3/single_cell_results.csv,9,,,,,,,,,
E0227,3,GSE176078,TNBC,8,malignant_vs_nonmalignant_combined,SYCP3,paired Wilcoxon,,paired mean difference,-0.2193509856840172,-0.4959615963791328,0.0476111992902296,paired-donor bootstrap 95% CI,0.296875,,,0.4453125,,,,estimated,No statistical support at the recorded threshold; not proof of no effect.,external/contextual,CONTEXT_ONLY,Observational; endpoint-specific complete cases; no causal or clinical utility inference. Donor/sample pairs are units; no independent HRD annotation.,outputs/v2/stage3/single_cell_results.csv,10,,,,,,,,,
E0228,3,GSE176078,TNBC,8,malignant_vs_nonmalignant_combined,MSH4,paired Wilcoxon,,paired mean difference,-0.0272773637844743,-0.0779985987931303,0.0180533611973311,paired-donor bootstrap 95% CI,0.625,,,0.625,,,,estimated,No statistical support at the recorded threshold; not proof of no effect.,external/contextual,CONTEXT_ONLY,Observational; endpoint-specific complete cases; no causal or clinical utility inference. Donor/sample pairs are units; no independent HRD annotation.,outputs/v2/stage3/single_cell_results.csv,11,,,,,,,,,
E0229,3,GSE176078,TNBC,8,malignant_vs_nonmalignant_combined,MSH5,paired Wilcoxon,,paired mean difference,0.1783652521849394,-0.1957627453874761,0.5809376415390215,paired-donor bootstrap 95% CI,0.578125,,,0.625,,,,estimated,No statistical support at the recorded threshold; not proof of no effect.,external/contextual,CONTEXT_ONLY,Observational; endpoint-specific complete cases; no causal or clinical utility inference. Donor/sample pairs are units; no independent HRD annotation.,outputs/v2/stage3/single_cell_results.csv,12,,,,,,,,,
E0230,3,GSE176078,all_breast,20,malignant_vs_nonmalignant_combined,composite,paired Wilcoxon,,paired mean difference,-0.007226310222631,-0.2006190847669894,0.1730214569927887,paired-donor bootstrap 95% CI,0.8123550415039062,,,0.9854354858398438,,,,estimated,No statistical support at the recorded threshold; not proof of no effect.,external/contextual,CONTEXT_ONLY,Observational; endpoint-specific complete cases; no causal or clinical utility inference. Donor/sample pairs are units; no independent HRD annotation.,outputs/v2/stage3/single_cell_results.csv,13,,,,,,,,,
E0231,3,GSE176078,all_breast,20,malignant_vs_immune,composite,paired Wilcoxon,,paired mean difference,-0.0165729961779135,-0.2180074896993123,0.1823801808979375,paired-donor bootstrap 95% CI,0.9854354858398438,,,0.9854354858398438,,,,estimated,No statistical support at the recorded threshold; not proof of no effect.,external/contextual,CONTEXT_ONLY,Observational; endpoint-specific complete cases; no causal or clinical utility inference. Donor/sample pairs are units; no independent HRD annotation.,outputs/v2/stage3/single_cell_results.csv,14,,,,,,,,,
E0232,3,GSE176078,all_breast,20,malignant_vs_stromal,composite,paired Wilcoxon,,paired mean difference,0.2529208047648974,0.0439203782978347,0.455825727149964,paired-donor bootstrap 95% CI,0.0295753479003906,,,0.109375,,,,estimated,No statistical support at the recorded threshold; not proof of no effect.,external/contextual,CONTEXT_ONLY,Observational; endpoint-specific complete cases; no causal or clinical utility inference. Donor/sample pairs are units; no independent HRD annotation.,outputs/v2/stage3/single_cell_results.csv,15,,,,,,,,,
E0233,3,GSE176078,all_breast,8,malignant_vs_normal_epithelial,composite,paired Wilcoxon,,paired mean difference,0.3425030548991927,0.1039276949088754,0.5672761875607406,paired-donor bootstrap 95% CI,0.0546875,,,0.109375,,,,estimated,No statistical support at the recorded threshold; not proof of no effect.,external/contextual,CONTEXT_ONLY,Observational; endpoint-specific complete cases; no causal or clinical utility inference. Donor/sample pairs are units; no independent HRD annotation.,outputs/v2/stage3/single_cell_results.csv,16,,,,,,,,,
E0234,3,GSE176078,all_breast,20,malignant_vs_nonmalignant_combined,HORMAD1,paired Wilcoxon,,paired mean difference,0.649960193041241,0.1087462423204492,1.3189572587602694,paired-donor bootstrap 95% CI,0.1240427930900948,,,0.2232770275621706,,,,estimated,No statistical support at the recorded threshold; not proof of no effect.,external/contextual,CONTEXT_ONLY,Observational; endpoint-specific complete cases; no causal or clinical utility inference. Donor/sample pairs are units; no independent HRD annotation.,outputs/v2/stage3/single_cell_results.csv,17,,,,,,,,,
E0235,3,GSE176078,all_breast,20,malignant_vs_nonmalignant_combined,HORMAD2,paired Wilcoxon,,paired mean difference,-0.0183402111985287,-0.0599589116804383,0.00967896982513,paired-donor bootstrap 95% CI,0.4652088184521418,,,0.4652088184521418,,,,estimated,No statistical support at the recorded threshold; not proof of no effect.,external/contextual,CONTEXT_ONLY,Observational; endpoint-specific complete cases; no causal or clinical utility inference. Donor/sample pairs are units; no independent HRD annotation.,outputs/v2/stage3/single_cell_results.csv,18,,,,,,,,,
E0236,3,GSE176078,all_breast,20,malignant_vs_nonmalignant_combined,STAG3,paired Wilcoxon,,paired mean difference,-1.1189096363645896,-1.4889561984123127,-0.7310667406543583,paired-donor bootstrap 95% CI,4.76837158203125e-05,,,0.0001430511474609,,,,estimated,Association detected; scope limited to this model.,external/contextual,CONTEXT_ONLY,Observational; endpoint-specific complete cases; no causal or clinical utility inference. Donor/sample pairs are units; no independent HRD annotation.,outputs/v2/stage3/single_cell_results.csv,19,,,,,,,,,
E0237,3,GSE176078,all_breast,20,malignant_vs_nonmalignant_combined,REC8,paired Wilcoxon,,paired mean difference,-1.4441104976479382,-1.8290960952504511,-1.0376974805428312,paired-donor bootstrap 95% CI,9.5367431640625e-06,,,8.58306884765625e-05,,,,estimated,Association detected; scope limited to this model.,external/contextual,CONTEXT_ONLY,Observational; endpoint-specific complete cases; no causal or clinical utility inference. Donor/sample pairs are units; no independent HRD annotation.,outputs/v2/stage3/single_cell_results.csv,20,,,,,,,,,
E0238,3,GSE176078,all_breast,20,malignant_vs_nonmalignant_combined,SMC1B,paired Wilcoxon,,paired mean difference,0.5025341242759281,0.0841597070016695,0.997911040807902,paired-donor bootstrap 95% CI,0.2096749172845733,,,0.31451237592686,,,,estimated,No statistical support at the recorded threshold; not proof of no effect.,external/contextual,CONTEXT_ONLY,Observational; endpoint-specific complete cases; no causal or clinical utility inference. Donor/sample pairs are units; no independent HRD annotation.,outputs/v2/stage3/single_cell_results.csv,21,,,,,,,,,
E0239,3,GSE176078,all_breast,20,malignant_vs_nonmalignant_combined,SYCP2,paired Wilcoxon,,paired mean difference,2.026134169235216,1.3881639132535002,2.639774386811519,paired-donor bootstrap 95% CI,1.9073486328125e-05,,,8.58306884765625e-05,,,,estimated,Association detected; scope limited to this model.,external/contextual,CONTEXT_ONLY,Observational; endpoint-specific complete cases; no causal or clinical utility inference. Donor/sample pairs are units; no independent HRD annotation.,outputs/v2/stage3/single_cell_results.csv,22,,,,,,,,,
E0240,3,GSE176078,all_breast,20,malignant_vs_nonmalignant_combined,SYCP3,paired Wilcoxon,,paired mean difference,-0.1644458195639763,-0.4957529159214259,0.1856301024524688,paired-donor bootstrap 95% CI,0.3341380805957454,,,0.4296061036231013,,,,estimated,No statistical support at the recorded threshold; not proof of no effect.,external/contextual,CONTEXT_ONLY,Observational; endpoint-specific complete cases; no causal or clinical utility inference. Donor/sample pairs are units; no independent HRD annotation.,outputs/v2/stage3/single_cell_results.csv,23,,,,,,,,,
E0241,3,GSE176078,all_breast,20,malignant_vs_nonmalignant_combined,MSH4,paired Wilcoxon,,paired mean difference,-0.0045615031340192,-0.0896812870352673,0.088901923326185,paired-donor bootstrap 95% CI,0.4327675806677847,,,0.4652088184521418,,,,estimated,No statistical support at the recorded threshold; not proof of no effect.,external/contextual,CONTEXT_ONLY,Observational; endpoint-specific complete cases; no causal or clinical utility inference. Donor/sample pairs are units; no independent HRD annotation.,outputs/v2/stage3/single_cell_results.csv,24,,,,,,,,,
E0242,3,GSE176078,all_breast,20,malignant_vs_nonmalignant_combined,MSH5,paired Wilcoxon,,paired mean difference,0.1966164824988496,-0.1573389735619992,0.5180254176503557,paired-donor bootstrap 95% CI,0.116544264277528,,,0.2232770275621706,,,,estimated,No statistical support at the recorded threshold; not proof of no effect.,external/contextual,CONTEXT_ONLY,Observational; endpoint-specific complete cases; no causal or clinical utility inference. Donor/sample pairs are units; no independent HRD annotation.,outputs/v2/stage3/single_cell_results.csv,25,,,,,,,,,
E0243,2,TCGA,clinically defined TNBC,103,HRD_total,candidate_mean_z,summary,16.00283443097265,observed absolute t,4.130741400959999,,,conventional 95% CI,0.0003999200159968006,,,,,,,estimated,Association detected; scope limited to this model.,sensitivity,EXPLORATORY_SUPPORT,Observational; endpoint-specific complete cases; no causal or clinical utility inference.,outputs/v2/stage2/permutation_summary.json,0,,,,,,20260908.0,5000.0,,
E0244,2,TCGA,clinically defined TNBC,103,HRD_total,candidate_mean_z,summary,,OLS beta; bootstrap uncertainty,15.94269681426696,7.851989694073705,23.941988642988683,percentile bootstrap 95% CI,,,,,,,,estimated,No statistical support at the recorded threshold; not proof of no effect.,sensitivity,NO_SUPPORT_AT_THRESHOLD,Observational; endpoint-specific complete cases; no causal or clinical utility inference.,outputs/v2/stage2/bootstrap_summary.json,0,,,,,,20260909.0,2000.0,,
E0245,2,TCGA,clinically defined TNBC,103,HRD_total,candidate_mean_z,summary,16.00283443097265,observed absolute t,4.130741400959999,,,conventional 95% CI,0.001999600079984003,,,,,,,estimated,Association detected; scope limited to this model.,sensitivity,EXPLORATORY_SUPPORT,Observational; endpoint-specific complete cases; no causal or clinical utility inference.,outputs/v2/stage2/random_gene_null_summary.json,0,,,,,,20260907.0,5000.0,99.82,
E0246,3,DepMap,curated TNBC cell-line models,25,CRISPR genome-wide,candidate_mean_z,screen summary; proliferation-adjusted genome-wide FDR,,number of dependencies with genome-wide FDR <0.05,0.0,,,conventional 95% CI,,,,0.3662052274911317,,,,estimated,"0 discoveries among 17916 annotated/tested dependencies; fdr column is minimum genome-wide adjusted q, not a global test.",external/contextual,NO_SUPPORT_AT_THRESHOLD,25 curated TNBC models; low power; annotations do not define a new restricted FDR family.,outputs/v2/stage3/depmap_results.csv,-1,,,,,,,,,17916.0
E0247,3,DepMap,curated TNBC cell-line models,25,CRISPR DDR annotation,candidate_mean_z,screen summary; proliferation-adjusted genome-wide FDR,,number of dependencies with genome-wide FDR <0.05,0.0,,,conventional 95% CI,,,,0.9604742815784296,,,,estimated,"0 discoveries among 36 annotated/tested dependencies; fdr column is minimum genome-wide adjusted q, not a global test.",external/contextual,NO_SUPPORT_AT_THRESHOLD,25 curated TNBC models; low power; annotations do not define a new restricted FDR family.,outputs/v2/stage3/depmap_results.csv,-1,,,,,,,,,36.0
