F_expression_column,candidate_mean_z,candidate_median_z,HORMAD1_z,HORMAD2_z,STAG3_z,REC8_z,SMC1B_z,SYCP2_z,SYCP3_z,MSH4_z,MSH5_z,proliferation_mean_z,previous_proliferation_mean_z,BRCA1_comparison_z,BRCA2_comparison_z,PALB2_comparison_z,RAD51_comparison_z,RAD51B_comparison_z,RAD51C_comparison_z,RAD51D_comparison_z,BRIP1_comparison_z,ATM_comparison_z,CHEK2_comparison_z,STAG2_comparison_z,RAD21_comparison_z,SMC1A_comparison_z,PD_ID,RBA
F573,0.7559657542006595,0.648702072800214,0.6654109164595817,5.792500505983042,-0.6567051634039213,0.648702072800214,-0.9112419938990706,1.0193343543161928,-1.2754952147946232,1.0995483099835917,0.42163800036092797,1.0408186787212592,0.9448118527325821,0.8140823142823178,0.9617165333395825,0.7213327641368411,-0.09508299426310397,-0.43174870404829435,1.981987814243097,0.6963344828326217,2.289912115456739,-0.7356751447505762,0.419944514647321,0.6602666257799005,-0.12999823462907947,0.315964750068647,PD31028a,S000156.l.r.m3.c.lib.g.k2.a.t
F16,0.04562140238148834,-0.3779664036242546,1.2514471062810708,-0.40814267607370014,-0.483159004911996,0.6413161721223117,-0.4890519996327154,-1.4330662075787732,1.4828637835741771,-0.3779664036242546,0.22635185127727472,0.9630194019123187,0.7557496705208403,-1.0110909511038857,0.7613452277766068,0.006574655634465822,0.4029009665598654,-0.2889810349326023,1.9216806836644353,-0.45890548249040514,1.2591366700723157,-0.4564334331939569,1.456510460535331,0.44191031995190116,0.7473867093383277,1.7651664169521502,PD31029a,S000160.l.r.m.c.lib.g.k2.a.t
F2677,0.699277705729584,0.6027324980126839,0.13410983420280184,-0.40814267607370014,-0.3049617901725109,0.6027324980126839,0.7096520130412715,1.1695052829955042,3.079968170268719,0.2605925537785192,1.0500434655129682,-0.28945405397484564,-0.45927944818343425,1.1139404645741493,0.40028750999471263,0.15011030682648194,0.18862665676560797,-0.0048851630563094784,-0.12438514420528227,0.6638546831609969,0.4974525636786513,-0.19382664216854723,-0.5627142880099986,-0.19042589146369168,-0.4115049624157703,-0.42816139484704185,PD31030a,S000262.l.r.m.c.lib.g.k2.a.t
F588,-0.02283464465934228,0.14975177476073442,-0.4192941418322531,-0.40814267607370014,-1.4955393732910434,1.3291410326436448,0.17627039048491,0.8952087590547655,0.35364912123956965,-0.7865566889207083,0.14975177476073442,0.701065684272174,0.837897880142453,0.6701541843178904,-0.7227436492939178,0.7540022243731568,0.36541342128127585,-0.07128559286375816,0.025774424254784746,-1.3524272886231294,-0.24534981779085752,-1.2956367878360482,-0.7559688697658612,0.3861842632412238,0.45753096340525123,-0.446519426710377,PD31031a,S000285.l.r.m.c.lib.g.k2.a.t
F2681,-1.3924986634383316,-1.4170278533258562,-1.4170278533258562,-0.40814267607370014,-1.8397749743829526,-3.0308005109566993,-1.702408967261186,-1.7961510071155657,-0.23631401425585055,-0.7865566889207083,-1.315311278652466,-2.504206546046006,-2.888694443695878,-0.5558623952977982,-2.258319933042857,-3.3241144736123323,-3.026351695250573,-0.9782259673838852,-1.3973672360751235,-1.0239699993116178,-2.7669305200028287,-1.3797884447410027,-2.832284210368071,-0.9000343166085254,-1.6162178176984834,-0.8563478354520048,PD31032a,S000294.l.r.m.c.lib.g.k2.a.t
F584,-1.1800990309672976,-1.1762564227340178,-1.1762564227340178,-0.40814267607370014,-0.8597432068547218,-2.613521656506911,-1.292396156542838,-2.067565934499194,-0.5868040030393787,-0.23588311812740032,-1.3805781043275174,-1.847327386713686,-2.1846020213670703,-1.2928438574171464,-1.9389661826419295,-1.7842383617675035,-1.6878650725423072,-0.9046823627451323,-0.754784277717128,-1.3393172470898431,-2.338365255867903,-1.2992070315726414,-2.427777969616024,-1.4168987163277516,-1.3840249348772296,-1.3453223730341406,PD31033a,S000303.l.r.m.c.lib.g.k2.a.t
F1425,-0.06824370687139528,0.02698008379243422,-1.152930876561833,0.9815781362371916,1.069058574130728,0.4272202373257415,0.6225529548771622,-1.4350070143953955,0.02698008379243422,-0.7865566889207083,-0.3670887683278781,-0.35316776920812243,-0.2394627140515422,0.3664587950539509,-0.5771502198042083,-0.02467250086592338,0.3442767093995852,-0.21149122040767793,-0.43412451738155716,-0.9329054505998188,-1.1565128410929666,0.2744596887395038,0.646528693473272,-0.13399480278791073,-0.35617655841761836,-0.17723905429844866,PD31037a,S000352.l.r.m2.c.lib.g.k2.a.t
F2695,-0.3591567262475102,-0.33401930653849754,-1.4170278533258562,-0.40814267607370014,-1.2698338337081552,-0.0792975783852125,0.6161928498989939,-1.3962999262043945,-0.33401930653849754,0.028181725909699643,1.0278360621995306,0.9889208141302818,1.2442248428047062,1.2071545267633563,0.5505666238850409,0.5893985901542858,0.36316932198276003,0.8315209844598637,0.7958533132893152,2.4702903841350596,0.8753054191442992,-2.9355037033697564,-0.285827978606712,1.7098966862384164,0.08356601021113963,0.3453887520421731,PD31040a,S000381.l.r.m2.c.lib.g.k2.a.t
F2699,0.7402132563802759,0.4143561149647833,1.278789818617779,0.6720907672863973,-0.5320532578988992,-0.13553117727839045,0.4143561149647833,-0.03091643107340753,0.1548669327188936,3.2504240942868226,1.5898924457985042,0.8144067815762199,0.6951174817076076,0.5502726481179014,-0.16947536670540414,0.6034072636218069,1.494048966492818,1.6866199552844585,-4.449750542274878,0.8314191731834061,1.0248301959619166,0.47107371656492675,0.9594456732949531,0.632805004820892,0.8506918093331934,0.9117934853623031,PD31041a,S000399.l.r.m3.c.lib.g.k2.a.t
F603,-0.592157911966421,-0.6286994288778783,0.5876591786756417,-0.40814267607370014,-0.950518954678611,-0.6286994288778783,-1.843401988814559,-1.0628111817545445,-0.29048861616373506,1.2600904523955045,-1.9931079924059067,-1.6612953600649822,-1.773537365348995,-0.9375974205792504,-0.6944653604100474,-4.189838666639823,-2.899275832659686,0.7347318815608315,-1.1522135246939127,-0.5629582012185769,-1.0163053674815097,-1.3050078652405368,-1.9765479352679234,-0.9241068163860529,-0.6494102034317811,-1.4883085272182284,PD31042a,S000408.l.r.m2.c.lib.g.k2.a.t
F2718,0.702990970215579,0.760806757637355,1.302397198566595,0.760806757637355,-1.0372309156736492,-0.073125913358797,2.1706281607562983,-0.5528084599021712,2.6182929268003656,-0.7865566889207083,1.9245156660349225,0.8180666503189351,0.565987569835481,-2.362459917586948,0.8523343411573027,1.5243817173313758,0.5577918885599478,-0.1475408933965143,1.6786385361423886,-0.9929663541545193,1.0866096898069781,-1.1382706590360596,0.1356939919566449,0.8736038880776464,0.3048890708629551,-0.06899841898737752,PD31043a,S000516.l.r.m.c.lib.g.k2.a.t
F615,0.3250784888968597,0.0005988320896828016,0.683327176051258,-0.40814267607370014,-1.0334206287330894,-0.7562365213835651,0.4138014893887965,0.0005988320896828016,2.0625106936469924,-0.12018301502012613,2.0834510501054884,0.5902973899843232,0.65772633337177,-1.7116924362142507,2.248601684130794,0.29821154251784093,0.8154057649827223,-1.7911770482341574,0.8224917723504042,-0.9418910841986006,1.2856302453161492,-1.575702658954357,1.2183564742125532,0.10284405891322013,-0.30241576252543306,0.7615860539856923,PD31044a,S000517.l.r.m.c.lib.g.k2.a.t
F621,-0.1849173297399556,-0.2720136350009936,0.4093238945498592,-0.40814267607370014,1.7337574964126907,-0.2720136350009936,-0.8146937545554934,-1.7458108708978273,0.39846951864143326,-0.7865566889207083,-0.17858925181486082,-0.09333025725608839,0.04159323993652608,0.11399465985818305,0.29367912734349755,-0.583204798788908,0.6128171753040131,-0.8931404385334807,-0.4078458961483138,0.040919558953064226,-1.831646218942358,1.0329481654149688,0.6477185383263463,-1.0590190936355905,-0.9813990787285262,0.8022713844129455,PD31045a,S000518.l.r.m.c.lib.g.k2.a.t
F48,0.4638102220604302,0.5206723649630876,0.5206723649630876,2.1360935284880562,-1.4029267119597035,-1.145158247987647,1.8440554508192715,1.3700152437549253,0.8924191182187452,-0.1545033177215094,0.11362456996864648,0.8318772744295593,0.40210460664609327,0.8705059881918048,0.08452229203168976,1.1721248700215863,0.7220073667989199,2.303263003815567,0.5202508427323179,1.235151196111457,0.8738171530240785,-1.6501227093352162,0.261486374914226,1.2076440860687576,0.03733551765660493,0.20183009283433856,PD31046a,S000581.l.r.m.c.lib.g.k2.a.t
F1438,-0.29602319461667,-0.41320045649594744,-1.328952682033072,-0.40814267607370014,-0.9656962337300722,0.9587878192154675,-1.077834924684386,1.5139662770963473,-0.41320045649594744,-0.09012870537775801,-0.8530071694669086,0.4018054550784653,0.29877331371874444,0.27977257793702626,-0.6246174601511111,-0.12039073181600085,-1.3051484004958416,0.5416337830047797,0.18445482388967066,-0.6314205210051861,-0.7579857671607385,-1.453047507388864,-0.5684803260455358,1.2828184481795026,0.6852617035015691,-0.2527804886013325,PD31047a,S000590.l.r.m2.c.lib.g.k2.a.t
F73,0.24919501932131333,0.20921538587714528,0.9601328786732148,-0.40814267607370014,-0.6005148159367656,0.20921538587714528,0.45235881312843124,0.993816473395126,-0.23460733828624097,1.1799075599372915,-0.3094111068226822,-0.9615015464281336,-1.1977983787857995,-0.862103275127387,0.3619375777393652,-0.5483426044261664,-1.1844054405906566,2.482439233645539,-0.5254454605996319,-0.6727548326286165,-0.3236681819897879,0.3509046901509309,-0.4483264754342712,0.37364817248562626,0.59234689629465,-1.1555544281480612,PD31051a,S000628.l.r.m.c.lib.g2.k2.a.t
F49,-0.7765302096721893,-0.7865566889207083,-1.1460209691206835,-0.40814267607370014,-1.1119388515123565,-1.3851335777617257,0.9900861546748586,-1.6666268575773795,-0.7757324879624263,-0.7865566889207083,-0.6987059327955814,-0.3668420330674163,-0.29203558120642953,-0.2581711115796069,-0.8459021316346488,-0.5595739745154488,0.14976078669768295,-0.17919671935727402,-0.9494840989717911,-0.5819714716440347,-1.8767269509786937,-1.0660418192892347,-0.011560625961297488,-0.6961629255767087,-1.5481405074190662,-0.7179586878470664,PD31053a,S000689.l.r.m.c.lib.g2.k2.a.t
F96,-0.023898024618583726,-0.12913558720120152,0.8148125606227445,-0.40814267607370014,-0.12913558720120152,-0.31399952399507075,0.6423394489670741,0.6106693008650343,0.03974287299717664,-0.7865566889207083,-0.6848119288286024,-0.17221817023102612,-0.11824221961591506,0.07552181895246098,-0.5341523517527101,-1.544764641228506,-0.4509792275572548,1.1692759890526125,-3.3538936271549575,-0.22474983119148348,0.392894318352103,-1.3478258913928434,-0.9489325819654542,-1.605177593914554,0.199682711684702,-0.3236637859046106,PD31056a,S000800.l.r.m.c.lib.g.k2.a.t
F1473,0.9151173110751346,0.6642473334341398,0.6852335491897378,4.247729518985748,0.6507066710128553,1.0275069222807867,0.6642473334341398,0.37907805238957715,0.49165046296209636,-0.7865566889207083,0.8764599783419789,0.6038842054208725,0.13283479349287003,0.8344745829368027,-0.5116351317764783,-0.16681063695881396,-0.1831276078808902,1.1408650841968966,-1.2635032158663033,0.4307799980634809,0.10267171536383013,-0.6260549421602759,1.010192866206728,0.25518726931810326,-0.06634775568876537,-0.8131226090013559,PD31057a,S000802.l.r.m.c.lib.g.k2.a.t
F1469,-0.0455740008591095,-0.40814267607370014,1.0674375169870562,-0.40814267607370014,-0.8050710802298725,-0.8758776481129039,0.21418204156480355,0.749520271365524,-1.2754952147946232,-0.7865566889207083,1.7098374704824386,-0.452398060709204,-0.7430117264714771,0.8083749224426156,0.11544732040747706,1.4763880219881436,-0.027289505103224077,2.173941820162366,-0.5460835549637649,-0.058771009580994016,-0.3437287622031325,0.4756394873773618,-0.17449899065954202,0.8193170045223459,0.23335756878066452,-0.5207329428786347,PD31058a,S000814.l.r.m.c.lib.g.k2.a.t
F2762,-0.2063587364685305,-0.24043993289935162,0.9421219289866652,-0.40814267607370014,0.17027025000548787,-0.2609631250473382,-1.0306021454890817,-0.16429400909493402,-0.07862222968381376,-0.7865566889207083,-0.24043993289935162,0.6968257915009113,0.5924688119113319,-1.0354814895476323,1.9043429881068727,1.0195266874250652,0.8590880745280867,-0.7324300908110031,0.6391022385330722,-0.9674706339847722,0.15804715355316426,-0.23056572401413428,0.5938923137072544,-0.22960346309775442,0.1642542528247291,1.3821895788989362,PD31059a,S000862.l.r.m.c.lib.g.k2.a.t
F665,-0.24420460020295298,-0.4372206621389316,0.8950409452574284,-0.40814267607370014,-0.45260650987018963,-1.7280491412986936,-0.4372206621389316,-0.013217219393386211,1.563205065165003,-0.7865566889207083,-0.8302945145533989,-0.01618513284614614,0.1705374222567838,-1.504071604802156,-0.6964787535946246,0.4288108344725257,-0.1832406041454568,-0.027031092837067273,-0.9606903980084183,0.3824608449904943,0.4401690142998426,-0.316645874687645,0.8167578992411707,0.7066364432904925,0.42306935103378096,-0.9082975634240704,PD31061a,S000901.l.r.m.c.lib.g.k2.a.t
F1484,-0.5297752783412218,-0.40814267607370014,-1.4170278533258562,-0.40814267607370014,-0.7526320339463601,0.7852170355175165,-0.20515384887208007,-1.3320068342153815,-1.2754952147946232,-0.19063920829295375,0.027903128932441946,-1.2500056759755482,-1.1012131346626182,0.29161877559259414,0.3284019086341398,-1.7712899255507724,-1.2532113596408687,-0.33557850562909697,-0.33275513310207977,-0.28289240522868486,-1.6216424071551572,-0.3874661975062874,-1.205655762389258,-2.11768492015286,-1.9265149527779923,-1.0972890810611058,PD31063a,S000927.l.r.m.c.lib.g.k2.a.t
F2772,0.7964345688585126,0.652557589341115,0.6558864310820939,-0.40814267607370014,3.015944369952382,0.802421393132125,0.6076724037471352,0.2611470161466117,1.151045306251754,0.4293792861470961,0.652557589341115,0.4864685952177736,0.6104386357563409,1.0912354787894942,0.5109527968355778,0.8706653590657248,0.5115190270735923,1.4652010736592311,-1.0688400498650388,0.6188128428730827,1.194107713857211,0.25681768858501713,0.21998636991586476,0.5817205265197835,1.0044884333158264,-0.8403583971577605,PD31065a,S000931.l.r.m.c.lib.g.k2.a.t
F672,0.8997756365515043,0.6870042734703363,0.6870042734703363,4.759176375321926,0.776026728443867,0.45204659950781056,0.7708525257719249,0.9789821839520685,0.5756348694761673,-0.7865566889207083,-0.11518613805985284,0.25165289424538373,0.29300815092180504,1.727944758257845,0.7513217500303713,-0.3695838646545123,-0.6216680702255533,-0.45227219023354526,2.3359785799509485,1.6064823762356746,1.952095568098377,1.1597094262997016,-0.7401582262920652,1.1257581371162224,0.9190231577221118,0.07762447234173321,PD31066a,S000938.l.r.m.c.lib.g.k2.a.t
F1488,0.4273830017889532,0.6292220534141658,0.6292220534141658,0.8782466221088966,0.2658450556091958,-0.6396829553642297,0.6917862574255716,0.2753202920286817,1.8651172841776449,1.2848539858858188,-1.4042615791851663,-0.47133521273691553,-0.4056746505127833,-1.1349046033484607,0.5914353978777452,-0.6896656431306397,-0.870928148735694,-0.5228981565267569,0.19780829620763413,-0.20246533279023438,0.2461388247709046,-0.07973046077089674,-0.37285231990208206,0.215494504288387,0.6213631267412305,-0.4390167493816007,PD31067a,S000942.l.r.m.c.lib.g.k2.a.t
F675,-0.16755590814854304,-0.026679954063221798,0.8052941173704893,-0.40814267607370014,-0.4718882592405489,0.07061785350559475,-1.6086955007675123,-1.003250272682339,0.010371667587937635,-0.026679954063221798,1.1243698510264133,0.5061612642209572,0.6926213448827674,0.1778369494826727,1.0397329126329784,-0.2743655279703663,0.6667962844148684,1.2272559860744348,0.2580253159251115,1.8005718023925428,0.7141659360830223,1.187591733913656,1.0930522489217271,0.3327022448218199,1.279726331279788,1.1908751157427349,PD31068a,S000948.l.r.m.c.lib.g.k2.a.t
F1489,-0.4596572576166442,-0.7126292673264364,-1.1469760090424377,-0.40814267607370014,-0.9007200834911434,-0.7126292673264364,0.9003801271671159,1.3505572282394753,-1.2754952147946232,-0.2224439756563161,-1.7214454475717325,0.4674070629329675,-0.11005676491771373,1.2007331099027698,1.3290845211924305,0.3145605154250966,-0.2545011142220868,-0.24757871171315787,-0.9460754012820219,0.07171415755365786,0.5577580524893384,0.4412288583368192,-0.4362597497783104,1.413132227296444,1.6759602942643121,0.9039234910516404,PD31072a,S000970.l.r.m.c.lib.g.k2.a.t
F2781,-0.07645571542327945,0.0904148594173893,0.7782695863744603,-0.40814267607370014,-1.5100324022859233,0.1536914242920172,0.35536268841246915,-0.3784909430622863,-0.18203272532483356,0.4128587494408922,0.0904148594173893,1.0678412109028668,1.1173898553853947,2.2456085725947648,0.6859975022656299,1.0044846350110224,1.3948253193815903,-0.5006874583052866,1.1809901452123797,2.5759875621231543,0.46764216488768373,-2.0029759933840454,1.8721835591065,2.2229399963846954,0.8258529550547409,0.6030575619804006,PD31074a,S000998.l.r.m2.c.lib.g.k2.a.t
F682,-0.7958242465397025,-0.6742958513533376,-1.2876721675317244,-0.40814267607370014,-0.6742958513533376,-1.4257238924123072,-0.17418056177941,-0.5897732592310047,-0.1385523347027468,-0.7865566889207083,-1.6775207868523845,-2.181708901025836,-2.5677787984767835,-0.8223684391463529,-2.568852416087846,-2.1954718934207267,-2.238776771057767,-0.005504422324530796,-1.4999271462851491,-1.0474270377918784,-2.42066452675973,-1.5500956435771385,-1.8266473268372887,-1.2459731533856766,-1.6031281586428334,-1.0472099259829653,PD31075a,S001008.l.r.m.c.lib.g.k2.a.t
F701,0.3543513688439673,0.1677350936189446,0.7601817359007378,0.59328028142972,1.9568175534563768,1.2894822067885179,-1.258715733863567,-0.030680262330778498,0.07775622263849387,-0.36669477804273987,0.1677350936189446,-0.048131209648889686,0.25024645176529176,0.5375974639984785,-0.35823993963586925,0.10481444683510635,-0.538206149507373,1.2382145773275042,0.4168269154653815,0.14503549972427215,0.5991262634152971,1.1045481893532088,0.09969804335380218,-0.6738896973329959,0.6819978117489196,-0.9934809428584729,PD31078a,S001056.l.r.m.c.lib.g.k2.a.t
F2788,-0.3422673113588215,-0.2842162350039214,-0.1864883412110509,-0.40814267607370014,-0.9928752403477386,-0.8064686430106501,-0.2842162350039214,0.5584729818421168,-1.2754952147946232,0.5015502413860998,-0.18674267501592545,-0.42375606621079087,-0.5298774161259769,0.3546200477804309,-0.32369628263630756,-0.2174905350441046,-1.0502986336566678,0.604002620835911,-0.5915500562314726,-0.7436420327053348,-0.770781944402951,-1.5518084474693292,-0.7386363291967228,-2.1513622043801344,-0.10961171539524436,0.09962854137889048,PD31080a,S001067.l.r.m.c.lib.g.k2.a.t
F1510,-0.17308094613022953,-0.29819747520639905,-1.4170278533258562,-0.40814267607370014,-0.4922099683162348,-0.5554934658976136,0.17303109031756028,0.8828082265866364,-0.2367269260752249,0.7942305328187661,-0.29819747520639905,0.49080182221845164,0.420086065481426,0.39033012930446553,-0.15290177350258363,0.6277761504447724,-0.12498079614519697,2.077256686254,-0.6484250404830121,0.3603608524837299,0.5922943081381168,-0.6535140870858251,-0.17297494556879298,-0.10127087425508001,0.5907924213407558,-0.5838774423404536,PD31081a,S001083.l.r.m.c.lib.g2.k2.a.t
F2782,0.0910027785447076,0.16920916315653284,1.0608696955113244,-0.40814267607370014,-1.2082566829495278,0.16920916315653284,1.1089847471009333,0.7287482450646274,-0.6659706526904812,-0.7865566889207083,0.8201398567033679,0.7874088067130631,0.40548238566372813,0.399163738405308,-1.8446586366738575,1.2350879547386167,0.4670493851854649,1.6903675308883324,0.49224664395157386,1.822873040288182,0.895812013800714,-1.6373912436080855,1.2182369065436607,-0.5049356378697607,0.873354534344432,-0.8091671093045276,PD31082a,S001090.l.r.m.c.lib.g.k2.a.t
F713,0.6694081876634823,0.5808136941195232,-0.12372824221715756,-0.40814267607370014,0.7394118462894168,-0.4156216091108935,0.5808136941195232,2.009547589992011,-0.7334486369459784,2.123339047773874,2.2525026751442456,0.24206223653561407,0.4258239003252681,0.20990188580718755,0.2679154420889974,-0.3792288010400652,0.9970222195029387,1.0325069968725518,-1.1913383699831315,0.48542611560122295,-0.05520287118075661,0.35543773912163235,0.6719252629762893,-0.0743128812596744,1.8205896931042194,-0.9628582885839934,PD31086a,S001146.l.r.m.c.lib.g2.k2.a.t
F1518,0.3758551602845229,0.7360777060708703,1.0619986813269993,-0.40814267607370014,1.366747586084275,1.0125574511815962,0.7360777060708703,-0.41952523899605926,-0.2307258570879626,-0.7865566889207083,1.0502654789753958,0.7212494982189238,0.6867059592579641,-0.4782937063680832,0.6770974137817174,0.013972761337991997,3.1844045229754876,0.9242653771673021,0.7187595236622463,0.06959517611410723,-0.2681543421987593,-0.053640680597545336,1.8563019469693787,0.014369655929214818,1.5846087859236018,1.3239296735501795,PD31087a,S001151.l.r.m.c.lib.g.k2.a.t
F1524,0.32600064439557047,-0.3835643049623257,-1.2091439429642823,-0.40814267607370014,-0.3835643049623257,-0.28222561529341567,-0.9774108863325758,0.4038281404343527,1.2133632232080036,5.204006915692023,-0.6267050541479465,-1.8590539311485061,-1.8105435583225036,-0.32320508698851125,-1.4672434369000702,-0.6362351843875644,-1.6343819093795793,-0.9530510271846959,-1.7894367360570802,-1.1800446313337607,-1.579556973240475,-0.1967404960559574,-1.1121795447434852,-0.10658950723949814,-1.1532107786063495,-0.5145158628767511,PD31088a,S001152.l.r.m.c.lib.g.k2.a.t
F166,0.18263564197703286,-0.24308828230362342,-1.4170278533258562,1.9719985906630433,-0.7374565227138178,0.6477040794675174,-0.47458559428936054,-0.24308828230362342,-1.2754952147946232,1.5381244722207175,1.633547102869299,1.1538606948124264,1.1114291042651148,2.1809859225188464,0.5401905132322994,0.5493337296554948,1.2129006431498375,-0.628522441349733,0.9562199139161164,1.6976954371449895,2.233147406724008,0.05190888841168986,1.3001671661269913,0.8124855850284652,0.3391053697797033,2.082086667797844,PD31089a,S001164.l.r.m.c.lib.g.k2.a.t
F1519,0.5517228755497645,0.3666656152592329,0.3666656152592329,-0.40814267607370014,1.9578393815738349,1.690188179900314,0.032269123522010466,1.0431074179334392,0.05383708669395433,-0.4422238761642158,0.6719656273030115,-0.4710233199233413,-0.5759899096097304,-0.23904601506005715,-0.4878803803756464,-0.4331035679490413,0.06387379262517638,-0.5124839843442817,-1.9841780754871432,-2.078070315993852,0.09365249033897183,-0.10482350748402551,-0.830693622340013,0.24835368600263114,0.9833655760083556,0.14401826611961674,PD31090a,S001171.l.r.m.c.lib.g2.k2.a.t
F154,0.2935973179496551,0.3913396063928343,1.0946421197777296,-0.40814267607370014,0.8946412993424129,0.10662096440512162,-0.12695747475560648,0.9134237457029519,0.5633649656758604,-0.7865566889207083,0.3913396063928343,0.7612492140460212,0.6206939167097844,2.0401495819960673,0.25256458321940206,0.7215978949770443,-0.6176541490204819,2.59772554465538,0.08392628290523878,1.1752260009554387,1.0268508363179552,-0.06057682864800117,-0.36159240702338263,0.36921270266001965,1.5816034999000523,1.5536596858056786,PD31092a,S001187.l.r.m.c.lib.g.k2.a.t
F1521,0.813185582192064,1.1509521165976575,1.2072068983721076,-0.40814267607370014,1.6013826057940093,1.594130924370519,1.1509521165976575,0.009850878067933787,0.004127650758141306,1.274907290252419,0.8842545515894888,0.29996190326498523,0.4317216242058157,-0.32900280970610757,1.7494475034264088,0.29142180339388063,0.01279217891673523,0.3878692141965228,0.0549568110774752,0.37209415893617476,0.27483124009338394,1.0980591622981046,0.5977611116828212,1.7171899646651567,0.5187426753687032,0.46794421685449056,PD31093a,S001188.l.r.m.c.lib.g.k2.a.t
F2810,0.18327311128001675,-0.0642690769807799,1.0284790379175819,-0.40814267607370014,-0.450524964173877,-0.0642690769807799,1.239767931587525,-0.1715000745185661,0.24310276898633515,1.4411032889388184,-1.2085582341631862,-0.2709228162594986,-0.4577372928031481,-1.0998238457414673,-0.40252984511059015,-1.37510425654797,-0.18040856242082906,-1.6779315044310752,-0.8538352563189652,-0.5373352522827389,-0.23240614376938293,1.0899968381437843,0.04726599311906059,-0.107680315162926,-0.16854746750460448,-0.5563587851918741,PD31094a,S001202.l.r.m.c.lib.g.k2.a.t
F740,0.6384769462543605,0.714118900572423,0.4368785548482552,1.5312567299423518,1.3423923440130432,-0.3968061590292523,0.714118900572423,1.0318017019322971,-1.2754952147946232,1.698947790835743,0.6631978679690056,0.12406432784919223,0.4262418853688542,0.8971488266015258,-0.04099603437214767,-1.0394748124283681,0.28950010797786824,-0.9555339847758406,-0.13087938025520904,0.1292859036579067,-0.3995896661984078,0.5611286174428539,0.5587186184633857,-0.23316214381944397,0.9872048860247092,0.4890772268252827,PD31097a,S001380.l.r.m.c.lib.g.k2.a.t
F741,-0.7091200657361312,-0.9370552119340606,-1.4170278533258562,-0.40814267607370014,-0.9370552119340606,-1.2293732676660591,-1.4606241782979081,-0.38481526432380614,-1.2754952147946232,-0.22511794372314908,0.9555710185139826,-1.1497189953644615,-1.362370358964289,0.10682510876299543,-0.24066534155713276,-0.33602287915923545,-1.5640359950162896,-0.14248249951835945,0.2795679180377918,-0.37525873530794995,-1.315151533464518,0.06790719827500828,-1.3045461940552114,-0.4895316751881978,-1.9527046690321403,0.3393699363919263,PD31098a,S001381.l.r.m.c.lib.g.k2.a.t
F1546,0.3525781853366803,0.7513780371118037,1.3262655340258913,-0.40814267607370014,0.7748712387931421,-0.2939443451833935,0.7513780371118037,-0.5359701905820277,-0.5824269375164631,0.8565708152082886,1.2846021922465816,-0.5028976264356818,-0.16058679228355324,-1.6533081176784787,0.14695571747739256,-0.07554975934652364,-0.3819367184068188,0.6657035924884748,-1.4267348079254534,-0.31985474159180266,-0.5289217812704335,0.867068719651025,1.101063729473994,-1.3595514328535163,0.2145263505790715,0.6728176877868239,PD31099a,S001385.l.r.m.c.lib.g.k2.a.t
F144,0.09810182225392355,0.3592027661618483,0.9719160215015711,-0.40814267607370014,0.4983113723286434,0.3592027661618483,0.9713856373709782,0.4019539147430779,-1.2754952147946232,-0.7865566889207083,0.15034126796822486,-0.0004556369281478153,0.0748428778474111,-1.7339563710842234,-0.2774733388641811,0.3396842577612344,-0.6677310741677314,-1.0612531525280064,0.5971968741624438,-0.7763231104848192,-1.018250986068825,-0.2516098765139736,0.7662539146455144,-1.4012037333135583,-0.3519033524444798,-0.6599752122858481,PD31105a,S001485.l.r.m.c.lib.g.k2.a.t
F761,-0.28583201359712873,-0.40814267607370014,0.5196364348509795,-0.40814267607370014,-0.6905365210196046,-0.5958790366062467,-0.23520117746097147,-0.13907718389000046,-1.2754952147946232,0.9262531811126984,-0.6740459284926895,-0.7714175446752957,-0.8354142891711992,1.7324577655953177,-1.535376306260427,-0.05663493886603708,-0.7252300762505351,0.9874060291786311,0.6682092405010629,-1.0690344249773287,-0.6885530581945659,-0.8227747959043067,0.7851360010288443,-1.2544584705943582,-0.3567083160279917,-1.770268022742537,PD31106a,S001506.l.r.m.c.lib.g.k2.a.t
F2856,-0.1926769652880812,-0.40814267607370014,-1.4170278533258562,-0.40814267607370014,-0.7683595049702694,-0.6597737794462682,0.12667999959719392,0.8060620052327843,1.7330158959390158,-0.7865566889207083,-0.3599900856249228,0.5543600516751009,0.5948911437387375,0.7314696316045576,-2.028270356285986,0.33852783224289823,0.9606962985008641,-1.1482677336961782,-0.21753192281290676,0.6413301308733644,-0.5680768753411908,-1.5193382240811133,0.17878284909552716,0.5800292592927341,0.12423263454056797,0.9563532326425789,PD31107a,S001523.l.r.m.c.lib.g.k2.a.t
F763,0.524370757807792,0.5703942691194891,1.3476414855651053,-0.40814267607370014,0.2124707619031387,1.2993131603592685,0.7990110502782036,1.6863645245109324,-0.0011590664716012746,-0.7865566889207083,0.5703942691194891,0.0004732269333628222,-0.0596063642597524,0.688503647532702,-0.6675269861882938,0.04084569620929537,1.5162002878688094,-0.7507815262108408,0.6961301945922989,-0.2637770515725667,-0.7610000530005744,0.27816441143408316,1.5657450279854446,-0.5969182176596669,1.954737966780584,-0.6738029685303519,PD31108a,S001554.l.r.m.c.lib.g.k2.a.t
F766,0.18867434032710817,0.2622029378407493,-0.989659279519936,-0.40814267607370014,-0.9343722060924564,0.2622029378407493,0.3727381101515153,0.8282151797092344,1.6341926133583813,-0.21286455956731826,1.1457589431375037,0.4445908392964704,0.5094096967579044,0.8052623141507066,0.07272062151918961,0.9654441535716126,0.1104238619713546,2.0007662301728,-0.032736405946486656,-0.035510388192004805,1.0580187602969844,-0.9160992989388217,0.22307657863778207,-0.6545076158355869,1.5287882240242703,-1.531258593960297,PD31109a,S001555.l.r.m.c.lib.g.k2.a.t
F2871,0.2684891325214626,0.33625812076073297,0.46814114182055855,-0.40814267607370014,0.33625812076073297,2.215008232192397,-1.4745163356130173,-1.0662861560745664,1.0093671698756608,1.7784578659209271,-0.441885170115829,-1.2262806411009008,-1.0565205450200823,-0.007813610500934817,-0.2803587873785061,-0.5844856649392862,-0.9871908395386776,-0.46030644083699385,-0.6968056569147174,0.059736253726739984,-0.7297491380492388,0.7545534369243094,-0.23933482311311607,-0.32772697435224224,-1.0703194225159212,-1.6164313028089539,PD31111a,S002101.l.r.m.c.lib.g2.k2.a.t
F785,0.4371289618343795,0.43108132254181736,1.116309128389039,0.7687053080071702,0.6845784012768191,0.10767112318823628,0.3419237726383668,0.9207368373649351,-0.15185119390417443,-0.2849940429927938,0.43108132254181736,1.0809029476134968,1.1606334514325864,-1.4109204343721415,-1.2374405059586733,-1.101874017618504,1.5752894387893353,-0.3213564068413696,0.9169819843384308,-0.7292012214424765,-0.03908666757121659,0.09724559428195736,1.3692303858288006,-1.1146474431397713,0.26320106610138105,-1.2424662491684495,PD31112a,S002117.l.r.m2.c.lib.g.k2.a.t
F1592,0.039095307759327444,0.12504529684004545,-1.4170278533258562,-0.40814267607370014,-0.18032113382438444,0.12504529684004545,0.1837192951268409,0.29009753949758554,0.7083108459775896,1.1971713830112196,-0.14699492739539347,-0.13023116128393933,-0.5419555132505665,0.40584828498657943,-0.984758942534107,0.43280172265945266,-1.3496080655063807,0.7625328452605236,-0.04934776445036246,0.38003253056501934,-0.4452209194304287,1.47777072539408,0.3301615121065302,1.3116666917461692,-0.5021873725715436,0.34731298491208557,PD31113a,S002156.l.r.m.c.lib.g.k2.a.t
F797,-0.11398389068544364,-0.40814267607370014,-1.4170278533258562,-0.40814267607370014,-1.2501323383967762,-0.577910097313764,2.0042269408470506,1.4113754201872615,0.17112151989904842,0.4825010105961363,-1.4418669425883934,0.6575548233376867,1.1490189480550719,1.0981517352393682,-0.5360144938929479,0.11039335894900439,0.050559133308145134,0.7989881925551402,2.0844431158272134,-0.4285240252543639,0.17625638123962684,-0.6081579416499842,0.3915483141817831,0.3319212829530468,-0.7168650667635665,0.7587037535192485,PD31116a,S002286.l.r.m.c.lib.g.k2.a.t
F801,-0.00875531730640702,-0.3810538119716778,-1.2360070248647022,-0.40814267607370014,-0.3810538119716778,-0.30485928214306524,-1.1487017621684892,0.4079391395509475,1.7881999239995907,1.6294016496045391,-0.425574011691106,-1.1169048379684918,-1.37248802393232,0.5175671547680504,-0.6809286292077814,0.23282957778618887,-0.9079242888895823,1.6583634932413556,0.4078832820556256,0.6074331691310174,-0.06173246461989976,0.9452527618263505,-0.93064618230403,1.0482097827235566,-0.524791344374513,0.1495872068196301,PD31117a,S002296.l.r.m.c.lib.g.k2.a.t
F205,-0.39540721536068774,-0.6039993254853319,-1.4170278533258562,-0.40814267607370014,-0.8080470652610564,-0.2303991917358061,1.1215562035011486,-0.6039993254853319,-1.2754952147946232,-0.7865566889207083,0.8494468738497443,0.48470622610208347,0.5097829418593316,0.7094835443131063,0.7396041805262619,0.11999611258008118,0.4925592896863072,-0.3228761946911329,-0.9035130523421779,0.3093955615983098,-0.27804327745424745,-0.6906994333290806,0.9530184742559485,1.1033314770132847,0.3234882327184582,0.37868012501762915,PD31120a,S002338.l.r.m.c.lib.g.k2.a.t
F807,-0.7002675165871775,-1.2754952147946232,0.23356631288825688,-0.40814267607370014,1.4870583320067616,-2.275713207827354,-1.388163943536037,-1.4952584945150482,-1.2754952147946232,0.7502387443881073,-1.9304975018209605,-1.2677960693535673,-1.3096213647333386,0.2925670702458988,0.277067646862195,-1.701098463160113,-0.6231075103622317,1.6083735733349984,-0.568157603145977,-0.09323453291339946,-0.6384800070125659,-1.3308628479067584,-1.9569318594381613,-1.4259800518984993,-1.0929697188107539,-1.0307255496721592,PD31121a,S002368.l.r.m.c.lib.g2.k2.a.t
F809,0.9921904199890695,0.9070250344498916,0.675946893366806,-0.40814267607370014,0.8689736464168168,1.4913033124387987,1.9544845471177161,1.4439460874569199,0.9070250344498916,2.6679228444154606,-0.6717459096870835,0.715262965966842,0.20342148906501764,1.0174252106207018,1.0501304230976136,1.4187313262453232,0.8243599922609304,0.12027239460520042,-0.01155327215215016,1.5314231290373228,0.43093485782150553,1.1508229557679635,0.7854842808942298,0.3773726082770332,0.6501092505305198,0.009104037773567298,PD31122a,S002370.l.r.m.c.lib.g.k2.a.t
F1624,-0.10468384081848482,-0.40814267607370014,0.3401677768223859,-0.40814267607370014,-0.5863560229979293,0.474301276567047,-0.500321782707242,1.205580333921829,-1.2754952147946232,-0.7865566889207083,0.5946684308165777,0.6833321404070003,0.3954990040295332,1.4348247029059922,-0.177861007420521,0.9576975048564509,0.8326271023356079,-0.01689171481937805,0.2971752309715207,2.2604993104661824,0.626662845969328,-0.21178497965072263,-0.1452771910236613,0.6799025360989034,2.884705286821265,0.16384537728183945,PD31123a,S002385.l.r.m.c.lib.g.k2.a.t
F813,0.8271338249244571,1.1181248868430742,1.1181248868430742,-0.40814267607370014,0.8095418057375922,1.2185652440233945,1.6089612006394622,1.7408476770827572,2.416892397917287,-0.7865566889207083,-0.2740294229290465,1.1137605011022287,1.1186034859604106,1.1892104606663514,1.0676248012295022,0.5690905458516936,0.8683459246541538,-0.4176257946564074,0.2342977494826401,0.8796419976856354,0.43799612286161316,0.038955696767067005,1.8737372509223995,1.2982120544168692,1.2371370521856253,0.5970544424313267,PD31124a,S002402.l.r.m3.c.lib.g.k2.a.t
F2921,0.5176585311060548,0.7338723285220209,1.2423358248085328,-0.40814267607370014,0.33458220452543663,0.7971621902961884,0.9791392147773379,0.7338723285220209,-0.15553925532946714,0.054291585478313545,1.0812253629498303,1.0320359467866458,0.9264328981469475,-0.8050894451691845,1.2386387876717755,0.29172124159573803,0.8759114723339558,0.8890884629719195,0.866899829448693,1.8931815887202368,2.0871999061388204,0.6326333477432747,0.025073362848561525,1.05643667765038,0.5049373145565961,2.4231885247123746,PD31125a,S002441.l.r.m.c.lib.g2.k2.a.t
F815,-0.8449365284096924,-0.7865566889207083,-1.0831913988877746,-0.40814267607370014,-0.4678979543995734,-0.9055101631774986,-0.3600110217275362,-1.695093319119637,-1.2754952147946232,-0.7865566889207083,-0.6225303185861811,-1.5581424459817592,-1.7313942641342976,-0.14482472529952045,-1.4712352352616973,0.2209066633491426,-1.3208621753199923,-0.6275380541472888,-0.8031418992179926,-0.46729079843155863,-1.4317533131205318,0.0344297470624396,-1.3509817318096808,-0.9495670511461735,-1.8052744492496333,-0.3431529661152774,PD31126a,S002452.l.r.m.c.lib.g.k2.a.t
F1644,0.714227607491045,0.9327599025771279,1.3075768423984047,-0.40814267607370014,-0.37471673962854635,-0.5405778234299369,0.38215080846916216,1.0117503672237242,0.9327599025771279,1.349560504861961,2.767687281021208,0.21962264785863564,0.4400763197036971,-0.08319926032633752,1.4787734965534256,0.9165013569817164,0.5347591954549377,-0.7756498345881054,1.2647890772435326,-0.29277379727997316,-0.14645313958487316,0.26272558172836896,0.7556826984699542,0.40400819895097495,-1.456742426567063,-1.7919283816293043,PD31127a,S002493.l.r.m.c.lib.g.k2.a.t
F1641,0.2204646424030004,0.12593791526827058,1.6406324407625803,-0.40814267607370014,-0.4884402681189004,0.04478916493430079,0.3810793858057527,1.047888205932765,0.4269943020366429,-0.7865566889207083,0.12593791526827058,0.9726612108236691,1.0859298963602735,2.046324516326656,0.4315770967660433,1.2643723660253514,1.1472590250676704,-2.0832432050934115,0.8333823560396586,0.7964818580309906,0.8191656589637123,0.06402895473782327,0.4173061358592956,1.9298506434483913,1.0710232671755713,-1.009297182685207,PD31128a,S002518.l.r.m.c.lib.g.k2.a.t
F2932,0.5552718383953219,0.6293818614096904,0.6293818614096904,-0.40814267607370014,-0.560070616663577,0.4631516703168828,1.3450859475527541,0.9239427327465063,0.89304184915759,-0.7865566889207083,2.497612466032459,1.6603037312784885,0.7374963413090669,0.2648326182680116,1.1585933787767022,1.1920805123606755,-0.03392688451411483,0.12140238866024469,2.501589591743396,2.3307858527471854,1.34569379735494,-0.6655709601406311,1.5268084020163109,-0.1230320133068218,0.7850284782902149,0.1863899552326791,PD31129a,S002564.l.r.m.c.lib.g.k2.a.t
F1645,0.4073570181314306,0.6496026240174271,0.9061433429751766,0.8038903925214178,0.6496026240174271,1.2898961221703036,-0.6578303649845216,0.0976875869761349,0.5763786310084658,-0.7865566889207083,0.7870015174191792,0.3390850475940064,1.086254431221963,-1.3757840473218323,0.2475931022118673,1.5068693525156274,1.1907367638598096,0.34954736210188475,1.0566378644792058,-0.23670797109125344,0.2638295527793208,-0.26509284447350084,1.9470540082377996,1.553000605222937,0.12932370258449474,-1.4781736314686524,PD31130a,S002573.l.r.m.c.lib.g.k2.a.t
F2935,-0.4935210887778754,-0.4562335314395235,-0.9177184646467912,-0.40814267607370014,-0.09748651495915192,0.31200950555444723,-0.5981249483614792,-1.1236656741574724,-0.4562335314395235,-0.7865566889207083,-0.3657708059964995,-1.3646474590457387,-1.477257642151327,-0.6333836265653797,-1.7905996114996379,-1.6549722249089869,-0.43529276163329567,-0.5695536097595998,-0.8126532350411202,-1.5279322044355574,-1.957434311859568,-0.38881896724402654,-1.2232309449153012,-1.6713567170183194,-1.1769779604665482,-1.5891508294890648,PD31133a,S002602.l.r.m.c.lib.g.k2.a.t
F2937,0.4360869192488271,0.5632850027619251,-1.4170278533258562,-0.40814267607370014,-0.3809202292161135,0.5783267377723248,0.0827040381641967,1.2377612281184673,2.2397680120729477,1.4290280129652524,0.5632850027619251,0.4082863486649334,0.2964522690162196,1.086730515244099,-0.7847523091004477,-1.018128150797042,-0.5095199479325794,-0.5639455144622054,1.3685644623657442,1.7532338457365724,0.8312227937150951,0.33243347068299917,-0.35133768506184687,0.8015047139172395,0.6091626589919024,2.282250925547193,PD31134a,S002603.l.r.m.c.lib.g.k2.a.t
F1653,-0.02578221113037997,0.16175033331258068,1.0005032290852405,-0.40814267607370014,-0.8163785369987607,0.7135407976835777,-1.843401988814559,-0.9433803931076695,1.2833825784993695,0.6200867562405012,0.16175033331258068,0.47450949469408266,0.714802732071099,0.10924329340649126,-0.9855991284472303,0.1865598400353472,0.8134453833700437,-1.5847422069342816,-0.1821361923487996,-0.6474786144909538,-1.074239829505094,-2.866885219598301,2.199580610148345,-1.0806601878367301,-0.4183207600880498,-1.741875622555539,PD31135a,S002607.l.r.m.c.lib.g.k2.a.t
F2939,0.1500253976535107,0.18685605073308698,0.3677064267732281,-0.40814267607370014,0.18685605073308698,0.8376549475873777,-0.598312300236954,-1.1257254609210428,0.5518388774509245,1.5129523718630862,0.025400341705589753,-0.515355015310993,-0.1526919424384473,1.2776117725501748,-0.07393504803790034,0.5650966034566136,-0.04523810269164605,0.22601578678247972,0.1691870240926945,1.30204456045145,-0.1786390128464618,-0.32224155603603133,-0.5465855116893301,-1.8343352902032182,-1.6441531516674823,-1.3914374759122345,PD31136a,S002645.l.r.m.c.lib.g.k2.a.t
F243,-0.4871690113829956,-0.5459207308914602,-1.1886556139433881,-0.40814267607370014,-0.8367757620790994,0.13488465977360806,-0.5459207308914602,-0.1879173493662774,0.46976392408780127,-0.7865566889207083,-1.0352008650337363,-1.586722471084373,-1.635863560354216,-0.8404518663743485,-1.540509570719659,-2.436840501236206,-1.6472926215112924,0.4995253923469094,-0.610804938027042,-0.7939806415329611,-1.691428930548388,-0.5268366826835152,-0.5039006825268827,-2.0430802495961538,-1.494012057543668,-1.3334768054817825,PD31137a,S002652.l.r.m.c.lib.g.k2.a.t
F2948,-0.17589871227024323,-0.17727346728885857,0.3980172167929161,-0.40814267607370014,-0.3111254880353301,1.34047316212288,-1.1624759822241608,0.07853923491793319,-1.2754952147946232,-0.06560519584924558,-0.17727346728885857,-0.5389375896507304,-0.421708937003301,0.24317440277698257,0.5667406608937074,-0.462917032026755,0.395264509956001,-1.1559207453719775,0.5045669526076765,0.0474763238463104,-0.032730808578613844,0.12091444655191359,-0.5533450172017745,-0.235843036028935,0.18303612777200226,0.15302529600227202,PD31139a,S002687.l.r.m.c.lib.g.k2.a.t
F2952,-0.19705016118042604,-0.40814267607370014,0.9457004366375846,-0.40814267607370014,-0.9284498198835809,-1.0788739169316968,-0.12620554303783268,0.7447171812093282,0.8629483272652315,-0.7865566889207083,-0.99858875088846,0.20020694241017178,0.5003599072622567,-0.7517932713912396,0.5305565760589853,0.8452266257466318,-0.18230736530205424,1.5722183991509637,-0.9945164948071475,-0.3482701243847544,-0.03613853453190887,-0.8023721597236585,-0.03923339842497236,-0.6097364718925838,0.12825283257859946,0.7546838385561104,PD31140a,S002706.l.r.m.c.lib.g.k2.a.t
F1690,0.08410924715944472,0.05816592570689223,0.05816592570689223,-0.40814267607370014,-0.008120771168876148,0.3331110831950973,1.398279358698844,-1.4721267081930303,0.0779490917630051,-0.3203076105244084,1.0981755310311787,0.7036675101691503,0.7691940980476674,-0.9741772418896717,1.344058838153929,2.6884326031731507,0.1252549490241978,1.348928406460369,1.7707012628074368,0.25833359753067353,1.0378699684692758,0.7102368349884821,0.4498836622839193,-0.4857318145639992,-0.03158801890084655,-0.7907439433419882,PD31144a,S003021.l.r.m.c.lib.g.k2.a.t
F286,0.3825832838677502,0.3489239742047092,0.3489239742047092,0.5498983762926235,-0.8817398418025366,0.552932900416933,2.280451288894077,1.2847464898412784,0.2578823229879614,-0.383921567243033,-0.5659243887822605,0.9148312593665356,1.0090298345223536,1.6295052448402247,0.12880229544262534,0.3268792920546426,0.34961200205744997,2.4696290467673134,1.3218400021273422,1.8189233940562826,0.840792840331805,-0.48369770445518906,1.6375622081786734,1.3669530019572544,0.7644236386851229,2.2705763845377933,PD31145a,S003078.l.r.m.c.lib.g.k2.a.t
F288,-0.21036570618896833,-0.304949461625035,1.0682795119253967,-0.40814267607370014,-0.7508593000239285,0.297939025779272,-1.3765217096959805,-1.1184244194375306,-0.044006822649841605,0.7433944961006324,-0.304949461625035,0.13806057301300162,0.07462590883240679,0.6250316397816096,-0.5808478027108255,0.4976674231560436,0.46482259043039525,0.79602757953756,-0.15598167535983207,0.3685984317886288,0.12414335149726563,0.1099390432710711,0.19159580950070262,0.5994717231505468,0.711597759952599,0.5725994228394794,PD31146a,S003098.l.r.m.c.lib.g.k2.a.t
F302,-0.24267872525556453,-0.02595679150126427,-1.2904896216778585,0.8104985918418993,-0.443040660972891,0.8446080028431179,-1.3537837761973917,-1.1504105493831207,0.24095755568499275,0.1835087220624357,-0.02595679150126427,-1.1065244270910846,-1.092555361162615,-0.8733848052854113,-0.7951070139048846,-0.8004135466256648,-0.5589379052972255,-1.2649520450225922,-0.3724566667015837,-0.7137857796730974,-1.4625832469219067,1.2722280049988417,-0.982614585612752,0.748197546113686,1.1511682787814759,-0.7616850242434249,PD31147a,S003106.l.r.m.c.lib.g.k2.a.t
F267,-0.4737194997091963,-0.4663808062434559,-0.9747658478570516,-0.40814267607370014,-0.3590583876454679,-0.18377873952740648,-0.6630181423941015,-0.5558311063031619,-0.5216382525374414,-0.1308615388009801,-0.4663808062434559,-0.8852987331985601,-0.9970480646484557,-0.5309769437602996,-0.6183758203159617,-0.25131927883503974,-0.8815022848421449,-0.6665747527585217,-0.022267785480944793,-0.660799302861132,-0.42009664399399643,0.6300080072009396,-2.4448413059436302,0.3317033365239816,0.3262084729581679,-0.14027550457591753,PD31148a,S003121.l.r.m.c.lib.g.k2.a.t
F259,0.6996119892344785,0.7383454787761601,0.7383454787761601,-0.40814267607370014,2.206638271165799,1.1484551508392769,1.5746500145075732,1.7030520749898181,0.16213154527966256,-0.4082062689020976,-0.42041568747218566,0.07725384588700304,0.05949856916957457,0.9115039086679005,0.5941721510604393,0.8563712275267462,0.8241383688724547,-1.1127337547456184,-0.6832239606343142,0.15410913120700692,0.1983667372445871,-0.14265525662987422,1.1878049420929457,0.5767832713533082,0.3558252627624182,-0.47557605950003207,PD31150a,S003177.l.r.m.c.lib.g.k2.a.t
F904,-0.1716362643332624,-0.40814267607370014,-1.4170278533258562,-0.40814267607370014,0.971144887072971,-0.653988751302481,0.10768750407245647,0.36671265943041276,1.5101963155158313,-0.7865566889207083,-1.2347517754682873,-0.8201912995523473,-0.8895086710474023,0.32721864507187476,-1.945043497648241,-1.6390821901178383,-1.8461821188384575,1.0269585425311607,-0.22800771180286825,0.899799782911644,-0.4574755293245334,-0.20829886623350102,-0.7914556239142149,0.8472213717248553,-0.5333909452495186,-0.442804246833654,PD31151a,S003303.l.r.m.c.lib.g.k2.a.t
F1728,-0.8064369921661084,-0.8482638561007386,-1.2812251279341653,-0.40814267607370014,-1.1852516368084818,-0.11026301284511855,-1.5375023919944968,0.1747676759770563,-1.2754952147946232,-0.7865566889207083,-0.8482638561007386,-0.652586480368972,-0.5273453602754934,-0.29555194446468497,-0.40842753831917,0.49630627343361206,0.1239294222239883,-0.8229808074296029,0.12564224108686053,-0.013532897299552994,0.11239672272102968,0.912284412770384,-0.1286923794564254,0.8518125667123272,-0.37393738215686156,0.5377544108016789,PD31152a,S003304.l.r.m.c.lib.g.k2.a.t
F905,0.14221179333221537,-0.044613532046400436,-1.1841417096892615,-0.40814267607370014,-0.044613532046400436,1.187877903965165,1.4878010655415954,0.16392709406283193,-0.09326007529140462,-0.2026848813162795,0.37314295083739224,0.4063375173309955,0.5966862830318733,0.7661624349734241,-0.5299410391757818,-0.35397692052285573,0.6495662022400509,-0.22748058555886655,-0.2025831574612503,3.2808112802698357,0.9280927905827301,0.35064832728329876,0.6421637483633449,0.3825599613465658,1.505093980187774,-0.38193094821527684,PD31153a,S003325.l.r.m.c.lib.g.k2.a.t
F2970,0.5879207140550117,0.7305592543513342,0.876909493449181,-0.40814267607370014,0.7305592543513342,0.9798774190473973,0.4950405983721459,1.6197797932932545,0.6339615088701179,1.0604698158909187,-0.6971687807055438,0.9800488947592392,1.1517122667002344,0.8710054027884231,-0.2769634816844861,2.4844507801343205,0.8555642188171204,-1.1249723223767527,0.9557473072118717,-0.02525281570904048,1.4444672689251448,-1.2288543142982422,0.7527469495718913,2.5080843578878302,0.5408781156824624,0.8354730491180884,PD31155a,S004227.l.r.m.c.lib.g.k2.a.t
F238,-0.47388581022092363,-0.41419481045459405,-1.237336555938492,-0.40814267607370014,-0.19352560202394548,0.8696621349932877,-1.677645090396516,-0.6686867450443517,-0.41419481045459405,0.34223614946349046,-0.8773390965134912,-0.36045043787031433,-0.20221077068754842,-0.18453405490327057,-0.7133519917814258,-1.8731778564629955,-0.3138925439065514,-1.2550466728445793,0.13459985693915277,-0.5921233753564175,-0.6192298487605925,0.08374152278890287,-0.14209888552949843,-0.8477141653325116,-1.3045206473547997,0.04967341302376925,PD31156a,S004241.l.r.m.c.lib.g.k2.a.t
F1803,-0.8196909223843416,-0.7865566889207083,-1.4170278533258562,-0.40814267607370014,0.10767983955183419,-0.6678715734680778,-0.9638060404646112,-0.7650825793404774,-1.2754952147946232,-0.7865566889207083,-1.200915514622855,-1.1367569840727514,-1.0744565225415117,-0.35512449956344044,-1.0821394888734723,-1.0498342647220633,-1.3469168582453563,-0.5394504094004702,-0.21020161310824625,-2.2574733058635243,-1.4605487018008754,-0.11284909714540779,-1.2829457414514673,-1.3133542311203654,-1.7626105124124398,-0.41947644047975696,PD31157a,S004264.l.r.m.c.lib.g.k2.a.t
F1807,0.015413857058158861,0.0836316397443504,0.7497245792646071,-0.40814267607370014,-0.6245786532098996,0.0836316397443504,0.6030550345386182,-1.5728383111247242,1.2976572112259925,-0.7865566889207083,0.7967725780788937,-0.31933067420615907,-0.47085899511263746,-1.3660592950796373,1.5544352008467857,0.19803543818468697,-0.3442406312337041,0.9087305210221632,0.29200357886048534,-1.3290173382302304,0.4952740207810712,-0.44765145251896094,-1.295866569241628,-0.037686339441100294,0.481052224317846,-1.2442436647044228,PD31158a,S004321.l.r.m.c.lib.g.k2.a.t
F999,-0.1531282067168246,-0.20123053345407743,0.2891986503774754,-0.40814267607370014,-0.35682612563206995,-0.20123053345407743,0.1537667437480698,-0.6076597748379847,-1.2754952147946232,0.16811962298847616,0.8601154472270126,0.3184458061334059,0.6900689211499836,0.7318571377938851,0.34056311228947445,2.5601376267291376,0.29520747314742507,0.45492080547810787,-0.7488080619103449,-0.24259145054834444,1.6241661144063864,0.3624915359007787,-0.40875135831959436,1.9803439104417857,0.0163596349380099,0.03819983441439814,PD31159a,S004350.l.r.m.c.lib.g.k2.a.t
F3111,0.7115971612752294,0.9911460359347324,1.3578267487136784,0.5491828399906786,1.5647285106477162,-0.19994656553182616,0.9911460359347324,1.3805889159970166,1.1958049413664533,-0.372108287410251,-0.06284868823113421,-0.09130780845257291,-0.3504156511051484,0.15052014522586904,0.23667485695316146,0.16809104974931355,0.4373027442371114,-0.6018560623241039,0.4703335995974973,-1.1266200129186505,0.04700977718997,0.882655840871771,-0.1963937599641231,-0.43997397955922835,0.43876122921917915,-1.4205806579633615,PD31160a,S004386.l.r.m.c.lib.g.k2.a.t
F1808,0.17153049229651288,0.5786308531945338,0.8965185041076165,1.2754133531695249,0.10924829294184439,1.3557040855230622,-1.4058056657028428,-0.9731680604467532,-1.2754952147946232,0.5786308531945338,0.9827282826762533,-0.07565974820862738,-0.05047011772503663,0.8416426017749951,0.1488701122665072,1.1706379775969553,-0.02268666888125606,0.10494089160310921,0.5606260773941161,1.7451074062585277,0.942562651592657,2.570227043816113,0.33799971694848213,0.5498234933759539,-0.82902120562213,0.1818835863187449,PD31161a,S004409.l.r.m.c.lib.g.k2.a.t
F3114,-0.34779354320561784,-0.4580409547173084,0.5751631557536127,-0.40814267607370014,-1.0472076483740396,-0.4580409547173084,-1.1243203255430474,-1.4041255428132413,1.3352934872487605,-0.7865566889207083,0.18779530458911176,-0.9667078564563137,-0.7629281208020596,-0.4723565612709476,-1.6357763444604185,-0.9069892956362846,-1.1007368552644199,-0.7353829776212345,-0.8920524414007585,-0.45556724857033765,-1.2262673440277498,-0.24593834570077303,-0.11313038005530424,-1.0001119899192505,-1.2679589331660595,-1.8619795800187156,PD31163a,S004450.l.r.m.c.lib.g.k2.a.t
F3116,0.8858090487677327,0.7735445826460879,0.7735445826460879,0.6442787573201795,1.47864315535616,0.597369295347822,1.8599581611327611,0.8565102173805663,0.13309165568656411,1.9062873595038274,-0.27740174546437335,0.25801550806892654,0.22442174544847174,0.7746290792389572,-0.22367517271066611,-0.9803586470050994,-0.381399733172534,-0.5684761438938813,0.38175684503587365,0.08728527278136759,-0.22133590000994524,-0.29312586064531904,0.037810671768845255,-0.33235373577005967,0.037597472874582545,-0.7657733549382356,PD31164a,S004481.l.r.m.c.lib.g.k2.a.t
F446,-0.9275966344446042,-0.8573192053863757,0.7012552621641704,-0.40814267607370014,-0.7895265419735336,-2.5083232549221064,-1.2397988223616572,-1.1844625677329044,-1.2754952147946232,-0.7865566889207083,-0.8573192053863757,0.3187502822578732,0.24568611801724477,-0.06705294539964993,-1.4135752092269827,-0.8762458577665923,-1.182198117677265,-0.3726828110278965,2.031846952214205,-0.6972415915036534,0.39755470567675033,-1.9009127707569669,-0.805211768608776,-1.6674952474107638,-0.6749981565348078,-0.5151503377201658,PD31165a,S004511.l.r.m.c.lib.g.k2.a.t
F447,-0.41468526729950894,-0.40814267607370014,0.4558736490591771,-0.40814267607370014,-0.6075641148231372,-1.0186115149766883,0.36204178959835404,-0.3417273829643705,0.012349189648292371,-0.7865566889207083,-1.3998296562427999,-0.431222662520127,-0.19558758884121358,-0.20356609284532315,-2.2661576437406423,-1.4429588167539626,-0.1362510842281545,0.7791717225974664,-0.4539951962220289,1.3153253984009339,-0.7023318316899412,-0.8771931738990086,-1.2727731865287542,-0.9577362846807385,-0.7996679458621028,-1.156824268964527,PD31166a,S004512.l.r.m.c.lib.g.k2.a.t
F3120,-0.1817600884832927,-0.1537309291154928,-0.13590614037068538,-0.40814267607370014,0.973546637775041,-0.2938545427245418,-0.6388569184644576,-0.05932722296752131,0.041644559758894695,-0.1537309291154928,-0.9612135641671707,-0.7237884386299714,-0.6303446019611634,-0.10831810044230701,-1.216831297808884,-0.6641087065942818,-0.17858606346450104,-0.398330589946966,-1.2383522327448342,-1.028838996580416,-1.4452943656994646,-1.401825483928808,-0.742040430278882,-2.8564045706804864,-1.065505100183097,-1.7945491145503192,PD31167a,S004528.l.r.m.c.lib.g.k2.a.t
F1012,0.20265058994442167,0.551571259846046,0.6261963937547625,0.869212178483027,-0.2623194421920091,0.11751262026962646,0.551571259846046,0.5867595196663946,0.8223435729710888,-0.7865566889207083,-0.7008641043784326,0.3564663906941192,0.5274755987764298,-1.6088618214264634,-0.4311182510283963,-0.6493240419807166,0.8019281277687808,0.583450321357623,2.1588634006951373,-1.8406130619649943,-0.3150810672997991,-0.8062823247756585,-0.05511382775060653,-0.9262817581154108,1.6280780109386195,-2.2047400140548192,PD31169a,S004575.l.r.m.c.lib.g.k2.a.t
F1828,-0.6351263610597432,-0.7833079122684596,-0.6686003085120534,0.9902243998357471,-1.082289672104787,-0.917534301915882,-0.7833079122684596,-1.7256833513805683,-0.5346225042604038,-0.7865566889207083,-0.20776691001057354,0.28901393219698784,0.40960651569167356,0.5071264995332067,0.17532343043605975,-0.2263353870707503,0.7293216041593561,-1.0378051709018703,0.7401750545429855,-0.6406887694500591,0.4578244091983775,-1.0042783742624912,0.7433799678737216,0.5501850070611964,-0.7496682803284699,0.6084258882129896,PD31170a,S004648.l.r.m.c.lib.g.k2.a.t
F1015,-0.27567165247361297,-0.08124383780215386,-0.032823142794210926,-0.40814267607370014,0.0005107123579050345,-0.08124383780215386,-0.004035974111722006,0.26605383888904466,-1.2754952147946232,-0.7865566889207083,-0.15931188901234808,0.13033626464041267,0.37820890212751107,-0.21733714386583322,0.024753965344936152,0.5167685120422617,0.37952764242035714,0.647159112705024,-0.07317831682169626,-0.9046471223121713,0.6349772320636992,0.8187984335929565,-0.41666460271667577,-0.4935369816760211,0.793901143423175,-0.010180072202830091,PD31171a,S004671.l.r.m.c.lib.g.k2.a.t
F1825,-0.3387523774737018,-0.40814267607370014,-1.2454893180518656,-0.40814267607370014,0.5770513895174151,1.6871875420400095,-1.430667763463245,-1.0671047544311794,-0.39484816324824784,-0.7865566889207083,0.019799035368204876,-0.6107850064754788,-0.534370715715728,0.40229905443403874,-0.1105768488901131,0.08961002706267929,-0.22518396799802137,-0.17822780148146256,-0.20799756170740716,1.9603543118490525,-0.4156058230125278,2.4322404591700506,-0.8012316596623835,1.0068079893769044,-0.7186061205649709,0.392859511121056,PD31172a,S004674.l.r.m.c.lib.g.k2.a.t
F3131,-0.3533682688978004,-0.38914308081481913,0.09382122135654006,-0.40814267607370014,-0.4845228030461942,-1.2800279269005657,0.1868858885533513,0.4426477667708303,-1.2754952147946232,-0.06633759513102215,-0.38914308081481913,-0.5110623112837215,-0.1299687706343734,-0.25575249482806184,-0.7570039954059686,-1.1216715326890154,-0.6998736510357968,-1.2583100226950419,-1.3317893052212821,-1.030284386746518,1.120589354576639,0.269080266809562,0.5457667782586354,-0.18152707104781282,-0.4028142089363395,-0.38701540111813026,PD31173a,S004681.l.r.m.c.lib.g.k2.a.t
F1833,-0.0066585952079649185,-0.4795049673644868,-1.4170278533258562,1.5496904870102857,1.8316257932860576,-0.9357694540795596,-0.4795049673644868,1.426413496422284,1.0211627367976617,-0.7865566889207083,-2.2699609066973627,-0.8349316749049933,-0.8718566892692595,0.778095726272647,-0.4060313901503279,-1.3665077934001526,-0.08332260420194662,-1.3069225455425255,0.7284264154976055,-0.4003133249311695,-1.033414845129741,0.0018421912656664682,-1.0385914006401282,-1.559017611031457,-1.0766942469989675,-0.5195199446801108,PD31174a,S004703.l.r.m.c.lib.g.k2.a.t
F460,0.10825215457194123,0.3672572831626005,-0.8590841196781913,-0.40814267607370014,0.3672572831626005,0.8565772047097664,-1.3157242215469445,0.5603944935769193,1.7530582968450588,-0.7865566889207083,0.8064898190726705,0.35059166530242086,0.41333273476097215,-1.5840299283614059,0.5160652914927337,0.31525862555314677,0.7774882490994184,-0.4335186382515723,-0.35409162329785293,-0.15213074341299448,1.1520337514829393,0.849422605811818,0.2497360771529022,-0.37924145926475816,0.19705734958462687,1.1522860934436228,PD31175a,S004724.l.r.m.c.lib.g.k2.a.t
F431,0.18144209619833232,-0.1848447452266358,1.1016815321955757,-0.40814267607370014,1.9539672890174864,-0.1848447452266358,1.1206870453283213,0.867423955637072,-1.2754952147946232,-0.7865566889207083,-0.7557416313777966,0.12110054806894403,0.355216056011408,-0.9049767046439359,0.2459752750083199,0.15131978260412277,0.39632713398212904,0.6277667912436088,0.10821197469279893,0.4579687193526429,-0.5299873477283435,-0.34271946829440875,-0.007851003447498462,0.5699785802628123,-0.12294782077926995,-0.4599474067926953,PD31176a,S004726.l.r.m.c.lib.g.k2.a.t
F3135,0.47747937100195426,-0.29965153114439075,1.5546302660707647,1.0369384934982107,1.9346963451805483,-0.5598317977003168,-0.30164074826120857,-0.6835082861777443,2.4022382864724334,-0.7865566889207083,-0.29965153114439075,0.0002856362471830191,0.2844278479461139,0.33542848251503304,-0.277176164052671,0.0715845677791889,0.5899142431894728,-0.8275036491532347,-0.5050186645210337,0.08818525155054123,0.14870386465492824,0.8676020875859555,0.19845752928036453,0.5335182975734585,-0.6754370178700065,-0.6890607798159905,PD31177a,S004739.l.r.m.c.lib.g.k2.a.t
F1839,-0.16692794947616274,-0.40814267607370014,0.5497009823619504,-0.40814267607370014,-0.9556340534128458,-1.1391194630820543,-0.9961694737643871,0.3861403511025329,1.2955221422228116,-0.7865566889207083,0.5519073342809364,0.8607359510815648,0.645743125986571,-0.5712999520790605,-0.7913280307436912,-0.9986541275208882,0.4292127799660812,-1.121829535265952,0.9602826337438563,1.5909904424880668,0.049378953975179225,-1.1160350485007162,-0.5979913671908553,-0.10942345026171978,-0.05646801559191045,-0.1252153846129859,PD31178a,S004758.l.r.m.c.lib.g.k2.a.t
F3139,0.5340713118489272,0.7723555736160002,-1.2053184553711715,-0.40814267607370014,0.7766620781835711,2.1652440725741333,1.3995335335275307,0.2718870954901273,-0.2341147157765806,0.7723555736160002,1.2685353004704338,0.5063307173767757,0.39738280928948577,1.8924047265526651,1.513523617871329,0.7163684602720142,0.15039890577071596,-0.38708301317907573,0.14421479808928886,1.1197340869966304,1.1523389764855787,3.233274568522138,-0.2610520944907899,1.8042290527734641,-0.27711967100254686,0.3133149821070806,PD31179a,S004771.l.r.m.c.lib.g.k2.a.t
F3134,0.2571097383754829,0.3491021330934804,0.440785886658269,-0.40814267607370014,0.39437454326342924,-0.0962929730061441,-0.9734417594765697,-0.2760866413510684,0.6196808436360908,2.264008288635559,0.3491021330934804,1.197120595405771,1.07549640817081,1.5939122169108508,0.9811045537278135,0.4943646711337234,-0.19159030889329148,-0.4963773046590585,2.173503792817808,1.2404279250363195,1.4469923479925522,-0.27733515900713945,1.106229528098217,1.517747824839858,0.43611176096322085,4.679825660507438,PD31181a,S004819.l.r.m.c.lib.g.k2.a.t
F2621,0.1461412643381098,0.1912128794747201,1.115365886311383,-0.40814267607370014,0.7069820503342851,-0.4291661098577516,0.1912128794747201,0.3342337784570839,1.5303012354694014,-0.7865566889207083,-0.9389589761517251,0.7169787899041312,0.8697643292257685,0.26061071384539997,1.5186641739972415,0.42422068071733404,1.1919046804676343,-0.8038642741979539,0.7141362615345215,0.07065549722044909,0.5291491428418827,-0.39240528407488534,0.39288618412800497,-0.6144520446641588,0.5064711746639368,1.187632329660651,PD35926a,S000002.l.r.m.c.lib.g.k2.a.t
F2632,-0.561477205524269,-0.5763031473953122,-1.4170278533258562,-0.40814267607370014,-1.2945473457213088,-2.05490216377917,0.1892811704271936,1.6186015046918645,-0.5763031473953122,-0.2747419786853697,-0.8355123598567622,-0.49616595725746326,-0.4206750266360089,0.7241636543498283,1.2113757753804377,-0.37463247088199003,-0.1589927661534381,-0.5155414301001073,-0.32368328380684985,-0.21465310809980057,0.2504669200439788,-0.33225698653216995,-1.5162169978562694,-2.150518522599734,0.5048192679830132,-0.17031755190266892,PD35927a,S000003.l.r.m2.c.lib.g.k2.a.t
F2623,1.046033281974956,1.208069674527897,0.7577968479118994,2.07655317334421,2.063737198118355,-0.11996521974509382,0.9898412245210106,1.8514644164897887,1.208069674527897,-0.7865566889207083,1.3733589115272469,0.8514573675304002,0.8708749175244056,1.7833489306226709,1.1761221272999884,0.23283721496843213,0.8856826413699771,-0.9439084514610938,0.5931789023571132,-1.3713653189379775,-0.5322041714792153,0.4227648559890372,2.7664685937432965,0.6641258132711715,0.4511360978910404,0.5491850336236985,PD35928a,S000012.l.r.m.c.lib.g.k2.a.t
F2636,0.5670183422526909,0.8178094958914708,1.1199452683247335,0.8178094958914708,-0.9263265672789225,-0.6811925690548565,0.48394749063182396,-0.24250143727599555,1.850696988694091,0.9581410009411012,1.7226454094007724,0.6233984770385171,0.6178424342146387,-1.5934297672702606,0.6123210337939643,1.2199562717419417,1.1916034913297011,-0.4099054467483851,0.22352554597272936,0.4844373960469062,1.0787777545870945,-0.8464990461703537,0.9831825571651083,0.6423465984822447,1.0056068109600982,-0.05095304686089019,PD35929a,S000039.l.r.m.c.lib.g.k2.a.t
F2637,0.43685103853977164,0.5298336972259831,0.598939237459433,-0.40814267607370014,-0.07659975575404736,1.692685546193968,0.5298336972259831,0.4937139259557208,-1.2754952147946232,1.2889775611103598,1.0877470255348507,1.0022345338475018,1.2025268382042256,1.4490936352949628,-0.031535983290682745,0.5547115023036965,0.2762273285128383,-0.700955552500865,-4.052334552869657,0.7347636872772021,1.3583630609915807,1.041624480077884,0.5334088228005495,1.9372771340328903,0.8951428356078696,1.9155498408022618,PD35930a,S000049.l.r.m.c.lib.g.k2.a.t
F2639,-0.42346210557790637,-0.40814267607370014,1.2003975413460992,-0.40814267607370014,-0.2087679655654537,-0.30703855295647914,-0.8061337868948999,-1.0678924574420914,-1.2754952147946232,-0.7865566889207083,-0.15152914889930036,0.5449871415208585,0.7945992615523525,1.1545131934187223,1.7618404423851026,-0.05751160983779174,0.2837021137564091,-0.7333212364621552,0.8099448958515797,0.28411471747589484,1.1648538293432886,-0.8526202210382333,0.7833802247839975,0.8886186967517932,0.0046833456478424,0.6579514338454661,PD35931a,S000054.l.r.m.c.lib.g.k2.a.t
F575,0.748405978072695,1.1359873413797983,0.5054305923861784,-0.40814267607370014,1.1359873413797983,1.4309333216718405,1.1844539314409404,1.4966492344200704,-0.20616684933882448,0.11013850042565086,1.4863704063423007,0.7756768785469316,1.3034565107221514,-1.2760883189384686,0.7114214339223119,0.9322163373845079,0.7548195174565231,-1.2074528426180986,-0.06910731837290109,0.6699665770105407,0.3330734801353405,2.640361329027319,-0.29324647645650515,0.1042985441755994,0.7745414271237873,0.22328310736966736,PD35932a,S000185.l.r.m3.c.lib.g.k2.a.t
F576,0.2652664694556139,0.14383505621296047,1.099791383163459,-0.40814267607370014,-0.4576775010877605,1.419756168442973,0.1691536929247619,-0.6032229085204619,0.14383505621296047,-0.12146712640264382,1.1453721364409375,0.5622633332072848,0.44800839315099944,-1.079851410670504,0.2689540440744088,0.33298245226704937,0.942458314549321,-0.23564231998562277,0.10407052148233929,1.540176965607485,1.5646665106023852,0.8801724579739552,-0.533489370749551,0.8926350163396157,0.815067533652665,0.3051083819716213,PD35933a,S000186.l.r.m3.c.lib.g.k2.a.t
F577,-0.7752401461135974,-0.7852991084363725,-0.2781429168333244,-0.40814267607370014,-0.7852991084363725,-1.3934066936567688,-0.8918038667930758,-0.9475223528695648,-0.6052109349929689,0.23363031052153493,-1.901263075888136,-1.8139930238483972,-1.8870029933991772,-0.6458346735469903,-2.1611672579157393,-2.0308880612513005,-2.460779936576188,-0.8815970815992681,-0.09551916343315456,-1.9119398940684915,-1.485273552239054,-1.0683004812155654,-2.1442782452242777,-1.3015349993171021,-1.9921095584821804,-1.4461909664417967,PD35934a,S000193.l.r.m3.c.lib.g.k2.a.t
F6,-0.32351059506619634,-0.3788534967672462,-0.10532726609400123,-0.40814267607370014,0.7680195422617716,-0.3788534967672462,-0.8478036422992766,-0.25804365049946504,-0.07995374414154637,-0.7865566889207083,-0.8149337330615949,-0.4462430784667463,-0.7695597890031319,-1.2512813452542308,0.15231054146741158,-0.5133084056537152,-0.9054444747878586,-0.9841371606696843,0.7077972134056321,-0.48220495948960296,0.7329394640576413,-0.03630182160493017,-0.07420346760364165,-0.7246043194372485,0.05976345057392748,-0.8956112192454386,PD35935a,S000200.l.r.m2.c.lib.g.k2.a.t
F1405,-0.5984170595019109,-0.7865566889207083,-1.2919526244812298,-0.40814267607370014,-1.2493001321762325,-0.7328344271339222,-1.4520852624052791,1.2644307006005049,0.8984877540352764,-0.7865566889207083,-1.6278001789619079,-0.23840969198864526,-0.3039533011902163,0.9438111195702213,-0.03816059697277021,0.7175925165659743,-0.02741240920596024,-0.6785551088187827,0.27029632060491804,0.49449971283163896,-0.10567985516403024,-1.5121512911925739,-0.8395149758979985,0.10761269474122409,0.8592839562273759,0.28241173473304987,PD35936a,S000204.l.r.m2.c.lib.g.k2.a.t
F578,-1.1410826490558217,-1.2754952147946232,-1.4170278533258562,-0.40814267607370014,-0.6853506751471715,-0.5193498315708933,-1.4833181073977986,-1.8190020555648367,-1.2754952147946232,-0.7865566889207083,-1.8755007387068061,-0.9144142760087292,-0.5822723458125192,-0.1142921013486964,-0.5523199465400681,-1.1201336562253013,-0.19532961220577516,-0.6884850741888637,-0.4713548854387431,-0.7658899547187333,-0.6584813949365425,-0.3704312109282518,-1.0358017777330992,-0.9033244480852453,-1.7833810663267058,-0.3215576661103638,PD35937a,S000209.l.r.m2.c.lib.g.k2.a.t
F1408,0.024739186835842746,-0.4147737264102776,0.9672319517295631,-0.40814267607370014,1.680669578777819,0.868085403684103,-0.4147737264102776,-0.7297777030555653,-0.5310225857971437,-0.7865566889207083,-0.4230608724115054,-0.06132334885067876,-0.1171665735942053,-0.6437951760423303,-0.36633075329642867,0.22006303359926205,-0.25386744760653374,0.5756849605346718,0.6190165607364149,-0.9897706510327862,0.36565173240686927,0.7011493680617429,-0.08743380631663532,0.5312195210261755,-0.5244607445907796,0.4305201880127886,PD35938a,S000213.l.r.m2.c.lib.g.k2.a.t
F1,-0.867437141496334,-0.9033918932143188,-1.4170278533258562,-0.40814267607370014,0.16230694830812728,-0.013889457260148058,-0.9033918932143188,-1.9999226586713017,-1.2754952147946232,-0.7865566889207083,-1.1648147795144765,0.07850425011434742,0.002251852968475869,-1.6401166068221344,-0.9417872776089585,-1.6134947657619236,-0.6854318886860946,-0.5734762723963285,-0.04476481226020917,0.32079917034671274,-1.4577477600736664,-0.8974127629437043,-0.5890001753789991,-2.163702484429866,-0.7416176822210775,-0.1513419476014416,PD35939a,S000215.l.r.m2.c.lib.g.k2.a.t
F15,-0.44158694147398464,-0.40814267607370014,-1.219295687423189,-0.40814267607370014,-0.7988911048608311,-0.9642544890717674,-1.843401988814559,0.061549207273022814,0.8336848707795939,0.7398168680480158,-0.3753474731224475,-2.1206100389565545,-2.4685909858335333,-0.43291663013576165,-0.7256388876842019,-0.0712098111457135,-2.7079983686882767,0.07786455173061749,-0.4830813941779566,0.44803520294359944,-0.9269933820713623,0.17519015002022734,-1.001181732176647,0.5700395815553423,-0.7829585745055764,-0.620108843561901,PD35940a,S000216.l.r.m2.c.lib.g.k2.a.t
F579,-0.5704317727943241,-0.5991719612738131,-1.2992226324395266,-0.40814267607370014,-0.8213494031595311,-0.3194388316996254,-0.5991719612738131,0.6507383116181708,-1.2754952147946232,-0.2607310121167956,-0.8010725352094724,-0.33508010631164975,-0.5605794709197405,0.2908834111737959,-0.38286817144442076,0.15420009845157548,-0.4513028877303297,0.931926746324555,-0.8406547476851194,-0.07320862502658534,0.238115907409973,0.36293555566139446,-0.8885466316278222,-0.498301750512146,1.0119763152175254,-0.6434586594757856,PD35941a,S000219.l.r.m2.c.lib.g.k2.a.t
F2705,-0.42490909277223377,-0.40814267607370014,-1.0787675633350216,-0.40814267607370014,-0.8864029275548587,0.4824647924275287,-1.843401988814559,-1.0119775389529129,0.3491767428227552,-0.3796518396098851,0.9525211641405493,0.685426526122209,0.6216188062207512,1.851071765499679,0.20182419000973265,0.35839616674692876,1.8706745248608778,-0.37668701545996985,-0.07468008476985495,1.461861214001043,0.6577936483581582,0.23375344899687087,0.10041058263409142,0.19482594982803667,0.4257215376042244,0.3860777077816946,PD35943a,S000443.l.r.m3.c.lib.g.k2.a.t
F2707,-0.012264036971628887,-0.3095872648411148,0.20751808752778922,-0.40814267607370014,2.1882296154950933,1.1081169728026359,-0.7844424731140346,-1.2180230969135348,-0.3095872648411148,-0.7865566889207083,-0.10748880870708591,0.008352000092533353,0.5875785899761278,0.6153796239797974,-0.1776870640237104,-0.8083066046530127,0.7069197536824394,0.06310912314078791,-0.23481830457201405,0.3411689789837556,-0.5404879493929647,0.5684660318999735,0.20363065056690285,-0.5634183509075052,-0.5946477444764424,-0.6171748515423867,PD35944a,S000439.l.r.m3.c.lib.g.k2.a.t
F2710,0.534253782009493,0.8108171993767718,0.9593111700856357,0.8108171993767718,0.6121314517198722,0.17266462138826394,1.3192834279338603,0.8141029660649355,1.494845730551184,-0.7865566889207083,-0.5883158401143778,0.5574956144406985,0.8346182806579396,-1.2418638174466607,0.5671186994842073,1.096256181089328,0.8927052874061674,-0.9156981596057435,-0.4646207823713535,0.34720797998828995,-0.1630325425524945,-1.1801743601269814,-0.3232176332789242,-0.12383276655011088,0.652924851796026,1.3162413266810473,PD35945a,S000453.l.r.m3.c.lib.g.k2.a.t
F2712,-0.0015813949291133894,-0.29156093603296523,0.30393219315322456,-0.40814267607370014,-0.3492931937444144,1.7880569679070584,-1.1993297563417242,-0.8190858507033825,0.7992489100110235,-0.29156093603296523,0.16194178746285967,-0.11311596627760516,0.06968044597861156,-0.6348327983471205,0.1533567772330402,0.6771894365688383,0.09559697822535315,0.05134432824116776,-0.06743843612517307,-0.271274323272502,0.7409121306699106,2.141412161933444,0.683440352489888,0.1272435463513349,-0.03224012136040274,-0.29622340106325096,PD35946a,S000488.l.r.m2.c.lib.g.k2.a.t
F620,-0.8205548893051428,-1.1102642632021757,-1.3100871846270263,-0.40814267607370014,-1.3851258266690996,-1.9195525507358482,-0.1734001694440567,-1.1102642632021757,-1.2754952147946232,0.39250618097866385,-0.19543229917841962,-0.43051440455574586,-0.69163523290723,0.2864264571204386,-0.6954196902372307,-0.38880170186874147,-0.14605487658905522,0.3359744849296781,1.1550095414044188,-0.9806874917761859,-0.9729993227339733,-0.5698766685800549,-0.9829490534874104,-0.6578985829310174,-1.9387216510892755,0.04263827310751707,PD35948a,S000506.l.r.m2.c.lib.g.k2.a.t
F646,-0.8499565844012769,-0.7865566889207083,-1.4170278533258562,-0.40814267607370014,-0.4277033028300769,-0.8478119511974718,-0.07093299665580981,0.04546655976195138,-1.2754952147946232,-0.7865566889207083,-2.461405135575197,-1.2892562868633446,-1.4347892872895136,-0.26122197385702095,-1.885909232272866,-1.1649025123777126,-2.506081698415944,-0.04699975996669223,-1.015702292361062,-0.7050724541274307,-1.4588489072368176,-0.7005523527919109,-1.7603306479107057,-1.4839478032414573,-2.3523283091112,0.5394566021156242,PD35951a,S000712.l.r.m3.c.lib.g.k2.a.t
F1450,0.5745013836776027,0.4996693443743589,0.3826839945217425,-0.40814267607370014,-0.7579384936275574,1.2742202868454895,1.6752731806494627,0.9194264108893179,0.4996693443743589,0.09811447605371305,1.4872059294655977,0.41527809518602204,0.6974585891574461,-1.7443891504767661,-0.02262566973499759,0.978714853134335,1.0096754695979988,0.4633782144592777,-0.7051217945123462,-1.0247623271083772,1.4478215158979624,0.2506850575246048,0.9995542874590929,-0.3701003235862421,1.2406961936377923,-0.38574781713951073,PD35953a,S000728.l.r.m3.c.lib.g.k2.a.t
F650,1.2150806338789886,1.1315241078910476,1.1315241078910476,5.060193677007201,2.691144749283284,-0.3173297589268445,2.4881208065433422,1.2087097654431085,0.04914113755579587,-0.34641247283231924,-1.0293663070537202,0.9088322315852099,0.5166966402511025,-1.7624379534223873,-0.16715993568271098,0.4325520050228278,1.033363348289838,-0.18677710026848313,-0.04026372166872096,-0.6875065302468206,0.3216516614696077,-0.39794157169257405,1.3707361644357516,-0.0828398600749731,0.09963368974125053,-0.7105190167442086,PD35954a,S000751.l.r.m2.c.lib.g.k2.a.t
F1463,-0.4111048881170291,-0.4238718332319806,-1.4170278533258562,-0.40814267607370014,-0.5082150133621656,0.9829378190471403,-0.4238718332319806,-0.5942389754393332,-0.14894679957822674,-0.7865566889207083,-0.3958819721684314,0.18446057296158982,0.4346693897015191,-0.21174470575229495,1.5718439501766306,0.5564494649187645,0.5684097515230128,-0.5503412484867135,0.3435534878655476,-0.3788670085257879,-0.19777009134250254,-0.4448522478403464,0.01907255609386844,-0.30792472590838543,0.8420421918319488,1.35278552339892,PD35955a,S000761.l.r.m2.c.lib.g.k2.a.t
F80,0.11615355722906776,0.046466936914749124,0.8883371004703973,-0.40814267607370014,0.8170972212610461,0.9930395785743278,-0.5746266390019316,-0.8378362426192892,0.046466936914749124,0.07862569806447894,0.04242103747153116,0.35644102873960265,0.6150181820633549,0.8012251722619951,-0.06928142552485322,1.055067010749132,0.8741265023477259,-1.06530322451501,-0.5735214683912648,-0.16421821859874244,0.3732100756056046,-0.20914411722932919,1.179342481746778,0.9888558369712571,0.13489228122232058,1.343205491276526,PD35956a,S000775.l.r.m2.c.lib.g.k2.a.t
F654,1.043004187292353,0.7665131127689231,-0.17833125094933286,0.6940549312921686,-0.4469279548311774,0.7665131127689231,1.0777244811306568,0.250166876907695,1.4023284915740573,4.010441977705078,1.8110670200331065,1.107473814164357,1.1393534243569838,-0.43807192107679355,1.5910857100001292,0.10033568460710542,0.7571564072518611,1.6060192833974234,0.035541441023726354,0.8207912768982873,0.8128348160774711,0.3364468205367794,1.0037151297214764,-0.03729755666594374,1.759430706256632,1.0262153543771146,PD35957a,S000777.l.r.m2.c.lib.g.k2.a.t
F1471,0.5873195107182797,0.42274841082635906,0.1661722654104006,-0.40814267607370014,0.2298760605303966,1.6559411368546475,0.6683799912743049,0.19508991103273568,0.5982202038375845,0.42274841082635906,1.7575902927717881,0.9122988843770176,0.8474357366034209,-0.28318641099613234,1.098994429035137,1.3852537309256114,0.1587365138102205,0.7205147806596629,1.7982768660083548,0.11257738805411265,0.30414299060729666,-0.3239621645003717,0.41444230599514015,-0.29662300958717264,0.49249406039809046,1.0116542934970814,PD35958a,S000779.l.r.m2.c.lib.g.k2.a.t
F2808,0.24956734458595234,-0.16237041744159506,1.284471645151113,-0.40814267607370014,0.09377334520598392,-0.16237041744159506,-0.3505380730941497,-0.16822882783783413,-0.247327664789563,0.5400949277977941,1.664373842355522,0.21075579593201077,0.03256446188934736,0.656834423150748,0.12823919261202912,-0.8953708940445688,-0.081408963199225,2.0099425453040576,-0.18568407432069348,1.8882574319242789,0.13050866684516035,-1.9854025737598808,0.8888267625167144,1.9569670905763568,1.8865602165829631,0.6300606364464207,PD35959a,S001227.l.r.m2.c.lib.g.k2.a.t
F1532,1.0865952506694796,1.3335987126640176,1.3335987126640176,0.8188269794183196,2.2385510386598098,-1.0051611276780765,2.02857546093424,1.231115466753052,1.741582533886441,-0.2550832476560012,1.6473514390435136,0.9347984902632206,0.3705425197291042,1.2735947232113478,0.034188366810287155,1.5043639932587471,0.0006997047403581702,0.08752490696067337,0.3061708063955503,1.1668149247985076,0.2577319518947673,-0.5985876151930786,-0.11679863921964986,0.7659611331839241,-0.08650081586752381,1.8497056192041346,PD35960a,S001239.l.r.m2.c.lib.g.k2.a.t
F107,-0.16679155186324143,-0.14511248031146817,0.630669308584765,-0.40814267607370014,-0.14511248031146817,0.3155907364273215,-0.00046258205647028587,-1.1027175847424984,0.4120799073338539,-0.7865566889207083,-0.4164719070102681,-0.01962098663587198,0.0970914622972161,0.5331952082297235,-0.42607532825057487,0.21850551668724827,0.21141857946399933,1.2800964600213476,-0.13454863069881676,0.04283037780293028,-0.37108652785165724,0.33481903214986514,0.2700409599536091,0.27687498420284323,-0.4612782652322938,0.756817362653075,PD35961a,S001241.l.r.m2.c.lib.g.k2.a.t
F2815,-0.17367680782837677,-0.40814267607370014,-1.1211378754270647,-0.40814267607370014,-0.6406845400695185,1.5348716977647103,-1.6984350976201072,0.03319245980314887,0.8322831573298068,0.9437852785594837,-1.0388236747221504,1.3634141131448787,1.2221116990154872,-0.8857008544692337,2.169037836894702,1.5294545341966803,0.6011909779341255,-0.5452301464781586,1.8062119591274397,1.753928929188728,2.0415387209899176,-0.9174787616869033,1.564127305763353,0.8717938077635236,0.6649698781291702,2.3366265642504382,PD35962a,S001248.l.r.m2.c.lib.g.k2.a.t
F59,-0.04470551859724243,-0.40814267607370014,-1.4170278533258562,-0.40814267607370014,-0.6904650134839057,0.9652596244665442,-0.9852492037229189,0.7983200893436774,0.27957742190524637,2.6126947464421617,-1.5573168029264304,-0.8339981637286248,-0.7273473819873592,0.0888611419313113,-1.074911532475219,-1.0533113300552843,0.27644406439907715,-0.057637904393190595,-1.0925232063633832,-1.2116339441527886,-1.0485168438627974,1.2662263087626533,-0.15188310976279298,0.27124840420366814,-0.923454001857167,0.004595986329994862,PD35963a,S001252.l.r.m2.c.lib.g.k2.a.t
F2814,-0.2834285385376036,-0.40814267607370014,0.22991780940287856,-0.40814267607370014,-0.8066122563739019,-1.2249533971124318,-0.5477065845580029,-0.2348791803512778,1.087223989487962,-0.7865566889207083,0.14085213766074983,0.9941939380402325,0.8077863261983714,1.0303761938059584,0.287603782816278,-0.6438529666922163,0.9410894613170492,0.02083614966613511,0.3394357939171255,0.7095273374073785,-0.3523912627556373,-0.8314650187564973,0.7815616580408802,1.5689125600042053,0.39490755624432405,2.165260409016507,PD35964a,S001262.l.r.m2.c.lib.g.k2.a.t
F730,0.2502120479998123,0.07246797079221243,0.38697519724920654,-0.40814267607370014,1.8374850036686985,0.6401245660187697,-0.2990458297655475,-0.27115659100506095,0.07246797079221243,-0.14421842379896252,0.4374192149126944,0.3904267501165235,0.5087753012057944,0.5902456387291146,0.5793381276863822,-0.2299541121400383,0.6295475152662593,-0.3160458645944493,-0.2209277981506929,-0.7624661021852831,0.5318315719368568,0.402084009783425,0.6222005060555855,0.777751596200896,0.5117364392278714,1.0498916782732626,PD35965a,S001268.l.r.m2.c.lib.g.k2.a.t
F2818,-0.42162489697781047,-0.6289526199824114,-0.181928404663886,-0.40814267607370014,-1.0886486418932997,1.6380366526122192,-1.2464475925447382,-1.3160012971427262,0.22401719580895596,-0.7865566889207083,-0.6289526199824114,-0.3437986092226955,-0.3246755246771506,0.228863226052674,0.17076964092994276,-0.212713635165997,-0.2784791972434027,2.6861213450226678,-0.14641330678878642,0.02866860462829564,-0.8604572388611521,0.6557207103060267,0.0319912658784413,0.9537149564079331,0.031851842422950076,-0.13679279047812884,PD35966a,S001275.l.r.m2.c.lib.g.k2.a.t
F732,-0.07631536524066686,-0.34639406642375264,0.46482776893915967,-0.40814267607370014,-0.719525631295586,0.5252460203494735,-0.9377765892233061,0.24871280643321952,1.2727707690491987,-0.7865566889207083,-0.34639406642375264,0.2871481732016186,0.3510037262167547,0.574850733757987,-0.3559834293641203,0.8615300654458719,0.603071105796967,0.1999987072271436,1.1164987915295086,-0.24511035187465274,0.7643279180838872,-1.188826411492684,-0.17854385547992854,-0.8538692988149561,-0.1742932081459945,0.2705611733423593,PD35967a,S001287.l.r.m2.c.lib.g.k2.a.t
F158,-0.02060750972755179,-0.11732472093293304,1.061463894603779,1.428766470757077,-0.11732472093293304,-0.7465597189549581,-0.8540159466265672,0.23634243271684774,-0.3388899522858674,-0.7865566889207083,-0.06869335790463593,1.2015021783965822,1.095918116191733,1.2850264740264425,-1.7787131569365895,0.18589253611783488,1.0591157940036338,0.3394573878289946,0.9245956049655876,0.04345581674592732,0.27982851933551894,-1.1067086544096265,0.8748128947231537,1.8730307591137532,1.7907324931187314,0.28645817517686845,PD35968a,S001343.l.r.m2.c.lib.g.k2.a.t
F806,0.20119127476444987,-0.08290765704959746,-1.2595933141425075,-0.40814267607370014,-0.8886932046193784,-0.08290765704959746,0.7638191092522754,1.1109452086691132,0.8909744468789739,-0.16500560597640695,1.8493251659412768,1.4762152447817984,1.5476466765889534,-2.0202859353807505,0.6264481784726122,0.1511156203394289,1.7978300610512445,0.08152626600975783,0.5118306761469525,0.0592444085156583,0.18052259762333542,-0.1286246841594229,1.8596626904762812,1.4497447042067257,1.639978812806758,1.1745151740207393,PD35972a,S002357.l.r.m.c.lib.g.k2.a.t
F848,-0.3578682146535447,-0.5318896346087215,1.932649290796322,-0.40814267607370014,-0.5561671404450608,-1.6574400987336946,0.1213777796212681,-1.50128198351054,-0.5318896346087215,-0.7865566889207083,0.16663721999293296,0.9292061096409657,1.231663968916515,2.0346997957440562,1.4321053448347247,0.7435656615962922,0.5643575372390599,5.079248316310026,1.1893097044279632,-0.40569899745121546,-0.836792400312858,-1.4554651166896353,1.1713672043360592,-0.554713099229003,0.8588457924977746,1.459451417603173,PD35975a,S002797.l.r.m2.c.lib.g.k2.a.t
F893,-0.7035357742667627,-0.8703195079408124,-1.1859354810576364,-0.40814267607370014,-0.3101072579775687,-0.9267758671877463,-0.6037188506871822,-0.8958557446403137,-1.2754952147946232,0.14452863195871926,-0.8703195079408124,-1.5174395376458805,-1.8906079858332563,-0.6288082652838349,0.012894978871781426,-0.5658222100444362,-1.7178353431101525,0.18956293472131228,0.45179265960425286,0.038120275921906595,-1.9870182118590978,0.6752085594106244,-1.31369109657386,0.11406363317525016,-1.7399928409958905,-0.31148145574627323,PD35977a,S003183.l.r.m2.c.lib.g.k2.a.t
F3019,-0.4513252020744684,-0.40814267607370014,-1.2025706369317442,-0.40814267607370014,0.3105873742096561,-0.7436004123680412,-0.07752021315211553,0.5203419706531174,-1.2754952147946232,-0.7865566889207083,-0.39897032129205756,-1.5227735937367575,-1.3973626946495747,-0.4845281176306898,-1.2416100552532898,-1.4479221678527714,-1.3269694310966182,-0.07781778934447581,-0.909556557296588,-0.7761809373140279,-1.8711976406533712,0.7276703358276226,-1.5248357705988576,-1.1821379358006965,-0.3071370739625753,-0.35108089923089925,PD35978a,S003256.l.r.m.c.lib.g.k2.a.t
F333,-0.5347523439208699,-0.40814267607370014,-1.4170278533258562,-0.40814267607370014,-0.9010065619133932,-0.40523213647417045,-1.6437369737527918,0.38596635166145404,0.16298656869251782,0.4416754750160817,-1.0282532891179719,0.465356645446014,0.7858772111542112,-0.8592448564669243,1.8017705225275769,0.006162186161995495,0.7109566419116108,0.8783687557483033,-0.5199892393331251,0.18986748666405004,-0.14888050262940306,-1.6583265320317613,0.47352690253520074,-0.538457859714996,0.13286601861459674,-0.14200085545610439,PD35979a,S003260.l.r.m2.c.lib.g.k2.a.t
F3023,0.038943786293032814,-0.11608544619918328,1.1827828761990087,-0.40814267607370014,1.3012645330205996,0.8031744306254446,-0.11608544619918328,-0.04638604178807288,-1.2754952147946232,-0.7865566889207083,-0.30406169543146916,0.16638064068368552,0.0534780775002165,-0.8788433346484017,0.2833910985894203,0.33273886448713746,-0.2850585146836502,-0.9061167552853232,0.20987543022868835,-0.3469282621783803,0.7501894329612493,1.3087882038124692,0.07821557766475047,0.6346875312380368,-0.5075410575819909,0.7237514817483091,PD35980a,S003274.l.r.m.c.lib.g.k2.a.t
F916,-0.7672144276137116,-0.7865566889207083,0.47327301969493174,-0.40814267607370014,-0.3084391772682577,0.47086481548278514,-1.843401988814559,-1.5456878158740883,-1.2754952147946232,-0.7865566889207083,-1.6813441219551848,-1.3537806388387352,-1.2926285055703632,-0.5749662217351371,-0.13307915864280906,-0.9700339074575333,-1.0116276098605932,-1.3672496259987554,-0.7759395438939337,-1.8322475880647346,-1.018178033975807,0.5094777399812334,-0.6296845896952645,-0.2751032868319652,-1.052563153876248,-0.36660511623211034,PD35981a,S003386.l.r.m.c.lib.g.k2.a.t
F1744,-0.48563973287123097,-0.766300087236995,1.357962225658807,-0.40814267607370014,-0.8232875439689374,-1.6261056227500559,-0.766300087236995,-0.9645524375209066,-1.2754952147946232,0.4272878983999332,-0.2921241375546006,0.6542501528022268,0.7673375163216497,-2.500427267123434,0.5981628768836156,-1.5515993761702422,-0.09569839434568582,0.5433505194655204,1.2111961584701083,-0.7334565278223201,1.2495266932337492,-1.1294905714003702,1.2252500009549938,-0.26325126950321426,0.7854860813229275,0.5374209767474265,PD35984a,S003524.l.r.m.c.lib.g.k2.a.t
F2959,0.131432233796293,-0.0314533172939692,-0.625200382200668,-0.40814267607370014,-0.0314533172939692,1.230995252863528,-0.5581388941733767,0.8841776496482715,-0.09823492296329961,0.2792813937253104,0.5096060006345409,-0.06516217351795256,-0.15660400779429892,-0.9349970532608116,1.3818952950242072,0.15120985084058125,-0.7248169083411835,0.8366815651807616,-0.7377401432920002,-0.16346015186076712,0.9164121003589307,0.9799959805246344,-1.1148826301995072,-0.6143659587515689,1.2423145063088956,-0.5916766648517315,PD35985a,S003531.l.r.m.c.lib.g.k2.a.t
F1721,0.24721416491275605,0.14969931729554378,0.10112126024360168,-0.40814267607370014,0.14969931729554378,0.4313906253335337,0.062488846681569885,1.2586421611720453,0.5510590366404169,-0.34801090370128657,0.4266798166230799,0.8437803863806853,0.9347532262079578,-2.0352461650811726,0.6451951645597908,0.8198095232411072,-0.015039517050968884,-0.12090775516558963,2.109599593762104,1.9037016406489913,1.0513847983184508,0.8100876334492969,-0.20326887920779804,0.45224455584264295,-1.2422256675319165,1.7515394165587788,PD35986a,S003547.l.r.m.c.lib.g.k2.a.t
F2960,0.14318634891334017,0.29980110750958666,0.7711508564545526,-0.40814267607370014,-0.541484414181886,0.3398935121233562,0.29980110750958666,-0.10980091301541159,0.7700639999518684,1.2611016321908028,-1.0939059647391072,0.08243419731701804,0.20814102703602425,-1.9116118370966257,0.39652594358218457,-0.6734832417653427,0.7172687996329503,-1.8072025407999643,0.5820798869275118,0.1813730635437133,-0.5539046389943001,-0.5129735548213459,-0.5348931462240767,-2.156517096524084,-0.3500481752306259,-0.3686074458535248,PD35987a,S003573.l.r.m.c.lib.g.k2.a.t
F318,0.35416076639086225,0.04851937876763026,0.9601298226243857,-0.40814267607370014,1.701690141859979,-0.058042629323198994,0.04851937876763026,0.6609518034664434,-0.5235965115490536,-0.16473185545907973,0.970669423204354,0.3357419444612042,0.38465374717059914,0.9202227696169528,0.029097978898802813,0.23792679626216282,0.5367581239205254,0.1375604835017459,0.46540397504325265,1.5902744185186597,-0.03177095587912261,1.0325421115611972,0.7667055443392493,0.18822400128358804,-0.211315594947321,-0.8553084333122895,PD35988a,S003582.l.r.m.c.lib.g.k2.a.t
F1755,0.5067112473380042,0.3082046083691284,0.5077007784320419,-0.40814267607370014,0.06576905106575325,-0.9257828945098466,0.6205327413046461,0.11644424718440277,1.8929632927139857,0.3082046083691284,2.382712077555627,0.7338200927789572,0.8258759210131706,-1.8992196942650377,-0.21080010531616886,0.7369990002334001,0.787002609542441,1.6097203358775052,0.4584962302451456,1.4290923855449156,1.6003894774427667,-0.3765344865595943,0.7353067191303354,0.20223219606306422,1.227274986925525,1.1763762928044543,PD35990a,S003634.l.r.m.c.lib.g.k2.a.t
F3042,-0.5035361944040853,-0.7622902808391687,-1.4170278533258562,-0.40814267607370014,-0.8569592460786811,-0.7622902808391687,0.3563289478843214,-0.6808288791332486,-1.2754952147946232,-0.7865566889207083,1.2991461416448973,0.004505055640870468,0.3321898836205561,0.7661080205470835,0.4594968404840088,0.16611511054068853,0.6433151484467406,0.6846562431494284,0.6486984281649607,-0.7298401721877986,-0.501504948860074,-1.5006247471426493,-0.7073559756112213,0.6893054052135317,-0.03556927631733008,-0.9444321154360757,PD35991a,S003641.l.r.m.c.lib.g.k2.a.t
F3056,0.47453515831990334,0.5680475742940301,-0.7814011705537083,-0.40814267607370014,0.63823925941524,0.5680475742940301,1.4328906464842392,1.10959048586469,0.4268728399288592,0.8138761212583259,0.4708433442611538,-0.23655176788372217,0.15938360277576658,-0.45683524979288,0.3951091521740362,0.11370381321472725,0.1451592916154041,-0.3898501537223297,0.16952740746650932,-0.05602489246054596,0.9889993417880918,0.8154047268154571,-1.4557746276832393,0.7024445819899527,0.09084452077771163,0.7123249754536353,PD35992a,S003742.l.r.m.c.lib.g.k2.a.t
F1769,0.4120600509876873,0.6362480052971553,0.6362480052971553,1.239815684648417,-0.4643844850879553,1.1374375671365893,0.6515376181849821,0.4438449438026766,1.068906352182147,-0.7865566889207083,-0.21830853835411834,-0.2152429398358265,-0.1833605185068665,0.588731793907765,-0.345946043189087,-0.6979057365813056,-0.3824913888974423,-0.7950231797591408,-0.9789802157677057,0.023853065793305078,-0.7767745646635211,1.1383596427612952,-0.4152826453357449,-0.2855389652213611,-0.528487931396609,-0.35668587040813016,PD35993a,S003756.l.r.m.c.lib.g.k2.a.t
F2963,0.7358767194377855,0.9052733539138146,0.5822146011478331,-0.40814267607370014,1.1940902942645595,1.306749492861739,0.8166439667365073,1.1759936114412106,-1.2754952147946232,2.325563045442729,0.9052733539138146,0.25028978698214577,0.15544174552022802,0.34878038846350906,-0.025924439681567768,-0.2519947996735783,-0.24493978068498756,0.292690437606249,-0.6723811869794178,0.022894530790372347,-0.6106787919038474,1.6701317510147613,0.38934663053915974,0.3017456261550486,0.18334177103135105,0.07054798377515399,PD35994a,S003758.l.r.m.c.lib.g.k2.a.t
F3067,-0.1982733528543586,-0.4048797575921018,-0.8276606767178966,1.2738585288418165,-0.6711088828685715,0.8726534679983418,-0.08954328792250679,-2.0146331479870487,-0.4048797575921018,-0.7865566889207083,0.863410269479448,0.6620529897930276,0.6021919065920235,-0.597325370507295,2.0744219433631317,1.4039450495661399,1.2326755474184796,0.1855686555830423,-0.28982213558898046,-0.5833225586575198,0.4608294593356951,1.004383651309328,0.9490488657001781,-0.36348163086232216,-0.16057232643565855,1.0131850984169442,PD35995a,S003781.l.r.m.c.lib.g.k2.a.t
F953,0.6575991320591417,0.8630335347339363,0.4919839239066029,2.1923176479488604,-0.19213658519096827,-0.6802050648567419,-0.4120734403331563,1.1954254439564092,0.8630335347339363,0.9148540669302054,1.5451926614371272,0.9167267347235164,0.754542978344546,-1.864047765293233,1.1664516957715862,1.3287129392526027,-0.6054030558416946,0.7393304087680721,0.29951178887915675,1.3414750028888127,2.4844292657702356,-0.3205263634393495,1.1018017868432481,0.18815376563818775,3.264408380336056,1.2870209964617008,PD35996a,S003784.l.r.m.c.lib.g.k2.a.t
F1770,-0.3090792149551502,-0.6630543008019526,-0.6630543008019526,1.6669291686230574,-0.22251010717078198,-0.15904220441593087,-0.9466635006301088,-1.1544610127186878,-0.671002762456862,0.13229746284164454,-0.7642056778667298,-1.598072689798647,-1.6002595048705914,-0.5769221758379315,-1.587808546283271,-1.5043076813579765,-1.4690338804676368,-0.8118539645236618,-0.6142828071228414,-0.39185676848444845,-1.3398017178911403,-1.2587940130388453,-0.251334558629586,-3.0310816351566117,-1.3162480428270789,-2.1900645031208144,PD35997a,S003799.l.r.m.c.lib.g.k2.a.t
F1772,0.4535785963677202,0.4655072953648532,0.4655072953648532,2.0689557393187488,-0.41182295701901267,0.57573852186758,0.039236547275876964,-0.6973402912338094,1.381941050874618,-0.19316710445836718,0.8531585653189945,0.7773325305899231,0.6341551802652726,1.015615175054346,1.3858281249163988,-0.315350813329248,0.10879455908254013,0.20365877272478985,0.7748418785837122,2.1679980283653792,0.25006989230935023,0.052031809950604004,1.9252184199921631,0.8203798600948462,1.4825173723613603,0.08437172605806673,PD35998a,S003808.l.r.m.c.lib.g.k2.a.t
F1774,0.1988650099888644,0.10534064663994938,0.5765377013586879,1.0827733468593228,-0.4884382846524968,0.8423389413964241,-0.9267705423027113,-0.46760209990472035,1.2063815968408542,-0.14077621633553028,0.10534064663994938,0.16197705582821978,0.4061046091761434,-1.1000866234187587,-0.576376872210447,-0.28407564626006526,0.7037790029045619,-1.4030294261408613,0.8063597795291634,-0.027343952786912953,0.2651046210420288,1.4680420987776923,0.18732876067496954,1.1308354457961813,0.9916815947930993,0.7224417621688526,PD35999a,S003816.l.r.m.c.lib.g.k2.a.t
F1773,-0.07194433419872603,0.01844857412229442,1.0454305346205783,-0.40814267607370014,0.15719413720406375,-1.3973577856507413,0.967975601793047,0.01844857412229442,-1.2754952147946232,-0.1306894467757613,0.3751372677663083,0.5738941789817068,0.21448011944889717,0.5342929835662122,-1.1541635484533628,0.21868202561750733,-0.42364124979410334,-0.309948531650732,-0.5640090921299085,-0.2006387448848593,-0.2900734502053064,-1.6208004547688337,0.0900811077641366,0.20663968667285998,0.011790691967534031,0.8552561177255057,PD36000a,S003817.l.r.m.c.lib.g.k2.a.t
F962,-0.07310746296785971,-0.268464622488841,-0.31315751595232216,-0.40814267607370014,-0.268464622488841,0.25501066921466503,0.45090583974451215,0.5176571464737169,-1.2754952147946232,-0.7865566889207083,1.1702758960865633,-0.7027040188659927,-1.0161012571273729,0.3224665490020635,0.317942732549171,-0.2315817578617041,-1.111055452510226,-0.5448118274439251,0.06421029311807881,0.5119946377713188,-1.259522757699153,1.7381127757645687,0.7801807767710771,-0.4988774557538723,-0.28655897101259753,-0.3427859187590576,PD36001a,S003880.l.r.m.c.lib.g.k2.a.t
F3076,-0.8493142644944804,-0.693736935231182,-1.4170278533258562,-0.40814267607370014,-0.5329862397010405,-1.5849776649826122,-0.49281268379696147,-0.45209242362364094,-1.2754952147946232,-0.7865566889207083,-0.693736935231182,-1.3166004825653597,-1.2934024073805241,-0.5544910335058086,-0.6914567948830579,-0.25251730901723063,-1.0638327817996838,0.768781350786901,0.08572233553714205,-1.2108274191067085,-1.4266113204354136,0.10573429112721326,-1.572857848975247,-0.35391217568708583,-2.0504466728504074,-0.5255135265639659,PD36002a,S003935.l.r.m.c.lib.g.k2.a.t
F3079,0.23598303304242998,-0.03643075343196292,-1.1144992721380254,-0.40814267607370014,2.7579370325731207,0.5602156097908555,-0.41781849190360226,0.8082418174153801,-0.3719277820264582,-0.03643075343196292,0.34627181317626227,0.17827995905397695,0.2575305406417636,1.3418198867995899,1.2537254909801328,-0.1521117111026843,-0.360772887721717,1.9165821384654194,-0.2788669869898057,0.08799783522830067,0.17548346525226644,-0.15181096468454877,0.16999300622655708,-0.5066482879014478,-0.42359107109715943,0.8580239673685097,PD36003a,S003938.l.r.m.c.lib.g.k2.a.t
F369,0.6467290426881052,0.8242441601584669,1.0439790099073343,0.7498200111147397,-0.4873035903120119,0.8242441601584669,1.4143665334933297,1.076799752888421,-1.2754952147946232,1.8068760635208678,0.6672746582164223,0.6933946355781527,0.6734239161476556,-1.7627898536860616,-0.016509564370051414,1.083953112570542,0.5717682046834768,0.6348052707567441,1.5704142418038705,0.912637704791788,1.3327936619807552,0.19691282237352153,0.09121090542934532,0.23075888373786033,1.8079967136528823,-0.6851165331184924,PD36004a,S003967.l.r.m.c.lib.g.k2.a.t
F382,-0.4850748789089171,-0.40814267607370014,-0.4196103148291485,-0.40814267607370014,-0.1874505334932748,-0.16727718732578317,-0.7568677009340179,-0.915974160830926,-1.2754952147946232,-0.20709642395965736,-0.027759697939122186,-1.1408197098890613,-1.3315875170155596,0.43290195244912205,-0.466546419229779,-0.08048236388617089,-0.5608732597332596,-0.4519211205686726,-0.13183210801853856,0.16440576161495404,-1.1700258638838508,1.193823735296592,-0.7984244435864926,-0.6659274229523053,-1.1029344725847539,-0.1711363908050386,PD36005a,S003968.l.r.m.c.lib.g.k2.a.t
F965,0.14353098872923076,0.1895278762387142,0.7107774615834431,-0.40814267607370014,-0.631228541711988,0.21804115260255463,1.5646238122524894,0.12128643702937378,-0.6657302598834002,0.19262363652559,0.1895278762387142,0.27977151074998025,0.8048254405616972,-1.1371917025174376,0.20988018031354985,-0.05770552433631734,0.40561401015874265,0.7189643439014732,0.22125937363241774,0.08517326853624517,0.7060949606113124,-0.5882485860422663,0.3857450013252831,0.3398715144503696,0.6147364271658421,-0.06875603124640448,PD36006a,S003969.l.r.m.c.lib.g.k2.a.t
F1784,1.5951885304054236,1.5551806288133259,0.8669569529970096,3.8967496993977178,1.2343410468467864,0.5956678962154054,1.5551806288133259,1.7204144558618744,1.672420555622659,1.6561927905196008,1.1587727473744314,-0.3919851406763401,-0.1840319044083537,-2.0623389364883313,-0.1925047052629587,-0.6328592539114918,-1.0546478612042527,-0.17753383548392965,1.7209494903190614,1.676569809416864,0.11411586972804538,0.3152878118492965,-0.9457407199778523,1.0044244212278737,1.8332445085263107,1.2538796790136784,PD36007a,S003970.l.r.m.c.lib.g.k2.a.t
F1785,-0.8466554058069515,-0.8016394115622847,-1.2715274164571153,-0.40814267607370014,-0.8016394115622847,-2.3288932283501684,-1.6723854141348582,-0.8551411886054913,0.6891285732126694,-0.7865566889207083,-0.18474120137090694,-1.0248336612845195,-0.855802120202511,-0.2615871126447143,-1.1760140089297297,-0.9136168367031606,-1.5756735923770417,-1.5847532806843765,-0.3996254816592403,-0.8020420643729336,-1.408421001523618,0.22352288430183512,0.08831545654071708,-2.489024469574504,-1.2833803402699946,-2.6694797409924687,PD36008a,S003981.l.r.m.c.lib.g.k2.a.t
F3087,-0.5557082016097724,-0.59083178255409,-1.4170278533258562,-0.40814267607370014,-1.0897455330791013,-2.065508194375542,0.09243681431142844,0.48642815235305403,-0.59083178255409,0.8087800392047406,-0.8177627809488852,-0.5177432853792696,-0.7375008977141108,0.3160979457929976,-0.5271002000317749,0.4017674056084317,-0.017650413970301607,0.32276202390476216,0.8076636537335199,-0.46251954421544966,-0.39273103908297347,-0.48217166602927386,-0.8338686426245514,-1.183162416855616,-2.1086433415891412,-0.16548726732600488,PD36009a,S004002.l.r.m.c.lib.g.k2.a.t
F379,0.14768852070387128,0.13535166445111335,1.0163014591648598,-0.40814267607370014,1.8699859046006024,0.13535166445111335,0.823677206411011,-1.391610577835798,0.418307438533394,-0.15563221148559786,-0.9790415214310431,0.6458503808552478,0.6968293896656028,-2.107762507503075,1.8206094187170625,0.8057112763193482,0.336923436981935,0.8386866602215,1.744927884504906,-1.1918344874405231,1.4887608737413287,-1.1365322373436577,1.2332373203200124,0.6567394874045804,-0.20989511707866057,0.3112880403043216,PD36010a,S004021.l.r.m.c.lib.g.k2.a.t
F384,0.4660277234427461,0.17096882645258085,0.9653291101830859,3.0959928314887453,1.1174037737718174,-0.6701390145854292,0.7799408711418727,0.17096882645258085,-0.01770266102685181,-0.7865566889207083,-0.46098753752039834,1.1281596011024275,0.9813359967054087,0.7840584219460672,0.8696366529415027,3.0277378005116966,0.3582424810689285,-0.6951550242726215,-0.2720693041437406,0.6008683196366409,1.7925393754691976,0.32835539617154513,-0.48692138197995344,1.0703748109818572,0.07230024516976542,1.009791682636251,PD36011a,S004022.l.r.m.c.lib.g.k2.a.t
F1788,-0.62518928916083,-0.6153122923821769,-1.198578885017752,-0.40814267607370014,-0.6971637955713001,-0.25044437154298976,-0.6153122923821769,-0.8513707011890812,-0.26204518850622216,0.0908816620269834,-1.4345273541912316,-1.8006669766537242,-2.247952591555409,-0.5384601973387121,-1.818516198226034,-1.1596094123451486,-1.4068040928097947,-0.2420716627259528,-0.7113838935594077,-0.7083054738963337,-1.9336564422289666,1.7091969365659336,-1.9867086818975497,-0.5814921796350332,-1.2214828797658372,-1.0129048415899478,PD36012a,S004029.l.r.m.c.lib.g.k2.a.t
F977,0.18122254715559338,0.5260794481890126,0.11445928802071088,-0.40814267607370014,1.0917248797254697,-1.5819337225863228,0.5260794481890126,0.7592096065429388,1.0838539473182236,-0.7865566889207083,0.8323088421847157,0.5123912351660258,0.4954421300479444,-2.0401301469628557,0.23253977277561153,-0.546300617630177,1.348615256952378,0.0008429928461648002,0.7542892915694287,-0.7116365508564184,0.4591416978752017,-0.5640731152059034,1.6455533871096666,0.31181196854929344,1.2178322293732655,0.461373323611686,PD36013a,S004048.l.r.m.c.lib.g.k2.a.t
F978,-0.09850228174543357,-0.32695148060287776,-1.0822257103796458,-0.40814267607370014,0.5755083855862606,2.2572699836423813,-1.2991617447675765,0.6970440492691747,-1.2754952147946232,-0.32695148060287776,-0.02436612758829552,0.6690543448168352,0.8270663209869845,0.7351097477666928,-0.288349937444397,-0.27241465168704543,0.3905410850600709,-0.10478297097763893,-1.7683614845161986,-0.014083977028228197,0.5001736017846234,2.390659683476715,0.4712722962375,-0.5730569420397899,-0.5170068961695572,0.49468717880736046,PD36014a,S004057.l.r.m2.c.lib.g.k2.a.t
F385,-0.25208700464983963,-0.39363784746003094,-1.1650445374701295,-0.40814267607370014,0.48338403742607844,0.47085018571887755,0.5734871418512655,-0.39363784746003094,-0.03244256355741611,-0.7865566889207083,-1.0106800933627933,-0.38822536250350975,-0.27824653196340327,0.5815073161793983,0.7385583746729397,-0.5710894555233867,0.16625136752028646,0.16992891240408045,0.41424795688128435,-0.521954998352108,-0.8464152471387639,0.07170726897333228,-0.26555700812028615,-0.7134395056452704,-0.9392469677233998,-0.8302454880141303,PD36015a,S004063.l.r.m2.c.lib.g.k2.a.t
F1791,0.37510348340307276,-0.07757933066185103,0.08586080131705207,3.018499010155933,-0.07757933066185103,0.7792676175475414,-0.12345531657028562,-1.1871725027968796,-0.30209597706740676,1.278279536939487,-0.09567248823593617,-0.37361317384111864,-0.17694968732052352,-0.12704248929593112,0.9727495159820805,-0.4800985173064242,-0.617167764484102,-0.5559900432620156,-0.44858039830013613,0.29549179696320815,0.03649257617165668,1.8279751504733561,-0.45602063688471756,-0.33456318082819564,-0.07295128419296176,0.03323828483820324,PD36016a,S004073.l.r.m2.c.lib.g.k2.a.t
F1795,-0.10276191383753469,-0.29783969503132657,1.275563222943416,-0.40814267607370014,-0.29783969503132657,0.6759665745618839,-1.0624508017227716,-0.768691017734687,0.004350031211614716,-0.36788658451610895,0.024273721823867434,-0.27219388142541046,0.010392175936690022,-0.4591396743249688,0.3611069455819444,0.3696436232087965,-0.3026934978349493,-1.7805664958607652,-0.5929842004887936,-1.4275192741703084,0.4790701077771558,0.07204954414659595,1.4482098566916106,-0.8992126566498365,-2.1662717766656248,-0.1921510340454866,PD36017a,S004126.l.r.m3.c.lib.g.k2.a.t
F983,-0.5292414098310594,-0.45261242789287326,-1.4170278533258562,-0.40814267607370014,-1.3135554410514632,-1.1259511958209907,-0.19663969714419138,-0.45261242789287326,-0.7634271468576792,0.3578448719667521,0.5563388777204671,-0.9517092999803516,-0.8975939945810955,-0.2573664197795052,-0.10397523235911353,0.21117487197395665,-1.0290167558453145,1.3474447307906368,-0.7064048151265343,-1.3944885556867672,-0.5146812046672928,-0.2934227255489116,-1.0381721108792994,-0.5076567752702206,-1.6194266235366295,-0.06700600783888339,PD36019a,S004134.l.r.m2.c.lib.g.k2.a.t
F986,0.6352895258728918,0.39197030635979285,1.5080535256500782,0.39197030635979285,1.36952773528926,-0.2632978573973071,0.08213408326796158,1.6204281787843067,0.12290619671097537,0.6836227806690669,0.20226078352189186,0.5318153509920343,0.49172812558926554,0.5436658089964361,1.2754432618714333,0.8251265647514244,0.980865690355422,0.2890079855559313,-0.22887054467042725,-0.4450007828249866,0.023267627375181194,0.5529051977285548,1.2269746844203653,0.41143593213729523,0.24704806865489576,-0.03246775650915701,PD36021a,S004151.l.r.m2.c.lib.g.k2.a.t
F990,1.7831685469618215,1.9894265539210652,1.424170599316806,-0.40814267607370014,2.6987158102771125,1.1145978190133818,2.6436685454062956,1.9894265539210652,1.7234859196691208,2.852989626756281,2.009604724370027,1.1297371649458494,1.207505580015689,1.4880393564225625,1.360633685272729,1.6844280535703935,1.5068159337247056,-0.412116555878195,1.366618635363985,0.38078252202093943,1.6722370685294112,0.11089461817582788,1.1137147708130495,2.662657308335813,0.35878100040389793,0.37411881054003254,PD36022a,S004208.l.r.m.c.lib.g.k2.a.t
F415,-0.2564553993697312,-0.31463024604396933,-1.4170278533258562,-0.40814267607370014,0.7929609845784793,1.3047934113850865,-0.09042020520938664,-0.6561952341260737,-1.2754952147946232,-0.24394156071753767,-0.31463024604396933,-0.6264016499680316,-0.4780092329311103,-0.08200901068289213,-0.723316804871345,0.36023960973682195,-0.7516379028992114,0.061233600121751094,-0.1226438635743319,-1.097162374052314,-0.8669773224665036,1.848414366883597,-0.43487315239259305,0.8633265578130024,-0.38343656434882617,-0.06193710121089615,PD36023a,S004222.l.r.m.c.lib.g.k2.a.t
F873,-0.2660177648295947,-0.1221456073115551,1.1908289072340863,-0.40814267607370014,-0.1221456073115551,-2.2642631578802606,0.8625781081209571,0.3925010463975695,-1.2754952147946232,-0.7865566889207083,0.01653539976188139,0.8571007798742845,0.6268395851522397,1.0021961197426017,-0.8668130077121617,-1.3340766193552425,0.21023610550173,-1.291555758373377,-0.684903108478382,-2.420472220688137,0.3341833490963654,-0.4523384243432598,1.1140725798867515,-0.2169095700222132,1.4542905703110802,-0.8682526984833477,PD36024a,S004743.l.r.m.c.lib.g.k2.a.t
F1850,-0.5329329698942653,-0.6457036865257311,-1.4170278533258562,-0.40814267607370014,-0.6457036865257311,-0.923516774492115,-0.10850611422372572,0.7145217312757104,-0.6675955265084801,-0.2912161240398171,-1.0492097051346732,0.42478567412626317,0.07104897782305485,0.3362211130183315,0.968224264602128,0.34958727865825245,0.9083093736773292,-0.7143211953917808,0.33710174672945853,-0.13607162147625823,1.604966939508027,-0.12828248474625104,-1.1372167574719236,0.6156579034370575,0.7614678866395379,-0.24680063448652695,PD36026a,S004914.l.r.m.c.lib.g.k2.a.t
F1858,-0.37009465047716944,-0.40814267607370014,-1.349197822042643,-0.40814267607370014,-0.1412431984967522,0.18058366848884386,0.8300232836623342,-0.6688934409379969,-1.2754952147946232,0.023151334336622136,-0.5216377884366097,-0.15343075486576874,-0.06423655857180857,0.10974925864114214,-0.4837627452391363,-0.20648066732862363,-0.6472210994175883,-0.3501195469632712,-1.0537090225078278,-0.3054875140463631,-0.5143321021636942,1.2403194459547964,-0.5659618231252467,-0.20666408292837463,-0.7270980645366689,-0.46118943375449806,PD36027a,S004962.l.r.m.c.lib.g.k2.a.t
F451,-0.08761053309090333,-0.1409122830518495,0.09378254410086234,-0.40814267607370014,0.7426848858831403,-1.6916109277521774,-0.27079020913626217,-0.19510128931243953,0.7579698845567847,0.3236252729675112,-0.1409122830518495,-0.8147635260977354,-0.7569592912088839,-0.4028926026426435,-0.14816931415615725,-0.9227032591732373,-0.8400070939348321,0.37059161282060316,-1.5665881878870225,-0.5528194734220159,-1.380663207375859,0.538420219361489,-1.4691422320798757,-0.5727965246219348,-0.5049674745432698,-0.11840687155202145,PD36029a,S005014.l.r.m.c.lib.g.k2.a.t
F483,-0.5933464205004496,-0.31117550612686695,-1.4170278533258562,-0.40814267607370014,0.249804049766562,-1.436951157585298,-0.06261840932243595,0.1539325719930359,-0.18057156515562806,-0.31117550612686695,-1.9273672386738583,-0.6434908011829829,-0.6029729175638795,-0.5747819588988045,-1.0006973830293706,-0.14730080884035066,-0.7476522716250021,0.3862636235432007,0.15783058966623745,-0.6382910873105181,-1.0711540953000207,-0.7194374178125997,-0.1630256790907882,-0.2091192668143135,-1.2888345368396237,-0.5541364176010206,PD36031a,S005040.l.r.m.c.lib.g.k2.a.t
F474,-0.2090528848120904,-0.40814267607370014,-1.2132716161916783,-0.40814267607370014,-0.4521092233208139,-0.37958934991039184,-1.1762175697248458,0.5163038089778801,1.5252088186716253,0.7759219654820829,-1.0695801212189717,-1.522265995633556,-1.7182535632631575,-0.7094289595985841,-0.346231182865384,-0.8743969708887434,-2.9058662486860505,0.11336373386977003,0.33604079997475794,-1.2743946029834712,-0.9656215243006554,0.5281768507915866,-1.1034258767133194,-0.7140417066463225,0.46852876144838573,-0.31007759990910794,PD36033a,S005098.l.r.m.c.lib.g.k2.a.t
F3184,0.46647440805859297,0.6006841602086977,0.8359761138135539,-0.40814267607370014,1.0927885491794505,0.16346001692445378,0.6006841602086977,1.1594345892311568,0.1618444313699944,-0.7865566889207083,1.3787811767944376,1.0468035924818473,0.9977445991845905,-1.285732548926828,1.1932540709225803,0.03555772129125936,0.29746688899064666,-0.6556282847556327,1.8234408216199962,0.15201952684434947,1.3408298833163605,0.3418321885894435,0.18713358032930996,-0.06813971121881267,0.576236603301954,2.3800802181522456,PD36034a,S005106.l.r.m.c.lib.g.k2.a.t
F1868,0.3588249855583882,0.28409565536508125,0.28409565536508125,-0.40814267607370014,1.7616804150835992,0.544944384748248,1.2703279213188556,0.4202012992135606,-0.08983075046681915,-0.21017868460368958,-0.3436726945596425,-0.5112792642916322,-0.49205729652083025,-0.04273208043015438,-0.29035911921297725,-0.31255400294612534,-0.24534871214282572,0.015070147108014655,-0.5245737464134116,0.01689930437875071,-0.5854176223700955,0.5644761769526453,0.3913939951841194,-0.7408034367995989,-0.7842142856238196,-0.38896204360188286,PD36036a,S005158.l.r.m.c.lib.g.k2.a.t
F457,-0.11160856459593146,-0.31891460427266727,-0.9801659751427723,1.0094273297230736,-0.31891460427266727,0.17822964616794354,0.5431760835316082,-0.49855311963094096,-0.5402363872441925,-0.7865566889207083,0.38911663442527283,0.6894764872882795,0.7336889543145577,-1.502218424528794,0.53630083530864,1.1091823589327405,1.4940229259080207,1.7339703049207273,-0.6817248403368,-0.5483204910582193,0.8227163409274615,0.7900200793620141,0.7635923933175928,0.7625328131332642,0.5539043982935421,1.2366700803213995,PD36037a,S005181.l.r.m2.c.lib.g.k2.a.t
F494,0.18952422096195531,-0.29552130775248014,0.92573325886256,-0.40814267607370014,-0.3862929929293809,-0.29552130775248014,-0.29737165769471335,0.37514954796363736,-1.2754952147946232,3.1820574471195595,-0.11439841604326112,0.34832081552133887,0.11060558973949192,-1.5535357909588798,-1.5407941792835902,-0.2951705889499008,-0.8526884704129859,1.375687877048259,-0.3909611060601337,0.9869840279659633,0.69532227291376,-0.03429844919858457,-0.6785254252565769,-0.1832279737809444,0.26014241877248295,-0.2475202510519826,PD36038a,S005239.l.r.m3.c.lib.g.k2.a.t
F1061,0.18718393474389255,0.15981278726457332,-1.4170278533258562,2.399101206049529,-0.6989478073622282,0.39950670361090007,1.4964742206268895,-0.45724176611665307,0.15981278726457332,-0.7865566889207083,0.5895346108685869,0.9582608359035824,0.42050828194649353,0.2023383709736503,1.5695073608861287,1.998755903753016,1.193358205394752,1.286942619378695,0.5866500399185429,1.8343267578558498,1.6749576600708405,-0.20819513563832778,-0.41404795715611586,0.6811762227245335,-0.06732496404387006,0.7204951222775744,PD36039a,S005242.l.r.m2.c.lib.g.k2.a.t
F1871,-1.0735121638147864,-1.200232519814796,-1.4170278533258562,-0.40814267607370014,-0.694461839252687,-0.7037666330173131,-1.200232519814796,-1.695751375298618,-1.2754952147946232,-0.7865566889207083,-1.4801746738347739,-0.9659816511822027,-1.2418925532970666,-0.3773888291277224,-2.7083591823125044,-1.158039283101047,-0.14051163836921088,-1.0226904841268798,-1.911435615273241,-1.9562848176756389,-1.4565983948688057,-2.2934593333682334,-1.6700880729447474,-1.061613195074859,-1.0394178251533082,0.11508037472444499,PD36040a,S005248.l.r.m2.c.lib.g.k2.a.t
F450,-0.605374350398543,-0.6550857655569075,0.9570958504196113,-0.40814267607370014,-1.0215943666724185,-0.07456257581803691,-0.9423662007093121,-2.3946906254389604,-0.6550857655569075,-0.2505729449589967,-0.6584498487781671,1.1786159885382517,0.8692478095376983,1.2958097865206222,0.190557818940541,0.020317962221909174,1.5272419163357844,-1.33593596277311,-0.06753655768059759,-0.01111520582828787,0.13496919892899312,-1.3160680206541653,0.8179602518763502,0.2756409628542469,0.04100586919491133,0.2254521781870596,PD36041a,S005260.l.r.m2.c.lib.g.k2.a.t
F1072,-0.7421604454859132,-0.5044820390258832,-1.4170278533258562,-0.40814267607370014,-0.6998053888223078,-0.304865187936511,-0.5044820390258832,-0.2476894974067533,-0.43694032736744975,-0.7865566889207083,-1.8739343504940489,-0.7813187777252655,-0.8673901379167422,0.3414587103394455,-0.7721473285937551,-0.6493240419807166,-1.0485413183907433,-0.5838803986705188,-0.22442870552883226,-0.45052650507713593,-0.6394157051823705,0.03923165211189389,-1.9146251100462592,-0.720453486128355,-1.5661854279148208,0.07431666396364014,PD36042a,S005353.l.r.m2.c.lib.g.k2.a.t
F1894,-0.41624445773391283,-0.40814267607370014,-0.9188612981962089,-0.40814267607370014,-1.2041272501684612,-1.4528539620852992,0.24800223889428338,0.3328492048767066,-1.2754952147946232,0.07303466546796102,0.8593941724741256,-0.6608202184725565,-0.5880841623419155,0.04412865068979201,-1.4371325720936172,-0.9922377369105044,0.508411943882126,-0.20139643330509593,-0.01862240350703468,-0.730719228782166,-1.276510209654143,-0.9415026534505577,-0.8562890933933128,-1.7674749176375162,-1.2322559063254037,-0.4611012142916542,PD36043a,S005384.l.r.m.c.lib.g.k2.a.t
F3179,-0.04663254441610563,0.06583289488211419,1.1197741481015107,-0.40814267607370014,0.563325834871998,0.8187161365650677,-0.8464804869645639,-1.2355830590562564,0.2894209968495875,-0.7865566889207083,0.06583289488211419,1.102008186348337,1.2713990793380288,1.2335716285203926,1.1573607329827464,1.278282609661858,1.5505464591493798,-0.7067894717462669,-0.32938460510887424,0.8021624501230351,0.3671924423364056,-0.6038024517546177,1.9994365955500022,1.3710296705149059,0.5091142560199479,0.9555541068316489,PD36044a,S005401.l.r.m.c.lib.g.k2.a.t
F1083,-0.33720162631066075,-0.3748302671971534,0.33889612903661354,0.8318779565533484,-0.5547780030846461,-0.3748302671971534,-0.5626008705509367,-1.5336912539304006,-1.2754952147946232,-0.2617198672701456,0.3575267544419973,-0.00871553643299386,0.1304659175676922,-0.4480974793639788,-0.017527305310819728,-0.06656334809355864,0.5326765420479586,0.21783954315404574,-0.7693351857526205,-0.17313492593196322,0.665968217629352,0.519734176564243,0.2531208307576751,-0.19681820847796141,-0.3874307001494345,0.13773255283258334,PD36046a,S005441.l.r.m.c.lib.g.k2.a.t
F1087,-0.42442887822104003,-0.6670878109647563,-1.4170278533258562,-0.40814267607370014,0.3048384415801929,-0.6670878109647563,0.0826796791316195,-0.7840777046947408,-0.7322404073436628,-0.7865566889207083,0.5877551166222514,-0.09383282026905065,-0.47716530159691234,0.5848550953913791,0.06674216602352574,1.3052603556091646,0.5473913530408907,-1.1124274737460202,0.11273193168807898,0.40022017668609294,-0.6443543467292133,0.7041160288243082,0.002484142237633184,-1.291767167655608,-0.7499857364862981,-1.4387589327706134,PD36048a,S005511.l.r.m2.c.lib.g.k2.a.t
F1088,-0.02050738694491451,-0.39914254653581965,0.5105748616096358,-0.40814267607370014,-0.39914254653581965,0.7330781019632957,-0.48814579097437455,-0.21625381626010517,-0.7136761806212149,-0.7865566889207083,1.5836982533087607,0.6654944694522489,0.45016271235787303,1.1629998095200205,0.12141456017850472,-0.8280229572385422,0.28515019093795374,-0.13450934957194244,-0.4009816835646695,0.952583506759926,0.7142413515735458,0.672346443586917,0.5211849550740152,0.7019755539185997,-0.9993304314043413,-1.6877083303685148,PD36049a,S005543.l.r.m2.c.lib.g.k2.a.t
F1085,0.24904166289207202,0.022639212150802973,0.022639212150802973,-0.40814267607370014,1.2483593596868063,0.7726160274071566,-0.1972330724321616,0.6801014299126309,0.8258530791187165,-0.3827813410811063,-0.32003705266049715,-1.0269260572584804,-0.8114674028905074,-1.4000281278416256,-0.6596371762223525,-1.4178115582194326,-1.5453282393947374,-0.33711870292228324,-0.25970230015731305,-0.7292190803605716,-0.402103700453707,1.6699613650153364,-1.2735641334052126,-0.11842410033572315,0.2597178204523031,-0.8129044096372681,PD36050a,S005561.l.r.m.c.lib.g.k2.a.t
F1882,-0.5225369746353551,-0.7865566889207083,-1.2066440170175385,-0.40814267607370014,0.21816634179557678,1.55545441842534,-1.03368072846438,-1.614701435096148,-0.14187702672275151,-0.7865566889207083,-1.284850959643886,-0.21742207127348256,0.02492479999487943,0.37106483682394453,-0.028754273005690473,-0.7417438810466072,-0.08535952882614843,-1.1006663993852712,0.3450248521000645,-1.1251954480818218,-0.5943253616328157,0.43149788852675935,-0.19200106692726124,-0.356014274069109,-0.6590366875196013,0.2979187620818588,PD36051a,S005600.l.r.m.c.lib.g.k2.a.t
F1094,-0.6322429169523435,-0.41037320033697977,-0.3401707524174675,-0.40814267607370014,-1.1979848710095404,-1.1720586493062501,-0.8651747491768225,-0.185331035310607,-0.41037320033697977,-0.7865566889207083,-0.32439363001901567,-0.7232596188967482,-0.22052231564291425,-0.13288821932355827,-1.5493023924238818,-0.575239670907343,-1.2876299271019997,1.194581594933509,-2.016452838301587,0.12402632705481703,-1.070422657392163,1.1330486430863531,-0.6918666984636402,0.15156844276458373,-0.26310329282028283,-1.8629602551504216,PD36052a,S005636.l.r.m.c.lib.g.k2.a.t
F875,1.2028740017705457,1.1890913681795152,1.1890913681795152,-0.40814267607370014,2.207509042779166,2.1045774759395135,1.2160820932132916,1.1817112194045976,0.48670142516891346,0.8674586739428684,1.980877393380746,0.21408878344530183,0.3269657585633044,0.6324369968170744,0.9353389701430446,-1.096224856314076,-0.12505676180724667,-0.7122269183518481,0.29689045586964313,0.8827452631081577,0.3593678532620815,1.3732301272018115,0.0971342401960706,0.4855851351915519,-0.25785797992718706,0.8052267921946975,PD36053a,S005692.l.r.m.c.lib.g.k2.a.t
F3213,0.1994029773458455,0.3403177136522116,0.9185076976703925,-0.40814267607370014,-0.9044641312304398,0.5188490155937122,0.9504050683104541,1.4582790212583678,-0.7375631940247513,-0.34156171904363763,0.3403177136522116,0.9810634760184463,1.0364859891244478,1.1153749050951531,0.5728814168434812,1.352089284065039,1.4799569118531588,-0.2850061547632499,1.0193058748363932,-0.4218040861064847,0.4742520783453364,0.38705096209702466,1.5115859297430763,1.301599390086605,0.5969059631117082,1.6946082774563382,PD36054a,S005792.l.r.m.c.lib.g.k2.a.t
F3187,0.1616196368114363,0.049766558116769374,-1.1575869222969553,-0.40814267607370014,1.9001316103500483,0.5988883990919175,0.5979540274110363,0.6921862996273421,-0.03206387600282351,-0.7865566889207083,0.049766558116769374,0.056195271909431695,0.09871428608043682,0.24585144354075722,-0.6541622753852468,0.6462909154525622,0.16053074949667767,-0.7551295971655173,-0.4752163420822775,-0.27653168880454837,-0.5093173479799801,0.8042558687715777,-0.6572806057899625,0.2016833152154283,0.4404487696683244,-0.0016236394285083138,PD36055a,S005844.l.r.m.c.lib.g.k2.a.t
F506,-0.11101266889518838,-0.19847306162663467,0.8058286159873672,-0.40814267607370014,-0.744370951011979,-0.19847306162663467,0.5476778519628049,0.7969307192623256,0.003893212198675008,-0.7865566889207083,-1.015901041834846,0.541188355002216,0.8104465401426608,0.8738217641094904,1.6381327728115702,0.7650708938740637,1.2294485912654596,-0.35106798272909534,-2.375099540390663,-0.30740986376809615,1.4940084260346198,0.20549026905332976,-1.104216323710603,1.1402579816546827,0.5303781090854145,-0.05336680301395754,PD36056a,S006007.l.r.m.c.lib.g.k2.a.t
F3225,-0.10588042868130797,-0.19728935616433133,-0.5706929293475708,-0.40814267607370014,0.10708820670651369,1.2687839813844715,0.5949771661911444,0.12424413281427314,-0.19728935616433133,-0.7865566889207083,-1.0853356947218638,0.7896178003244799,0.8471372728007559,-0.07250589730067805,0.14440971884838333,0.9433540862004055,1.1044244323687713,-0.8109591353588679,-0.5136024392282802,-0.40598430915611544,1.2566104707845094,0.4431662349120578,0.11698833240085167,0.5017952451657317,0.977360420131231,-0.20263932459090997,PD36057a,S006059.l.r.m.c.lib.g.k2.a.t
F513,-0.3839222070390418,-0.40814267607370014,0.7629229916832961,-0.40814267607370014,-0.9659074283903893,-1.724692499704013,0.3722434078176568,-1.6451032349535923,0.31801940470597917,-0.7865566889207083,0.6219168604840952,1.4227555360421291,1.1691611066584964,0.39540203918465416,3.3745587827082275,2.6793395906056956,2.6769998214038253,-0.655093821527247,1.5861231246871543,2.2096416065424087,1.3399948472832859,0.2244859467379398,1.6169689769016722,1.345066732280744,2.0420717370726145,0.8347081633089456,PD36058a,S006070.l.r.m.c.lib.g.k2.a.t
F1124,-0.18334158176083415,-0.3646248178617616,0.5234480130505417,-0.40814267607370014,-0.9724764133097477,-1.2634491212360914,1.953680708289146,-1.1073525802595414,-0.3646248178617616,-0.008540220275133518,-0.0026171281712195683,0.10334320396204837,0.11290613707911178,1.0436663094148813,0.3155112470278075,-0.145632318864139,0.4009587960432704,-0.09448051256755535,-0.12295593521402712,-1.06807955763915,-0.9961623561417956,0.6872906766745297,0.3880523357016095,-0.48828824073583404,0.28641981235147906,1.3582494330037185,PD36060a,S006147.l.r.m.c.lib.g.k2.a.t
F524,-0.30442516876351394,-0.40814267607370014,0.8455260195399998,-0.40814267607370014,-0.8318604792522953,-1.0586368213829187,-0.169401771550496,-1.5012065208611427,-0.5524292352916895,0.34073140394215573,0.5955935620584615,0.16574083410573898,-0.0979441627742038,0.06886260227061615,-0.3098930741513341,-0.7660669745104393,0.160757282294461,-0.7319544594168248,-1.1745302827648127,-1.4711941857949387,-0.575761608362191,-0.9714083770831453,-0.06862287385781664,-0.5207020652295561,0.6704404528830235,-0.5803440804373763,PD36063a,S006439.l.r.m.c.lib.g.k2.a.t
F1143,-0.5390331005053325,-0.7237314245067847,0.08184939690516244,-0.40814267607370014,-0.8692936284929998,-0.8615411584672609,-1.0910804460865564,-0.7237314245067847,0.4707068636228888,-0.304184709365864,-1.1458801220828785,-0.8565355913958879,-0.7290673241441482,-0.17680891569779336,-0.5643123393636742,-0.4090677552896,-1.4524927180275387,-0.5686125426117401,0.19559848768830415,0.12929980139783742,-0.6545173100550711,0.18409201393912158,-1.0642563193795493,-0.17496100261125483,-1.1107191151210511,-0.354438540541272,PD36064a,S006440.l.r.m2.c.lib.g.k2.a.t
F1952,0.9050299232296352,0.7077793061579618,0.39802981086386807,1.9840976325727062,2.178380413211862,0.7077793061579618,0.26311389722538947,1.4647290605086305,-0.5277392006957762,1.111232305278498,0.5656460839435761,0.008094673043537387,0.07225695803413211,0.3258885013951707,1.9080484440847094,0.740123529290969,0.9774090165513158,-1.0591328426309972,0.06207166973887278,-0.9571538628485095,0.1717639637215306,1.3563213032536732,0.029247521153373195,-0.5251349281540699,-0.6460187598485929,0.06856955795927204,PD36066a,S006551.l.r.m.c.lib.g.k2.a.t
F3247,-0.005239838076054538,-0.05166770846542013,0.683178950119496,-0.40814267607370014,-0.6828125996660935,-0.9395152074479701,1.3752982363991582,1.1412524104256114,-1.2754952147946232,0.11074526681905071,-0.05166770846542013,-0.23129896738454675,0.021312149891916897,0.05056692374709812,0.16920769435906605,-0.06364719645810955,1.061508762638068,-1.158233759154024,0.09869767116658389,-1.904931773446191,-0.15607259930668677,-0.29049025381521165,0.7450098450958771,-1.7799489891007998,0.7027492400613135,-0.14044873641062847,PD36067a,S006556.l.r.m.c.lib.g.k2.a.t
F3254,0.07932652717718036,-0.40814267607370014,-1.2013704544769028,-0.40814267607370014,1.7381581201123908,0.6369411661306261,1.814160265072644,1.2237682169548565,-1.2754952147946232,-0.7865566889207083,-1.0275239894099597,0.006306706057003133,0.009824729844939227,0.6067737274527972,0.2088685150079601,0.9669791383509687,1.319851667761114,1.5001076697096747,-0.23863741262832014,-0.059034097033089546,-1.2689729480384728,-0.06858550860251411,1.086242027010259,-0.5308311037496363,-0.39759347359798786,-0.7675509934722451,PD36068a,S006572.l.r.m.c.lib.g.k2.a.t
F218,-0.29785485805202033,-0.49308250318740005,-1.0678260854709283,0.6837826744695068,-0.49308250318740005,-0.38294158173828036,-1.225388658812847,-1.097482553476138,-1.2754952147946232,2.0500476217141683,0.12769257882835924,-1.7274887159878936,-2.153153880673788,-0.18185965600579493,0.3395577891474921,-0.35306308799275343,-1.8523313209025563,-0.37559596687507285,0.19741611549689925,-0.586431709834473,-1.042160675885244,1.1840358856230728,-1.1181982650761408,-0.06561236086032456,-1.4864391770994074,-0.30920401011520243,PD36069a,S002848.l2.r.m.c.lib.g.k2.a.t
F343,0.3071846611118908,0.17198533160759832,-0.30730839570843743,-0.40814267607370014,0.70417672183979,-0.3992524243830478,1.1269366088610973,1.5140418817923063,1.1487815909921193,-0.7865566889207083,0.17198533160759832,-1.3311126900380823,-1.5695475845013773,0.4366394434432922,-0.7330181413773652,-0.5311546299858138,-1.1001660789261067,0.7885814052448332,-0.5368106740370323,-0.495070467452705,-0.8832528791067897,0.1377230353556118,-1.4505250965270602,0.2827601652196944,-0.7117629476702216,-1.0126255680934055,PD36071a,S003764.l2.r.m.c.lib.g.k2.a.t
F3113,-0.5722079113625276,-0.42288331619224384,-0.42288331619224384,-0.40814267607370014,-0.4063607217959222,-0.016284307315397255,-1.3420330656258823,-0.8512419467795278,0.5374492451977936,-0.7865566889207083,-1.4538177247571595,-2.1227215584778873,-2.208624412021027,-0.314046413860296,-1.3094253961329567,-0.3608023509360974,-2.508822309411768,-0.025013703241583744,-0.9885309145900512,0.03142877548581204,-0.7359002347622359,1.4876657521914618,-1.8929164138588996,0.32479667961049463,-1.2564400273244958,-0.6686332624616218,PD36073a,S004413.l2.r.m.c.lib.g.k2.a.t
