expression_sample_id,TCGA-A1-A0SK-01A|507952aa-23c0-4239-ae19-04d8f862acc2,TCGA-A1-A0SP-01A-11R-A084-07,TCGA-A2-A0CM-01A|8fb0660c-fb39-47f0-8450-1f7abff3b656,TCGA-A2-A0D0-01A|d2a12641-a25f-4aab-99a4-433cf664ae73,TCGA-A2-A0D2-01A|64bfe46f-8152-4c70-b69d-ea412a4dfcff,TCGA-A2-A0SX-01A|6e112ec6-1791-4764-8a62-7ad4dfea2d3b,TCGA-A2-A0T0-01A|bbd09e9b-84ba-458f-a595-b03069b843dd,TCGA-A2-A0T2-01A|54600389-6de5-44ce-ada1-8a8508b50980,TCGA-A2-A0YE-01A|c94fb480-7f46-4c24-bcb1-26f66a57c45a,TCGA-A2-A1G6-01A|0c3ddae2-366f-4b21-ab46-a2cfe1963e42,TCGA-A2-A3XT-01A-11R-A22U-07,TCGA-A2-A3XX-01A|c0f6d246-c872-41a5-8135-2bdbdb1f924f,TCGA-A2-A3XY-01A|fc9fab5b-52f0-4c79-bdf3-750c650a0fdc,TCGA-A7-A0DA-01A|3293a2fa-d57c-448e-a336-a92def5dd92a,TCGA-A7-A26G-01A|cd417f4e-c065-4e73-a7c7-955b2fe71add,TCGA-A7-A4SE-01A|87b7171a-7340-4e1e-849b-c52351f23ab0,TCGA-A7-A6VV-01A|1aa289bb-8ac9-4e9e-be61-3164afbe06a2,TCGA-A7-A6VW-01A|b4835808-46fa-4b6c-a933-92acc9908319,TCGA-A7-A6VY-01A|9f06e9cd-8184-4b66-a2e0-96da9a7159e8,TCGA-A8-A07C-01A|d9ea5bde-aa1a-4210-976f-b2f67c6d0191,TCGA-A8-A07O-01A|d1237195-a00b-4c52-86b3-4627c42eb14c,TCGA-A8-A08R-01A|f6cb208f-cc43-4245-8392-dc5ada57bb9b,TCGA-A8-A09X-01A|09f1c0ee-ee22-435f-88c9-d9f5c936c45c,TCGA-AC-A2BK-01A|bd86e2d9-6098-4f78-9e9b-f2f95367c739,TCGA-AC-A2QH-01A|ff570f9a-a252-496d-a452-344063851a7b,TCGA-AC-A2QJ-01A|a260d9e5-d88e-44eb-8431-4266c1baf68a,TCGA-AC-A6IW-01A|3208ca18-f70a-415e-8d10-5e9cb8a24b52,TCGA-AC-A7VC-01A|aedc877a-f4b9-4657-b5c9-b7768b5751c9,TCGA-AN-A04D-01A|d141392c-757b-44f5-b531-0bcc136d8b17,TCGA-AN-A0AL-01A|f52fccc4-745f-4e5d-bff8-8d2009b6588d,TCGA-AN-A0AR-01A|422ef158-74dd-4a5e-88a6-5b0da33004d1,TCGA-AN-A0AT-01A|4dd3d7e2-8a60-41e8-8812-a06f413afe2b,TCGA-AN-A0G0-01A|e94299a9-67bc-4c30-963c-1476fbb7d5ff,TCGA-AN-A0XU-01A|5fbe4a11-de4d-418e-9bc3-75b768d4a665,TCGA-AO-A03U-01B|7806768a-e8c6-48b0-a241-c036c230e78b,TCGA-AO-A0J4-01A|7fa9ad2e-67a7-449f-be73-9e18dc46b529,TCGA-AO-A0J6-01A|0f0b1a31-1f88-40e0-bd25-320046de4970,TCGA-AO-A124-01A|a63cca36-139d-4054-9d99-9b04ddae7ec2,TCGA-AO-A128-01A-11R-A10J-07,TCGA-AO-A129-01A|bdef0c66-0755-4581-b813-87c8512754ba,TCGA-AO-A12F-01A|d6882616-b77d-4d4c-90dc-7318c57876e1,TCGA-AO-A1KR-01A|707414cc-7f34-41c6-8803-6641521a4069,TCGA-AQ-A04J-01A|eb914a22-6e3f-4296-89d4-a960902fba2b,TCGA-AR-A0TS-01A|ad1ea8c5-ca8b-49e9-a650-6012d71daf24,TCGA-AR-A0TU-01A|017d71aa-0999-4d8e-9cb4-88b9013e61eb,TCGA-AR-A0U4-01A|1f5bbb4e-9b0e-4953-a360-83fd7b6a2267,TCGA-AR-A1AR-01A|7235fd65-e9cb-45f1-ac78-cad80823325e,TCGA-AR-A1AY-01A|58764dda-7c61-4705-a834-4d654c60ef2b,TCGA-AR-A256-01A|398fa6bf-78af-473b-8f2c-a2b3b605131f,TCGA-AR-A2LR-01A|7acdca8d-6231-4077-b7ac-eec857c43092,TCGA-AR-A5QQ-01A|f55eb7a0-34e6-4d0d-9427-7d7896ddf060,TCGA-B6-A3ZX-01A|f6565f25-4317-4615-a437-af79da929ecd,TCGA-B6-A400-01A|ee39aea6-23f8-470f-863c-545ef6c5ea77,TCGA-B6-A402-01A|c4ceaaf8-4803-45d7-9937-42d25db60148,TCGA-BH-A0B3-01A|37939d7d-074b-42b7-8d68-95a8afef4c38,TCGA-BH-A0B9-01A|4f464ced-080f-41f1-9a00-955db0d5fda6,TCGA-BH-A0BG-01A|742a677b-e99b-4916-bb92-3536c55ee5e3,TCGA-BH-A0BL-01A|8a7fe670-bcef-4fcb-9759-9892ff5f4f61,TCGA-BH-A0E0-01A|7882ff91-e415-48ae-9151-26b55f1cfc57,TCGA-BH-A0RX-01A|77f150b1-5f40-442d-91c5-6d3571513513,TCGA-BH-A0WA-01A|7789d241-991c-4cc9-a557-69d5c439b930,TCGA-BH-A18G-01A|ff1f2f31-8607-4627-b487-c5e39e7c30f5,TCGA-BH-A18V-01A|19baf63b-8488-4b90-83b7-a6c671da0095,TCGA-BH-A1EW-01A|f8b403a1-37cf-4acb-b5d7-b3437fafa7f8,TCGA-BH-A1F6-01A|76bcf698-d2da-42de-b33c-c5deb721c643,TCGA-BH-A1FC-01A|09f9ebad-e7cd-4c20-9eab-8fd2066d9051,TCGA-BH-A42U-01A|893122aa-117b-49a4-a81c-1229dde4d78a,TCGA-C8-A12V-01A|71ce6854-2231-48ad-ba1b-54bb4ec7d713,TCGA-C8-A131-01A|ae2e0936-a225-491b-8361-3c20663768d9,TCGA-C8-A1HJ-01A|f9fe6c47-0955-432f-b402-a6dc2665e04d,TCGA-C8-A26X-01A|c782b873-2727-4fe4-9c9a-741964290349,TCGA-C8-A26Y-01A|e8d97ce6-190e-4189-a148-5a8d9f4215c3,TCGA-C8-A27B-01A|4ec56a4e-a3ce-4511-a517-199e2a535b1a,TCGA-C8-A3M7-01A|7aff89e2-86cb-43d8-96cd-341c02ebdd49,TCGA-D8-A13Z-01A|fd371070-c312-4eca-b3da-d41b1c8a86a7,TCGA-D8-A143-01A|be002264-f534-49b3-90d1-fd5a3f622fb2,TCGA-D8-A147-01A|abefed1d-9f40-4a97-9435-4d9df47f7ebd,TCGA-D8-A1JF-01A|7300d49e-2e8c-42e0-873a-1674a19b71e6,TCGA-D8-A1JL-01A|5fe2671d-4314-444b-adc1-64bbc6a85aab,TCGA-D8-A1XK-01A|7d496f9f-8a04-496a-ad25-68b1b72f864a,TCGA-D8-A1XQ-01A|ec7b77d4-41a2-4892-be79-23cb24f986d3,TCGA-D8-A27F-01A|ac88a5c1-caae-4b08-87bc-0dedbe61d996,TCGA-D8-A27H-01A|427a04c9-9b48-49de-8a47-2adc4e1dd32a,TCGA-D8-A27M-01A|b3b9ae66-e8d1-4a32-a2a9-46931b753527,TCGA-E2-A14N-01A|0648c6fc-df6d-450a-a5a0-e5655febbdf1,TCGA-E2-A14R-01A|6e8e0eef-1fc8-446c-9038-3a06657784ec,TCGA-E2-A14X-01A|ada5cdcf-f9e0-4209-aa92-ac3b921bbdf4,TCGA-E2-A150-01A|7860a938-e43a-4c3a-83b4-6578cea95df8,TCGA-E2-A158-01A|27f4c9d4-d6ba-4fea-9f0b-fb06066e69a8,TCGA-E2-A1L7-01A|104e3cb5-c6df-422b-a55f-6b19408594d4,TCGA-E2-A1LH-01A|e99a371e-14fa-46f7-89c1-ad36bcd82994,TCGA-E2-A1LL-01A|1b98fd3e-d3e3-4ecc-9fe3-02600177efed,TCGA-E2-A1LS-01A|5755f322-5df5-4b88-9c79-640167775c12,TCGA-E9-A5FL-01A|c1f3f326-e99f-4811-9665-d15d6d8a1c33,TCGA-EW-A1OV-01A|57044315-cc7f-4677-90fa-2e959740bd9c,TCGA-EW-A1OW-01A|7b738087-65b1-4c6e-94c4-d0ba6bb17098,TCGA-EW-A1P4-01A|86b68671-beef-4a15-aabb-89d79396fd9d,TCGA-EW-A1P8-01A|c15e9ead-0373-486e-a99b-26b96bd3ccc4,TCGA-EW-A1PB-01A|2081a155-9d2d-41f6-b243-68a12e9b342a,TCGA-EW-A1PH-01A|67317cce-4a8c-4313-bb26-4ef7759071b9,TCGA-EW-A3U0-01A|03a1a105-4856-4e5c-b537-508bdbda50b5,TCGA-EW-A6SB-01A|83f2e26b-fefd-4027-ac5e-fa204ec9f084,TCGA-GI-A2C9-01A|3e0c80d6-5091-454c-ad27-eb513cf6f45d,TCGA-GM-A2DB-01A|59bb8b6d-9827-4d5c-8714-cbc8ec3b8be5,TCGA-GM-A2DF-01A|842b0c9e-a03d-4074-b0fe-be8d0e056c7d,TCGA-GM-A2DH-01A|4ad2cbb3-5bca-462b-af1f-8a292c317722,TCGA-HN-A2NL-01A|7125229a-2fc6-402d-bd87-ad0d3195fd49,TCGA-LL-A441-01A|0ba26ef1-7b7d-48c8-a593-75504769791c,TCGA-LL-A5YO-01A|e0b65eec-7c30-4607-9cae-c8e8463c80c5,TCGA-LL-A73Y-01A|8ca36e25-aabc-4bd9-9ced-a8d432ca0260,TCGA-OL-A6VO-01A|4a2ad226-ed26-4f81-af7d-9d8b6db7cdd4,TCGA-S3-AA10-01A|51a3cb9a-e745-49ac-af0e-3a750f9e7521,TCGA-S3-AA15-01A|a572e59c-096f-4054-bbb4-90f2e2461d99
TCGA-A1-A0SK-01A|507952aa-23c0-4239-ae19-04d8f862acc2,1.0,0.869798527254501,0.8152993965299661,0.8264576394377653,0.8352354117766057,0.8242653405178064,0.828402949627362,0.7952698872328168,0.8279384170007058,0.7863357824834344,0.7942624839047064,0.8121127388975864,0.8024531589180998,0.828634728246239,0.7897705305456302,0.8196537432774422,0.8160096153944637,0.7942763023334575,0.8054119706651051,0.8455259169818758,0.8312719697779132,0.8160386241952582,0.7900132870583395,0.848587367027394,0.7422158964309742,0.6757334988615801,0.7892743757463556,0.7748233761247827,0.8559087300389535,0.8004544578980972,0.8303948555173601,0.8460139531588953,0.8181969924192949,0.8412851881415523,0.7427873581555244,0.818781141409821,0.7967914662369646,0.8245478505072023,0.7610535908512108,0.8099634230194265,0.8288693244967144,0.7903292121249894,0.8168319795313809,0.8105002535843157,0.8315134749017625,0.8024079975154295,0.7985795458571611,0.8492009938415512,0.8177268041387565,0.8580936981080156,0.7572762050509989,0.8005025955033283,0.8234697234006436,0.8192460245807295,0.8163222364764742,0.8340904108551022,0.8051920320647997,0.8127904790398369,0.8072809948500375,0.7951867510411634,0.8400101271731131,0.7895749171076816,0.8111432457870851,0.8053207024500535,0.8155552265792846,0.8401835562558647,0.7516400090992784,0.7854242911719554,0.7982237003182968,0.8298268746771275,0.7630923091891407,0.7878270070099542,0.8092656534124502,0.7886530414646853,0.8209018715366555,0.8468702336429504,0.837803460659448,0.7677388183441994,0.8184412397699643,0.8420717974476863,0.8150464424317048,0.8298254918414982,0.801243326022285,0.7868419723875458,0.8275413900047737,0.817164656797524,0.8195744585681511,0.8046634931132175,0.8263055515817281,0.8455990483673139,0.7618182102850369,0.8014821560326936,0.7618552417437494,0.7413669354988581,0.7924018460560125,0.8352432349405567,0.8134898355218148,0.8257215167892279,0.7540130246215607,0.8255661152832954,0.7946355494638624,0.7823411668997121,0.8254206821189022,0.7723542329281733,0.7793870859405776,0.8411010738567997,0.8674869629982896,0.7962333790385826,0.7718100929227547,0.8043577114991194,0.8418629715296254,0.8122219091591508,0.7716999951634178
TCGA-A1-A0SP-01A-11R-A084-07,0.8697985272545009,1.0,0.9193074565032526,0.8999539751573632,0.918535530928294,0.915383623532646,0.8989452597403007,0.8795107474872109,0.8989523286686348,0.8574666421238595,0.8969710078250529,0.8880866753043258,0.9033649433457861,0.890818802529707,0.8746485599799535,0.9050826797328075,0.903613863627868,0.89867665117274,0.9127765881674728,0.8893799636324788,0.9110319847037927,0.9040119013079179,0.8775781399864142,0.8647999719794921,0.758634760579229,0.7978093466921574,0.9034172520132921,0.8401194489272232,0.8693465957012232,0.9008045322750343,0.8759043153946169,0.9229223916537053,0.8899833022303273,0.9050055323099659,0.8510287856811648,0.9155059098176028,0.8933918255723041,0.8869399856566128,0.8632501586603032,0.9149966590508889,0.8965694742052103,0.8630520379617487,0.9077485634068566,0.8950589286231994,0.9047557474153767,0.9101387967419071,0.8903662898907175,0.919853870369122,0.8977938912481358,0.8899488539511011,0.8775164967969264,0.8934896592776866,0.9181775101555663,0.8882364727639204,0.9134635879942099,0.9202263382090318,0.9117564947057077,0.9081532657416151,0.8647423607261023,0.8990778528827258,0.9159744498622793,0.8742678646407711,0.90698017901768,0.8724635824289901,0.9100883215370594,0.9065628733791882,0.855445716898168,0.8991361011250918,0.8854632900291917,0.8825387473119781,0.8670530849698609,0.8454645321216238,0.8908886658472783,0.8594724960811347,0.8963572317557088,0.8975974501217561,0.9036349642948714,0.8287433160193205,0.8981707763355373,0.9040834418046008,0.8946869360100306,0.9014894071153123,0.8863422769722173,0.9026770093394627,0.9055607412274848,0.8922835424547675,0.8974994203894366,0.9003529139192693,0.8574477113017843,0.8836940636500807,0.884946747454436,0.8814562996871368,0.8299478270994457,0.8327958005114096,0.8826479671338595,0.9142048504146708,0.9183657010968983,0.9166048956096887,0.8732666331890088,0.8897395891404525,0.8948215304969359,0.8965262901364711,0.9178258753707882,0.8557079986376052,0.886071821985095,0.8907224749260789,0.8995238433549175,0.8892431053836628,0.8784409008337306,0.8882847949333317,0.9080836134191348,0.9175374061385853,0.8948998840947173
TCGA-A2-A0CM-01A|8fb0660c-fb39-47f0-8450-1f7abff3b656,0.8152993965299661,0.9193074565032526,1.0,0.9070988682127238,0.927548358084434,0.9329546359854486,0.9170183766623695,0.9025002470938448,0.8909526178689626,0.8520434583373065,0.9232232973767386,0.9103656619279864,0.9229012556860859,0.9079853824462738,0.8910474496363987,0.9107270010694815,0.924127212491599,0.8973582238372869,0.9308197042304502,0.8995592961963362,0.9263039229376838,0.9320780514620775,0.8994678189905996,0.854004036510105,0.7574201435944311,0.8034093025594092,0.9282674357175964,0.8424737611679631,0.8660395542338777,0.9036119602977107,0.861751059784537,0.9220463230793156,0.887987623064743,0.9151407456528952,0.8664981049627659,0.9366934177482992,0.9153485140913928,0.8932667037406107,0.9075419259398437,0.928082708446089,0.8961102064681905,0.8694842407005566,0.9205262070588333,0.9190576568616043,0.9141280058539614,0.9238636606370862,0.9206742875283143,0.9217948125963075,0.9142279218496131,0.8708625362117134,0.8954721555222981,0.9048956526619107,0.9212271097051854,0.9072910178804693,0.938600391981154,0.9152514004692089,0.930098635801279,0.9229786994433505,0.8689178986577588,0.9145404067360442,0.9208936629080122,0.893398954820509,0.9297101208575416,0.8867820770298009,0.9351860194360316,0.9381096059052686,0.852049087226579,0.9232531749120019,0.8929126841370404,0.8909056959251117,0.8881095760698638,0.8615927852954106,0.9192022742378803,0.8674056368111632,0.9073983865405757,0.8883811005625483,0.9168301009094479,0.8484076014301937,0.9207591648452784,0.917168078836796,0.9207767020507319,0.9129237075144815,0.8947842396902949,0.9231817182100086,0.9195600300845923,0.915995080186333,0.92288072364894,0.9227126330517766,0.855835507989129,0.880281170123941,0.9095850405101924,0.8816786246962038,0.8277929642587069,0.8334217416375169,0.9042924468059375,0.9269918268526359,0.9174155169535385,0.9213945934837888,0.8986874782868522,0.9071513738021822,0.9098721916958481,0.9084396524905514,0.9150499032985393,0.8671224131680096,0.9126022587061926,0.8998384556879295,0.8762920511976596,0.9052956784802427,0.9045125535530504,0.8957238279470944,0.9191193104311914,0.9451239529642701,0.909555310141748
TCGA-A2-A0D0-01A|d2a12641-a25f-4aab-99a4-433cf664ae73,0.8264576394377652,0.8999539751573631,0.907098868212724,1.0,0.9191188752803718,0.8857693627726838,0.9038044551903338,0.8985982386388067,0.886941138853488,0.8273890791894758,0.9017971999822119,0.8909166644994203,0.8950670563448391,0.8904829178761954,0.849751542852792,0.8965062324023881,0.8930268250158442,0.9187673620435385,0.918709796691276,0.8668725547346612,0.905351663579203,0.8938121067869037,0.8607032714839766,0.8555581037407366,0.7204054736880174,0.8173389182608013,0.9041599585229027,0.8354125975016146,0.8810622797739652,0.8857184310314928,0.875898679366619,0.9161244494857168,0.8771505432388863,0.9027180452412272,0.8437497712645029,0.8962830937406947,0.9074252897663039,0.8853102706566115,0.865976681892773,0.9235204151626608,0.8947421076925526,0.9081869938283463,0.8914597979640968,0.8659002790258654,0.9022160718886884,0.8853569264421199,0.8698783532942762,0.8954749399480079,0.8903013010146915,0.8630407418623505,0.8813261014128763,0.8763234471198302,0.9096252496100654,0.8906390749470563,0.9190526489997212,0.9110759501971945,0.8879157712269735,0.8880650411374859,0.8751167592055679,0.912088270025956,0.8985524642926435,0.8905476121225486,0.8843772436990001,0.8503772676110523,0.911486633289367,0.8957791630226933,0.8506652689188109,0.8888342043001553,0.8942883048183174,0.8886950739433903,0.8664157565756546,0.8580479252280929,0.8917466305867114,0.834334976833144,0.8793976461891816,0.8946352543487426,0.8807368786963062,0.8083665800566817,0.8930888346600027,0.9109362198808767,0.8989319343190623,0.8936729384272984,0.8622286738428426,0.862287619066975,0.913160543490411,0.9021927253553873,0.8757971616939179,0.8959346539262111,0.8572432933369692,0.8616253996031842,0.8862769673611983,0.883362154609213,0.8345568494812615,0.8508268519819894,0.871519321625052,0.907724188629272,0.9040825842305034,0.9160067145460302,0.8966161959676373,0.8943551963715316,0.8758028547900372,0.9041648423496059,0.8915428322696538,0.8745233802759863,0.8967270414802477,0.8701010871261232,0.8876008972186099,0.8787941758877983,0.8790961035867222,0.8571890318637502,0.9006973596445684,0.9032800376571876,0.8833188313619028
TCGA-A2-A0D2-01A|64bfe46f-8152-4c70-b69d-ea412a4dfcff,0.8352354117766054,0.9185355309282941,0.9275483580844341,0.9191188752803717,1.0,0.9149741811878858,0.9185034311174974,0.8988086179108375,0.9031126987061663,0.86384142379195,0.9092771184479626,0.9059550463100695,0.9224053173551192,0.9108167800970516,0.896416344897901,0.910461268488125,0.9164107200424834,0.9010781994920255,0.9225090831882778,0.9011528374093526,0.9086809690760829,0.92242573861295,0.8836716017540258,0.8704264162122853,0.7533842092445983,0.811158338437257,0.903922312855286,0.8553831925762027,0.8864457992277421,0.9165059826756142,0.8924137974641942,0.9338821350410454,0.9104116764610602,0.915801861410447,0.8728768247517837,0.9265399860553752,0.9119772608020005,0.9027694209932698,0.8816624137787725,0.9395260647958621,0.9116718077493342,0.8781792696760466,0.9269848791603025,0.9094563846702934,0.9152901725467465,0.911460249273651,0.9019057946895703,0.922917519860408,0.9114715360065255,0.8892632971237812,0.8862319179254796,0.9052730740822926,0.9232439616147572,0.8906256962206129,0.9331740095202435,0.9151427885599261,0.9187202288604246,0.923973158163043,0.8697432634209675,0.9219089448414031,0.9201052055079914,0.8987652546708276,0.9121984370354906,0.8828498708984921,0.922911476183645,0.9099907328931903,0.8665717565401783,0.9172578114748161,0.896068395588702,0.8941300091046057,0.875128731015249,0.8556477436442805,0.910503063187881,0.8682524036691681,0.8991453969754762,0.9045590251521209,0.9078624504126819,0.8404027129380984,0.9219868539577695,0.921010534196308,0.9217960411693903,0.9205230884585898,0.8940235372839729,0.9049719452313164,0.9191877606542557,0.9072843729853302,0.9069460430970486,0.9181934521662845,0.8645578092330436,0.8822466857007499,0.8974167731636168,0.8870244480430303,0.8402283881193866,0.8305322233570068,0.8937461173717218,0.9363050464442342,0.9117230494959842,0.9303210528467061,0.8857676185254036,0.9004900169702659,0.9139480757809026,0.9001901367674043,0.9135202111705635,0.8656337567873671,0.9065823419345077,0.8945469748661956,0.892691871497406,0.9133915700420281,0.888265349165675,0.8958593935911643,0.9101963390498825,0.9230646199809964,0.9162109723329199
TCGA-A2-A0SX-01A|6e112ec6-1791-4764-8a62-7ad4dfea2d3b,0.8242653405178064,0.9153836235326459,0.9329546359854486,0.8857693627726837,0.9149741811878856,0.9999999999999998,0.8981663934266172,0.881757944861673,0.8934601723207097,0.8817098421535792,0.8924925994840589,0.8930584122703586,0.9205545211480796,0.9100694175691773,0.9032506362747746,0.925057044928067,0.9143035270876074,0.8840084215037398,0.9113118377231461,0.8904893926521358,0.8894761475218049,0.9172093312744043,0.8848754654015669,0.8498530463446211,0.7547117595262726,0.7861459182266888,0.9022595736602941,0.8286537175485178,0.8538082604081306,0.9008773871555107,0.8538947480957765,0.9002328774727938,0.8794231763172508,0.9138923789391781,0.8785860157263446,0.9274427123302454,0.8927795553674237,0.8835219282942949,0.8906366294840762,0.9162149131566799,0.8825073250634529,0.8441195402993148,0.9270966173960301,0.9257181107035352,0.8786088422368197,0.9065194073119723,0.9203479079427859,0.9058606447356462,0.9028295574988195,0.8844643681858786,0.8734927640311311,0.9088142048339981,0.9131270597456419,0.8889379459464507,0.9298480645226966,0.913241715192198,0.9223352385469153,0.9401290260595058,0.8597478941144929,0.9075780167270754,0.9137013988150198,0.8762384518542252,0.9228663320168791,0.8947038572561253,0.918628171178019,0.9130052491723367,0.8692221644377492,0.917290082668614,0.8841493446539369,0.8677807154075492,0.8778173917086125,0.8486918296854,0.8994638260572625,0.8806657237312973,0.9069615841079317,0.8883048330383584,0.9251111747246894,0.848592714753139,0.9239771946793942,0.9020019855013641,0.9138925986834665,0.9045222026692233,0.8959521007010379,0.9321484654463242,0.8920618040984883,0.8923166422919101,0.9147045437026227,0.9212964340519946,0.8484169323007832,0.888095915468424,0.890892680709273,0.8697296805964693,0.8220496000881208,0.8276727169781607,0.9019973171056798,0.9199244986953989,0.9061357162462068,0.916721317230989,0.8826258829324575,0.9052710634887242,0.9163261229268379,0.8793864602309542,0.9086036694214336,0.8451505483417844,0.8912856071716457,0.9041955602754992,0.871896949557714,0.9149904098245879,0.8974626929173047,0.9150645045360963,0.8938860051784732,0.9233925761087288,0.9172780978812841
TCGA-A2-A0T0-01A|bbd09e9b-84ba-458f-a595-b03069b843dd,0.8284029496273622,0.8989452597403007,0.9170183766623694,0.9038044551903338,0.9185034311174974,0.8981663934266171,1.0,0.9221267577410551,0.89314950740636,0.8525679449880276,0.9033663636480792,0.9104685540067592,0.9049421593467617,0.9246637396836996,0.8823854059753328,0.8972993287729093,0.9191715824266868,0.9043131946726437,0.9218383433375026,0.8879610052675306,0.9142588560106997,0.9105685450029073,0.8917132102909283,0.861680494844873,0.7428222818027816,0.8161522317554747,0.89785126685725,0.8482800956616237,0.8977696987665535,0.9013624830714582,0.8878289219487522,0.9186936859638671,0.8977633207395631,0.9070799846062335,0.8644183478574115,0.9103535890377128,0.9097223998805657,0.9076663998203213,0.8648796039404794,0.9229265076193394,0.9069115113089906,0.889010932903349,0.9134829833611753,0.8839280661164843,0.9044798993955444,0.8954857885819026,0.8901263212249667,0.9078358076313551,0.9119420076020408,0.8742026685750277,0.8785546634383462,0.8920444938865103,0.9082133034546993,0.9142321796160887,0.9288633784694728,0.8955314507407023,0.907084046410542,0.9028066472192727,0.8830198204231551,0.9114794709278228,0.9130283391629057,0.927786491429152,0.900412870214525,0.8716606774589635,0.9303852479354545,0.9027612954116083,0.8633528860921524,0.891922475689634,0.9090293414247937,0.8830213465045902,0.88696988678522,0.8753161109721599,0.8980418896384372,0.8675071561945104,0.8942115502114953,0.902832804875527,0.8873477926621536,0.8552363145650886,0.8984342897164356,0.8943074778006631,0.9144699278089868,0.9082776621938035,0.8863705798349183,0.886166089479125,0.9130861909268657,0.9140148925359264,0.906571631373742,0.9011729405816216,0.8645646896442664,0.8706766786008951,0.8943716593555516,0.8778832204579647,0.8541131094629886,0.850766833912265,0.881286769351603,0.9183099322027694,0.8943720640828087,0.9153582311358509,0.877515192578994,0.903473641817241,0.8817895992228094,0.8900645633978786,0.9103137711373848,0.8814683863880723,0.903705751221822,0.8780185242888265,0.8712265055135924,0.8835118143868899,0.8903912337194552,0.8921120041823065,0.9102195352929322,0.9013393864320596,0.8905802038321634
TCGA-A2-A0T2-01A|54600389-6de5-44ce-ada1-8a8508b50980,0.7952698872328169,0.8795107474872109,0.9025002470938448,0.8985982386388067,0.8988086179108374,0.881757944861673,0.9221267577410551,1.0,0.8877700152300815,0.8490266698766099,0.8918019695321272,0.9121432133488059,0.8965518027708368,0.912384016114135,0.8539577753673478,0.8875149923847242,0.9056840246767974,0.9172827686563431,0.9148003259199838,0.8413289938717302,0.8910486349395683,0.886152011863587,0.8786890717345531,0.8326464540864396,0.6984396067119113,0.8383714764788235,0.8915424402456977,0.8392834007667217,0.8844983649436974,0.8967147927501197,0.8810085730055035,0.8929022697110472,0.8657049990072596,0.8853105568793875,0.861137014842516,0.892534140829859,0.9057978855176294,0.8871702595169301,0.8581409956353148,0.9240306458625406,0.8908103096973323,0.8989963946478174,0.9016495523432173,0.8743467633723728,0.8783055502366519,0.8705920447098708,0.8630206782602717,0.8880921486326161,0.8806021907822058,0.8433135629656204,0.8723541701486309,0.873563605268365,0.8958105370460013,0.900080436492905,0.9269967284606201,0.8881204661945158,0.8915753482453858,0.8958822263134725,0.9126787087229884,0.9132550371518641,0.8998307312262619,0.9176861295068759,0.8796651824985465,0.8558706987684813,0.9265423736014404,0.8808799651885736,0.8792910596836635,0.8796854285398236,0.9122351338541204,0.867180599272125,0.887096074919834,0.881844966368415,0.871363055214697,0.8703863792033273,0.8839443721021798,0.8854299292836433,0.8676044757723231,0.8373886647423723,0.8866775550637482,0.8676701139296863,0.8976173227647445,0.8844392642174681,0.8734685848876168,0.8646959847753529,0.8889412892912211,0.9054873050466512,0.8968431283245676,0.9074387102982708,0.8556300971144732,0.85228624371544,0.904333209622101,0.875050529676879,0.8607551226530621,0.866541230762072,0.8766658074508229,0.8986919273944697,0.8761430584018358,0.9113775659613242,0.8832064308475289,0.8993362417990477,0.8660686459761888,0.8932352892830765,0.891099315699102,0.8939492703532713,0.9161460486837167,0.8606133465414358,0.8469925354747397,0.8727903412577198,0.8933358986784816,0.870307711081411,0.893679876792882,0.8796392725181348,0.8857752919422414
TCGA-A2-A0YE-01A|c94fb480-7f46-4c24-bcb1-26f66a57c45a,0.8279384170007058,0.898952328668635,0.8909526178689625,0.8869411388534879,0.9031126987061664,0.8934601723207098,0.89314950740636,0.8877700152300815,1.0,0.8510517339007302,0.8678411618737386,0.8856351948210882,0.896450482428065,0.8964466132539672,0.8784910063013851,0.90534218072915,0.9027894958765583,0.8865013537874605,0.9092560335590026,0.8769057764803121,0.8804329511717238,0.8901711758650019,0.8572885944918349,0.8701246958981371,0.7637812092647128,0.7808820507736431,0.8571503677396335,0.8272765327135895,0.8709216973898105,0.8976039989953122,0.8807802815227848,0.9059726767403143,0.8925266977849372,0.9127592884992178,0.8549066860742683,0.9026364950112092,0.8869773743140761,0.8994435329099479,0.8434134244040536,0.9053800508450377,0.8973254997265108,0.8591886525368342,0.8999644884453277,0.886144744546448,0.8761512318678486,0.8762260907743089,0.8722380864849493,0.9094749572539456,0.8885466253688828,0.8855955202619697,0.8445023403234861,0.8790946817415488,0.904170226963652,0.8752144017633319,0.9086728022272927,0.8964308569606182,0.8928716252927131,0.9095972661522216,0.849921810896865,0.8834063039388096,0.9210569066430044,0.878626399205154,0.8938073469990092,0.8718003014706639,0.8934530838477162,0.8732785050538924,0.8422693515497433,0.8805748194165127,0.8820097898094701,0.8677994779739258,0.8483186876381166,0.85585337681739,0.867208135264523,0.8563646245571033,0.8863408121617284,0.8921142066423808,0.8996038060973552,0.8308475190888792,0.9008960363216495,0.8957963529461761,0.8924639922317054,0.9057769923135284,0.8934771471358952,0.8821387421165371,0.8809189741485096,0.8705551091538445,0.8727142578557089,0.9002976526287081,0.8570671437177928,0.8578323853573767,0.8564698048800935,0.868475598231973,0.8342708334000305,0.8186252808610606,0.8666792879956626,0.92044921931665,0.8963951901870454,0.9151855315252346,0.8494171262315972,0.8966960762987578,0.8819039370219284,0.8542167439971353,0.9043278882209588,0.8455818250149875,0.8720605241233433,0.8767586189179298,0.8663762203312232,0.8851998978728249,0.8520737047775354,0.8872663262282443,0.8808395626649501,0.8750372842794841,0.8860983802522199
TCGA-A2-A1G6-01A|0c3ddae2-366f-4b21-ab46-a2cfe1963e42,0.7863357824834344,0.8574666421238594,0.8520434583373065,0.8273890791894758,0.8638414237919498,0.8817098421535792,0.8525679449880276,0.84902666987661,0.8510517339007303,1.0,0.8308806840568449,0.8375872260471188,0.8669769637391901,0.8649609924374242,0.8935024995992069,0.8668299643544111,0.8618349681346033,0.8208459956697253,0.846063851299294,0.845614077674253,0.83535927795421,0.8511643499261802,0.8620652366605936,0.8158923878280097,0.7420557777161578,0.743490219933593,0.82489538379476,0.8028404043401767,0.8221213486858093,0.8615939966364762,0.8218399149352763,0.8499008084751671,0.8456840971712543,0.8631241158308148,0.8934248328848191,0.867534718296493,0.8413505500336002,0.839647603747906,0.8242745571300761,0.8587944730301506,0.8648804939579676,0.8039815001553187,0.8993193959894878,0.872758715859137,0.8221859066288154,0.8519634493925988,0.8764227951451623,0.8560959397086351,0.8514418390804683,0.8582512928605334,0.8223196213185884,0.8595122232085448,0.8461699915293743,0.8279791070088447,0.859676959261987,0.8501816342803898,0.8787129299267822,0.9002209823194356,0.8180952584073599,0.87322979591008,0.872259435745609,0.855641930255306,0.8489459804493553,0.9115577739132477,0.8640942123482024,0.8291168653307016,0.9165009465968817,0.8714865371195327,0.8526663514951165,0.8350265325932144,0.8557079067943837,0.8288691243441118,0.8417091728387353,0.9281019099864641,0.8705205372342095,0.8490228723019853,0.8603852940603426,0.8595249458396408,0.8818576541356755,0.8450674271636914,0.861607451141682,0.8568807229462319,0.8621493467402966,0.8776377788841221,0.8480247812826455,0.8307805370240374,0.8751127445530613,0.8731179599901246,0.8196056378311637,0.870710773591724,0.8277281312931187,0.8477557335640206,0.8492147695078984,0.7898895719731388,0.8685892990273788,0.8758975381758893,0.8444985773492881,0.8664893660072354,0.8125590253461543,0.8461409801100045,0.8637313015849657,0.8124749169146439,0.8770300785896289,0.8245713257999392,0.8327498745820395,0.8704459665569259,0.8266062567753371,0.8909714909258957,0.8475387205970251,0.8858670403286206,0.8317671205056781,0.8328327580932997,0.8740385466953678
TCGA-A2-A3XT-01A-11R-A22U-07,0.7942624839047066,0.8969710078250529,0.9232232973767385,0.9017971999822119,0.9092771184479626,0.8924925994840589,0.9033663636480791,0.8918019695321272,0.8678411618737387,0.8308806840568449,1.0,0.9050373231893052,0.908762818145164,0.8916159381718447,0.8548952202071317,0.8856356123537781,0.8999285889828406,0.8967921562926846,0.9146710842325217,0.8589383928063635,0.9138420820522924,0.9104924883636109,0.8811874554545129,0.8343375348686114,0.7077943679966884,0.8244560623528249,0.9188644648220667,0.8414649528160241,0.8674329388983787,0.8953435279446649,0.8592332502041647,0.8996583310605129,0.8731161720933197,0.8823968687086204,0.8458052616423458,0.9075829147237283,0.8970408564781062,0.8727114112550466,0.8874244180151155,0.9243615748600338,0.8829188230339022,0.8729306485651749,0.8937664598209113,0.889412266383072,0.8958004193205822,0.9128589401377775,0.8789383144817194,0.893510111316986,0.8840493262936494,0.853446155926721,0.8762616944768106,0.8969734185271627,0.90575883272287,0.9002265491519121,0.9141666126656666,0.8923900369584528,0.9040153853207658,0.8853510055884223,0.8595680029110286,0.9031253240705516,0.8884691373995808,0.8849951678729716,0.889322584094896,0.8650412851138576,0.9141579665592034,0.9062201698045735,0.864655901125407,0.9073405710102936,0.8754721417386663,0.8565456667967513,0.8813275410937895,0.8553470555983702,0.8893105893461206,0.8510965707403875,0.8741049488596478,0.8747158046702144,0.8775782707609334,0.8163524305465015,0.8924541651339436,0.885340889620151,0.9011183638890721,0.8882044242063801,0.8720139912552392,0.8865718695589273,0.8965212824820955,0.9094517836116525,0.8963907856088653,0.8962323995459223,0.8358392907878328,0.8696458364464568,0.909916592632709,0.8563922079886248,0.8089909568670792,0.8352116763324883,0.8850479052242104,0.8979703117616799,0.8847498137577938,0.9036247316255638,0.8951674250391837,0.8648912546826804,0.9008163273757883,0.8955948600492456,0.9003597436447907,0.8642470994415438,0.9151781973130257,0.8758716781562405,0.8805061436523126,0.8972620743584244,0.8994104827084588,0.874784297604193,0.9103404751043102,0.9099023307515335,0.9049741455955076
TCGA-A2-A3XX-01A|c0f6d246-c872-41a5-8135-2bdbdb1f924f,0.8121127388975864,0.8880866753043258,0.9103656619279864,0.8909166644994202,0.9059550463100695,0.8930584122703588,0.9104685540067592,0.9121432133488059,0.8856351948210881,0.8375872260471189,0.9050373231893052,1.0,0.9262703280759813,0.9104292478532638,0.840577265550618,0.899803422684513,0.9016906422955565,0.8962766922082345,0.9142351383724123,0.8521778811568311,0.8994718103944084,0.9123485569224601,0.861292196131815,0.8422413769016212,0.6997735565276093,0.8226200861759922,0.8989950788468166,0.8355436224543272,0.8898052188812401,0.8816102941034579,0.8751256781609995,0.8990132309336716,0.870800167543586,0.8870374035207449,0.8367894974655872,0.921454546733309,0.8860483339387979,0.8888566607918285,0.850188127046341,0.922431828345895,0.901115108799369,0.8827825698098457,0.9032009796951159,0.905098681699524,0.881548359849481,0.8709595608234939,0.841482674190018,0.892197161985253,0.8716671424475632,0.8622671318403206,0.8615233125976373,0.8966002591532226,0.921349729490711,0.9266603088718763,0.9179244320167353,0.8890032188653082,0.903900164635677,0.8937517775458541,0.8785439605228093,0.9115585798227002,0.9083320718831606,0.8892536253798444,0.8812029590500979,0.8549850125037931,0.9223672201739959,0.8940937301155301,0.8804346745396413,0.8825538845198165,0.8907950494862517,0.8634437731762766,0.8585192672119994,0.8515131521733414,0.8710720252935431,0.8514311585218884,0.8724411622578786,0.8858722975106446,0.8906891661521659,0.8124275118292315,0.885037051456236,0.8695431254015173,0.9034476603219845,0.897037310540855,0.8844635848467132,0.8791144743534987,0.8780611645521025,0.9069209238719058,0.9238685948284453,0.8935200333865475,0.8601829504336139,0.8574490095383343,0.914758451530004,0.853802713456204,0.8288852468774291,0.8399863035179593,0.8705683757462412,0.914948423419906,0.8736702225718447,0.8997398021745946,0.858210832139849,0.9035159539709895,0.8926751476638539,0.8918180327345075,0.8986317310213017,0.8656799559605037,0.9203223385044553,0.864341569770402,0.8675772416506663,0.9004115851212772,0.8931715988776218,0.8929830719106037,0.9138419115088252,0.9030640630672077,0.891285519110343
TCGA-A2-A3XY-01A|fc9fab5b-52f0-4c79-bdf3-750c650a0fdc,0.8024531589180998,0.9033649433457862,0.9229012556860859,0.8950670563448391,0.9224053173551193,0.9205545211480796,0.9049421593467616,0.8965518027708368,0.8964504824280649,0.86697696373919,0.908762818145164,0.9262703280759812,0.9999999999999998,0.9123575795629469,0.8791945321112717,0.9232823653628598,0.9326110843929148,0.8999465995715749,0.9251629193456976,0.8627058379494947,0.892705777446945,0.9102868899640204,0.8802180674131364,0.8360639731716943,0.7356871931922496,0.8497762897959902,0.9025844580999113,0.8705914703466663,0.8600738982447457,0.905345540752744,0.8643170664962705,0.8993462251108043,0.8739155585935859,0.8964629343179105,0.8669866063841473,0.929550300103134,0.8794865046631698,0.8817907729903087,0.8748151639008418,0.9278868252038989,0.907035332130731,0.8668455320651697,0.920534532527455,0.9185589640431089,0.8781506802352289,0.8974750761950233,0.8792609415507721,0.9023171024800322,0.8771085092495132,0.9030000169819039,0.8911783677536937,0.9126107750305833,0.9435903367860674,0.891398118014195,0.928892796790921,0.8899108118269636,0.9133491269436278,0.9320187107584231,0.8577033804043389,0.9276845341165798,0.9175411412085449,0.8820270536814796,0.9036937674018382,0.8777625235988609,0.9186198413696967,0.887125203888362,0.9075914751552618,0.9102925028315025,0.898146349366758,0.8649016534172722,0.8808765214879519,0.8387678004370961,0.8696557484801637,0.8788590490623827,0.8905124931533579,0.8832500711143636,0.8898661881263524,0.8229004052683715,0.9069903397558258,0.8836013649625508,0.918236263351997,0.9095701330703021,0.9023473334528676,0.9098677244660354,0.8812111266226873,0.8916615147048979,0.9108507328888009,0.9060106187115581,0.8401187486628225,0.8734960323869692,0.9174204070677743,0.8726269500660828,0.8155191930111428,0.8583708607620393,0.8987364948818786,0.9303753574785063,0.8975997549936217,0.912588975078497,0.8755387884761966,0.8977464970667303,0.926932930715007,0.8888730818573177,0.9090681044483613,0.8612699677955986,0.9221693221404629,0.8811203371638746,0.8710315034572824,0.9272545184135443,0.9042337225704575,0.9198185656902738,0.8973852305386913,0.92308711375408,0.9331683860302562
TCGA-A7-A0DA-01A|3293a2fa-d57c-448e-a336-a92def5dd92a,0.8286347282462388,0.8908188025297069,0.9079853824462739,0.8904829178761954,0.9108167800970517,0.9100694175691771,0.9246637396836996,0.9123840161141351,0.8964466132539671,0.8649609924374242,0.8916159381718448,0.9104292478532638,0.912357579562947,1.0,0.8790702075179243,0.9207460212670908,0.9213830112089446,0.8872813133602826,0.9075896063678943,0.8750489981796853,0.8980082081952789,0.9238515945017465,0.8679277764676484,0.8540166728670355,0.7417273195202018,0.790051976393894,0.8739575547539469,0.8325152805125989,0.8859402362299013,0.8939404206030775,0.8706074958843355,0.9011625900865813,0.8830560881952344,0.9040341878393159,0.8634044865325489,0.9269737967236262,0.8901046843427759,0.895955068041236,0.8483866862996338,0.9171169759640686,0.8966925446548923,0.8544119189489002,0.9155122562259439,0.899046949013922,0.8750021470031497,0.8819079147526638,0.8713657073587239,0.9118473450739091,0.9028631787608553,0.8878054737864889,0.852945404857846,0.8836017381800567,0.9215376011049315,0.9223241392387197,0.9296735068867565,0.8815981284565395,0.9083118830369066,0.9126761679876387,0.864442595580464,0.8932064641675385,0.928999454935461,0.8982622972105881,0.9021194104340551,0.868671417253668,0.9203441522801155,0.8861389294575788,0.8605454966927345,0.8845912588942223,0.8922426524305477,0.8689156043100702,0.860368298049087,0.8548071752216697,0.8868002988605304,0.868905191174771,0.8923878632098963,0.8798522972920283,0.9026102672684582,0.8458053269636019,0.9156593287034831,0.8821931429639939,0.9185039440661245,0.9193618021613569,0.9184505116726613,0.9037621805706267,0.886590152661385,0.9050410082621828,0.9120640189713254,0.9130819903804555,0.8763690129828687,0.8576849183823257,0.8868266244795582,0.8677807620922434,0.8505188314162556,0.8243203827016101,0.86157643148954,0.9294327476660093,0.8788354838852483,0.9087568132087782,0.8553510377698054,0.9091351111121385,0.8826234021876785,0.86201516534737,0.9258190825928543,0.845146967770304,0.8979723398323896,0.8666455906536018,0.8579415119676588,0.8897346975157089,0.8615182361247945,0.9088335323880571,0.9026244794055247,0.8958588941320691,0.8785399515388846
TCGA-A7-A26G-01A|cd417f4e-c065-4e73-a7c7-955b2fe71add,0.7897705305456302,0.8746485599799536,0.8910474496363988,0.849751542852792,0.896416344897901,0.9032506362747746,0.8823854059753329,0.8539577753673478,0.8784910063013849,0.8935024995992069,0.8548952202071317,0.840577265550618,0.8791945321112716,0.8790702075179242,1.0,0.874132098070383,0.8918574641504305,0.8273088154238227,0.8781486366590363,0.8924027102499897,0.8712030421427199,0.8912021512588835,0.8776002176674795,0.8456955262705087,0.7929024852333308,0.7417839734524275,0.8411695357442486,0.8139047940493819,0.8280221486411706,0.9068197711008249,0.8263157713790942,0.8749133928034204,0.9013941941503489,0.8850033195516575,0.9058119098491334,0.899154017298538,0.861875549564843,0.8621551399996134,0.8646571258465564,0.8822606492552993,0.8736928183031699,0.8059528158504495,0.9242400102167355,0.8936826986465708,0.8492553354403538,0.8961517147633601,0.9157631539443298,0.8922622743472306,0.8958483433379537,0.8694997222167369,0.8406314162722827,0.8767379662253633,0.8588650424631209,0.8291882326623434,0.8890776731053728,0.8628063009074108,0.8945356293936524,0.9212195297352921,0.8165252670028198,0.8916855476028692,0.9005016250149401,0.8772547215186522,0.8842643724824074,0.8925806850476204,0.8888657208666805,0.8595903413937297,0.8343974811068036,0.9010863686503785,0.8698697400738787,0.8636725267448249,0.8768669937081873,0.8310028167511675,0.8899205669737273,0.88447678243985,0.8992376474931122,0.8701992726446774,0.8831827394118065,0.8767501846243435,0.9161718272801124,0.8736746146653696,0.8897414865861417,0.8873371223313636,0.8861699577646489,0.9129219979124492,0.8817362748695461,0.850077485014013,0.8857087309586398,0.9034072157864119,0.82268220952041,0.8639616418491405,0.8427091822889209,0.8541571661115472,0.850994756403273,0.7838315176467211,0.8813895754714811,0.9057047460746696,0.8800842346524219,0.8890794186481584,0.8304484011349965,0.8663519191467451,0.8823045782860846,0.8340349266346191,0.8973918947773155,0.8198892660019969,0.8511077707996517,0.8789050750755142,0.8367424864946318,0.8860037937417724,0.8521853830668601,0.8951682834952785,0.8390194406636813,0.8660866696860954,0.8921264713322975
TCGA-A7-A4SE-01A|87b7171a-7340-4e1e-849b-c52351f23ab0,0.8196537432774423,0.9050826797328075,0.9107270010694816,0.8965062324023881,0.9104612684881251,0.925057044928067,0.8972993287729092,0.8875149923847242,0.9053421807291501,0.8668299643544111,0.8856356123537781,0.899803422684513,0.9232823653628598,0.9207460212670907,0.8741320980703831,0.9999999999999998,0.9162211830508187,0.8988782281085353,0.9222145666741808,0.8629123565235693,0.8841445511130096,0.9031374270704255,0.8629004306985988,0.8465333456965898,0.7473231854046385,0.8109187023070088,0.8832169979687902,0.8533610103575843,0.859524004352187,0.8922748011417239,0.8569546686293337,0.9010790512159202,0.8690052832684005,0.9019909750325057,0.858334958221802,0.9175392101241783,0.8860169934834647,0.8803760860385315,0.8548945728774398,0.9159236857122711,0.8964585358123333,0.8521296654039258,0.9071157742607191,0.8955756840765662,0.8673558593418684,0.876700860843059,0.8832703416115041,0.9081480987030641,0.8878724943676936,0.8937129900188677,0.8782051069645167,0.886461640203684,0.9336524971190182,0.8960143401827578,0.9228420860478141,0.8940511524117939,0.8949520623192191,0.9267555336395554,0.850052234383415,0.8971878936837735,0.9180880424706707,0.8725557455024513,0.9130250595266228,0.8793690243851102,0.9052682731426839,0.8821762623397144,0.8776429971388356,0.8827210844578621,0.8883674510261421,0.8676732882188846,0.856383234566681,0.8460572505952565,0.869539399825284,0.8737804611159442,0.896413027249326,0.8763511884471049,0.900515135254463,0.8221532105114941,0.9003912586298469,0.8928682255728293,0.9026039149101966,0.913455965561492,0.8991275170355416,0.9007824416373618,0.8725343109492477,0.8758308778820703,0.8847406988633141,0.9065410037903091,0.8489631381864289,0.8657873373637444,0.8787306084972102,0.8802802684493679,0.8107408977540665,0.8408333621967176,0.8755234422540479,0.9297020443713145,0.8987032156550386,0.9113676860863386,0.867145491194891,0.9050128205706923,0.8977219824892249,0.8598472849600455,0.9072513893695372,0.8385271940883958,0.8844427650519339,0.8773905041438053,0.8642068589523046,0.9021520081527895,0.8702480796056787,0.9046723548381704,0.8900546220926528,0.9062112730094054,0.9052293665585436
TCGA-A7-A6VV-01A|1aa289bb-8ac9-4e9e-be61-3164afbe06a2,0.8160096153944637,0.9036138636278679,0.924127212491599,0.8930268250158441,0.9164107200424835,0.9143035270876074,0.9191715824266866,0.9056840246767974,0.9027894958765583,0.8618349681346034,0.8999285889828407,0.9016906422955566,0.9326110843929147,0.9213830112089447,0.8918574641504305,0.9162211830508188,1.0,0.8991775178681207,0.9309165148712847,0.8720045784593156,0.8956621516941659,0.9116516790627425,0.8860299676174122,0.8478877527434038,0.7459909981532066,0.8324584920058661,0.8932063614810916,0.8620590977395207,0.8672768759313585,0.9175406817584443,0.8696683032408606,0.8988211667932872,0.8911726347988992,0.9097468604389589,0.8819880754027533,0.9266026984846746,0.8827585725252416,0.8952059228370404,0.873440718598193,0.9197232172032254,0.8973407283831542,0.8628443024536171,0.9295231577630816,0.904313514719745,0.8706254000806212,0.8945832548746956,0.8829340359551963,0.909253761019582,0.8985473759241545,0.8866603149295956,0.8893020943725621,0.8945344302306175,0.928142384495851,0.8947517989817675,0.9333925448052116,0.8855249240807667,0.9070693670623634,0.9223007520424177,0.8514751187831168,0.9096112716537211,0.9261713524732099,0.8976827132173151,0.9077703487658494,0.8701014978164953,0.9129225402955344,0.8880132063627301,0.8837785151196978,0.9065737172153446,0.904568869222351,0.8599495651791466,0.8839393351941808,0.8551051631312465,0.8833429888336737,0.8753975322233809,0.9061478219981888,0.8916963909367345,0.8895346544800588,0.8355329368510865,0.9038074751297498,0.8860811911102656,0.9140696601209314,0.9151768407940393,0.9056973323532431,0.9097227086042782,0.8832359326619798,0.8965230312025145,0.9045399790076981,0.9108311410007277,0.841533819277536,0.8760778757546643,0.8977944619619229,0.8811344017114079,0.8297653964134546,0.8460501624911514,0.8859975208742507,0.9264693205976805,0.9052186629178847,0.9211032838605111,0.8704163952048521,0.8829513428498533,0.9089485322435048,0.8745316081327477,0.9134837745412959,0.8628057814857526,0.9014458605745348,0.8814444681492789,0.8579200195796812,0.9017642199481526,0.8940297621429476,0.9114387480911476,0.8915829745149833,0.9096405527279221,0.918189395839182
TCGA-A7-A6VW-01A|b4835808-46fa-4b6c-a933-92acc9908319,0.7942763023334575,0.89867665117274,0.8973582238372868,0.9187673620435386,0.9010781994920255,0.8840084215037398,0.9043131946726438,0.9172827686563432,0.8865013537874604,0.8208459956697253,0.8967921562926846,0.8962766922082345,0.8999465995715747,0.8872813133602828,0.8273088154238226,0.8988782281085352,0.8991775178681208,0.9999999999999998,0.9326725253843277,0.8245878432087063,0.8794074052339409,0.8689178994685516,0.8688772832977323,0.8208462195577892,0.6709522401811742,0.8674620424652886,0.906241991140063,0.8425478085994673,0.8631414175796733,0.8958695299934618,0.8849207267092516,0.8919483873489871,0.8553848809859361,0.883070706379706,0.8420375710774821,0.8808605986527022,0.9077615271841629,0.8803107107312932,0.8574403492061179,0.9237529953925906,0.8782983697191019,0.9096171676692131,0.8849265323362202,0.8525630699413086,0.8849707081373739,0.8703286875414846,0.8469335540294582,0.8739826367211665,0.8666820691653432,0.8373275184941249,0.8994854973032681,0.87287674685758,0.9089625684584767,0.8918268875480393,0.9246654216823113,0.9066532710672423,0.8794058754338392,0.8831687294409538,0.8807759736331168,0.9067643959308781,0.8812707109267104,0.8994992013836304,0.8762149783326444,0.838538706498189,0.9081741552363651,0.8764429946002766,0.8878399514597238,0.8816276625441745,0.9078293883147702,0.8551541152006954,0.8753922294801957,0.8599921560442181,0.8671401237405704,0.8428369616863867,0.8813331115233338,0.8821672159148363,0.8605287361964669,0.7992319356357214,0.8714113202851527,0.8791284254918209,0.8837886279362905,0.8729284210939408,0.8573399412723055,0.8564721018012557,0.8877080137148615,0.8948159976401114,0.8683892014757048,0.8840506849841125,0.8282538957600845,0.8550286598064247,0.9019719827751448,0.8765750377310864,0.808319432224654,0.8838412844167284,0.8745713832550776,0.8882423841643533,0.89799303598824,0.9188769845877773,0.905864657578411,0.88987451996647,0.8728212589149215,0.9112359940926237,0.8901422278385936,0.8931553022665158,0.9033503134387997,0.8577209280708356,0.8673700661758914,0.8742120229345022,0.9033648100623966,0.8532348427978586,0.8993853725643294,0.8979661728991568,0.8982662498883796
TCGA-A7-A6VY-01A|9f06e9cd-8184-4b66-a2e0-96da9a7159e8,0.805411970665105,0.912776588167473,0.9308197042304502,0.9187097966912761,0.9225090831882778,0.911311837723146,0.9218383433375025,0.914800325919984,0.9092560335590025,0.846063851299294,0.9146710842325215,0.9142351383724123,0.9251629193456976,0.9075896063678944,0.8781486366590363,0.9222145666741808,0.9309165148712846,0.9326725253843275,0.9999999999999998,0.8630418574891698,0.9063559092716664,0.9088254874128282,0.8868417357302482,0.8452952510043626,0.7201124682109656,0.8564068187257944,0.908577161703031,0.8530881010282625,0.8674215205241975,0.9145886224387783,0.8762771295231289,0.9122972655810847,0.8888931433911468,0.912482198472009,0.8774050371354417,0.9204667159435322,0.920764408566322,0.8918433516727747,0.8875068613307198,0.9380975336372267,0.8919415848391365,0.8968102850162548,0.9151972831855882,0.892915716834575,0.8990190027071271,0.9004759316550721,0.8809087461998474,0.9098643791126902,0.8915889066088248,0.8616417990806189,0.9179135117176178,0.9055499949487292,0.9291308456617734,0.8929416397852336,0.9473094115106588,0.9130049494797491,0.9072778596480289,0.9244709459539252,0.8741481604366352,0.9282731852377627,0.9159634343834259,0.9059148218636695,0.9050384553796675,0.8686662975592948,0.9250079609628071,0.9051716976876751,0.8863181770374787,0.9185426194748169,0.9155872439867255,0.863929063396521,0.8950697113640259,0.8743129402501213,0.897882813844564,0.8607693181409997,0.9044881586380399,0.8971423002095164,0.8961334533944209,0.8296714591487824,0.9064394591662314,0.903469463935677,0.9155532179742064,0.902812847193896,0.8923966860074347,0.9080997927885354,0.89589794036957,0.9046911995170765,0.8949414243256201,0.915180777973362,0.8486334912787947,0.8767549996266254,0.9108643577330575,0.8917780954237335,0.8265291159661223,0.8646361703828946,0.8974139809693638,0.9227741280492565,0.9225855835002044,0.9317904696379343,0.9096811014155606,0.8975486761979351,0.9030803736927386,0.9100921574969558,0.9104202947025842,0.882406514142345,0.9144379484110953,0.8853036071253114,0.8726218425459689,0.9072860815702086,0.9132849561593595,0.8894712039047954,0.8990710257529492,0.9248782922970242,0.9245116287705321
TCGA-A8-A07C-01A|d9ea5bde-aa1a-4210-976f-b2f67c6d0191,0.8455259169818757,0.8893799636324788,0.8995592961963363,0.8668725547346613,0.9011528374093526,0.8904893926521358,0.8879610052675306,0.8413289938717303,0.876905776480312,0.8456140776742529,0.8589383928063635,0.8521778811568311,0.8627058379494948,0.8750489981796853,0.8924027102499897,0.8629123565235693,0.8720045784593156,0.8245878432087062,0.8630418574891698,1.0,0.8824489444903133,0.8959237841440937,0.8586694049948991,0.8842529802964652,0.7894705197449788,0.7080273647973462,0.8545610390119502,0.7993175484942034,0.8850526325929099,0.8637198774904871,0.857831407488628,0.9085427057630892,0.8969344859836251,0.8935781411546554,0.8307793234853608,0.8961728292275658,0.8619305775780852,0.8873822523985969,0.8493261389002388,0.8815901333143443,0.895937523294113,0.8272694064292158,0.8982190911056992,0.8857243127752197,0.8929372506074922,0.8826490652454887,0.8989496216031305,0.9012929315351204,0.8951229538604011,0.882821893706563,0.8176136794070146,0.8759164505997046,0.867646604363553,0.859382063568079,0.8795550138106192,0.8812426691359121,0.8912478471780392,0.8892526497679629,0.8379892477610005,0.8614565688464932,0.9010972568624137,0.8525906576534946,0.8805580613354071,0.8703057650619977,0.8826651155252424,0.8954846468883016,0.7889358001371901,0.88085025978735,0.8406534114890276,0.889621826849476,0.8318114560115942,0.8301489923682758,0.8892203934363374,0.8449393597133036,0.8785293822929626,0.8811507387823879,0.8963168179122418,0.834768478672226,0.8996067208343318,0.9013603297547879,0.8889379381781921,0.8865098424943206,0.8609797599326383,0.8778672282859552,0.8958867738538634,0.8765294658166417,0.8858089600228977,0.8808682794654629,0.8745565833490317,0.8604079181711095,0.8276784080038063,0.8403159098348243,0.8392865026027104,0.7612735979896246,0.8667092134741313,0.9069093055103857,0.8711299328512144,0.8868973699775623,0.8232061380495772,0.8763856397834753,0.881954891560834,0.8441656937589402,0.8853904930371561,0.8058198966706233,0.8385448253092077,0.8887510126945063,0.8871650498548157,0.8733377216602846,0.8312010337265682,0.878079413554382,0.8867030592522211,0.8866140009270672,0.8555036763270659
TCGA-A8-A07O-01A|d1237195-a00b-4c52-86b3-4627c42eb14c,0.8312719697779133,0.9110319847037928,0.9263039229376837,0.905351663579203,0.9086809690760829,0.8894761475218049,0.9142588560106997,0.8910486349395683,0.8804329511717238,0.83535927795421,0.9138420820522923,0.8994718103944084,0.8927057774469451,0.8980082081952789,0.8712030421427199,0.8841445511130097,0.8956621516941657,0.8794074052339411,0.9063559092716663,0.8824489444903132,1.0,0.9165692081652429,0.874867207483162,0.8555423931047164,0.7567701902704881,0.7787428201505795,0.899019902280742,0.8250536292213468,0.8740031695773409,0.8844279342528651,0.8597464693034456,0.9132514970775745,0.8912964955420911,0.8987383775141405,0.8413687860275582,0.9184132227885405,0.909222002539648,0.8941791972198073,0.8738851599643485,0.9144137819575663,0.8849740548343494,0.8628786623560625,0.8975595859510037,0.8882876557820139,0.90003217252428,0.9147127477404061,0.891510411668874,0.9206919357777521,0.9124558214144546,0.8623818943025612,0.8610558025096886,0.8780053792429134,0.8995065390371499,0.9009115004747208,0.9165146657070826,0.9000655082456435,0.9067486822692178,0.8893517419021519,0.8722155371887993,0.8987469042768573,0.9150099520520318,0.8790726713069739,0.9109390888318659,0.8766603414506303,0.9209991579817526,0.9200938174144901,0.8203895628926225,0.8902163782426324,0.8838371115145763,0.870061081994069,0.8671528346519568,0.8620722503917915,0.9126780955358199,0.8431524157278093,0.8764290740082835,0.882578245556502,0.8960102428634955,0.8416608792429732,0.9040715540855677,0.9029532587203106,0.9032768564950621,0.9073547177502073,0.8775139326362381,0.8892040149653904,0.9159316869130211,0.8979845389892103,0.904007712655165,0.8988941237228614,0.8577666009037256,0.8645964461936572,0.8771435968366669,0.8690494289424323,0.8286157172943827,0.8162630973543323,0.8700755300055616,0.910411472496683,0.8927228868320566,0.906574355495243,0.875642924547087,0.8978282656600762,0.8700539106018855,0.8927231525598324,0.9053419226693782,0.8463919781336751,0.8926808111470546,0.8778818522458011,0.8653015139929693,0.8709830059302132,0.8676162702038671,0.8683435433730423,0.9110427213962575,0.9022654176171663,0.869395373459683
TCGA-A8-A08R-01A|f6cb208f-cc43-4245-8392-dc5ada57bb9b,0.8160386241952582,0.9040119013079178,0.9320780514620776,0.8938121067869036,0.9224257386129499,0.9172093312744044,0.9105685450029072,0.886152011863587,0.890171175865002,0.8511643499261802,0.9104924883636109,0.91234855692246,0.9102868899640203,0.9238515945017464,0.8912021512588835,0.9031374270704257,0.9116516790627425,0.8689178994685516,0.9088254874128282,0.8959237841440936,0.9165692081652428,1.0,0.8829353503979679,0.8534402800576089,0.7475908277574317,0.7779253203707336,0.8980734941293556,0.8239367419052211,0.8755485415370408,0.9044161129323255,0.8543404132609144,0.9112619754953065,0.8940393820868393,0.9056493903060692,0.8597812234453296,0.9495518676427451,0.8968067384726801,0.8920648172139154,0.8857427829350248,0.9193790519491526,0.88721525215118,0.8447003811848879,0.9175677951985935,0.9273996112759026,0.8886831545412351,0.9071067074649525,0.8940677690176038,0.910161430013315,0.9014966745335355,0.8790234142541955,0.8599619884040073,0.8948963539932204,0.9146753461257271,0.909946529205889,0.9277116775834876,0.889048975249034,0.9222688889736211,0.9150072097765098,0.8455299242453447,0.9085494436470003,0.9358515654367833,0.8795308040930573,0.9209850506778499,0.8822761437860189,0.9246227045189056,0.9157254719057356,0.8389265778172194,0.911165132073833,0.8810995489427278,0.8737551163736897,0.8744296715691188,0.8522291533873074,0.9171183401891496,0.8578277635365561,0.8972335371008561,0.8857812991324777,0.9143086729134883,0.8495406662615699,0.9237216119619542,0.8970770011758185,0.9344610903698425,0.9230993289263271,0.9035447999998667,0.9190817611339408,0.8999665740455572,0.9160310856527935,0.9197403589931034,0.917218041223841,0.8524818369951594,0.8728528374099328,0.9028038773156654,0.8597946340490067,0.8297558324004111,0.8050360948538338,0.8832723995612791,0.925931132573145,0.8936882162733591,0.9047625698228209,0.8713011185678635,0.9050930081242132,0.904968592304667,0.8819631146517203,0.9180903228160601,0.8448889003117902,0.904022156054823,0.8902823698169922,0.8698359123669851,0.9037094329229974,0.8843027886793404,0.9000538581761071,0.9119062023900361,0.9200471830769563,0.8950766103207236
TCGA-A8-A09X-01A|09f1c0ee-ee22-435f-88c9-d9f5c936c45c,0.7900132870583394,0.8775781399864142,0.8994678189905996,0.8607032714839767,0.8836716017540258,0.884875465401567,0.8917132102909283,0.878689071734553,0.8572885944918349,0.8620652366605936,0.8811874554545129,0.861292196131815,0.8802180674131364,0.8679277764676485,0.8776002176674796,0.8629004306985988,0.886029967617412,0.8688772832977322,0.886841735730248,0.8586694049948992,0.8748672074831619,0.8829353503979679,0.9999999999999998,0.811969052958603,0.73075528267655,0.7930607594493095,0.8713736984993039,0.8266170785640782,0.8353648008868932,0.890612218121157,0.8433116172374221,0.8706838168963343,0.8676524989986062,0.8670065193475965,0.8648995752766607,0.879194976141589,0.8660882149430618,0.8510273921243413,0.8787289412891763,0.886050411499289,0.8642214026358729,0.8442959897930499,0.8949235993223931,0.8770773776564265,0.8608983175605098,0.8782431335164956,0.8841545676678974,0.8649505219469595,0.8617029104360198,0.8354473331948372,0.8641612667196539,0.8774177658909511,0.8647274598275022,0.8454958925072186,0.8963706867366613,0.8759745897499702,0.8793323047324934,0.8916748167908213,0.862346549988873,0.8917784725383094,0.8718528341403625,0.8761133320998987,0.8738361644349069,0.8961990410601425,0.8961430942911579,0.8789605477347933,0.8693861913619892,0.8910000336267926,0.8952298154956194,0.8383273606147771,0.9285081814359244,0.8804493561797061,0.8668749302799967,0.9052381852746589,0.9017574328085278,0.8769877934380275,0.852144381680828,0.9057902476619569,0.8852066755668834,0.8631868331978805,0.8855975364167464,0.8630753675061701,0.8535804420216506,0.8808160601824372,0.8711443520163599,0.8729497539283314,0.8837085048303707,0.8760439533866814,0.8111970345714609,0.8863365348796869,0.8696882486728885,0.8591107521015265,0.8135671058476542,0.8240816989153756,0.9175902765274362,0.8712446655235825,0.8750953226350429,0.8857794239361988,0.8649591340026273,0.853205195629154,0.875240325456661,0.8631019914744101,0.8675855429972213,0.8919940875108344,0.8789882252496495,0.9022534150037481,0.8409127638336875,0.8787816589082562,0.9260058492796014,0.8581060899533062,0.8655187742506001,0.876134779246383,0.892481676945489
TCGA-AC-A2BK-01A|bd86e2d9-6098-4f78-9e9b-f2f95367c739,0.8485873670273941,0.8647999719794921,0.8540040365101049,0.8555581037407365,0.8704264162122852,0.8498530463446212,0.861680494844873,0.8326464540864396,0.8701246958981371,0.8158923878280097,0.8343375348686114,0.8422413769016212,0.8360639731716945,0.8540166728670354,0.8456955262705086,0.8465333456965899,0.8478877527434039,0.8208462195577894,0.8452952510043626,0.884252980296465,0.8555423931047162,0.8534402800576089,0.811969052958603,1.0,0.7800948243775452,0.703958391808898,0.8343105677006868,0.798133327318174,0.8685336720756833,0.8397793506128174,0.8568157322104026,0.876567340985685,0.8785106425724192,0.8703349179612295,0.7939590745863131,0.8576410574801084,0.8436781978194523,0.8640290252469617,0.803052500175153,0.8540603182333649,0.8695920276411103,0.822768612156986,0.8538357350022314,0.8392340776353545,0.8617447220544557,0.8418326778608967,0.8493937258900209,0.8776343596576228,0.8668131764169966,0.8738796467914103,0.789179246434753,0.8432623544109697,0.8576101117492836,0.8444881540080365,0.8530949877813173,0.8526755557855787,0.8528349089772264,0.8489057860436997,0.8250403225293298,0.8363282582725184,0.875118027622506,0.8427777856362317,0.8412755199074101,0.836434792850281,0.8491424342840483,0.8640381419731508,0.7759368359384333,0.8414498992234836,0.8248094405113789,0.8626003235956942,0.7893452457128332,0.8055601897026654,0.8560468391998036,0.8167384584060587,0.8470526119246885,0.8660437514955408,0.8711979019484732,0.801010240765441,0.8534844969358468,0.8744459447291768,0.8558464859823769,0.8623775561125077,0.835839237264877,0.8272983458739226,0.8695096235762615,0.8431299887678944,0.8407861432561107,0.8600917025081863,0.8553443437038197,0.834281002105199,0.7928248125531282,0.8349840674632764,0.8089621844340341,0.756197069416685,0.8210570307033259,0.8768550281497767,0.8456464330945879,0.8625200903511561,0.7987682185033863,0.8629483552723872,0.8370071400645056,0.8154071622364617,0.863845464894874,0.790543488789427,0.8148117546873616,0.8520736860572586,0.8835490443345964,0.8459849957900628,0.7940912244091002,0.8436182388946475,0.8608297109548413,0.847876013126566,0.8205880024983202
TCGA-AC-A2QH-01A|ff570f9a-a252-496d-a452-344063851a7b,0.7422158964309742,0.758634760579229,0.7574201435944311,0.7204054736880174,0.7533842092445983,0.7547117595262725,0.7428222818027818,0.6984396067119114,0.7637812092647128,0.7420557777161579,0.7077943679966884,0.6997735565276092,0.7356871931922497,0.7417273195202019,0.792902485233331,0.7473231854046385,0.7459909981532066,0.6709522401811742,0.7201124682109656,0.7894705197449788,0.7567701902704881,0.7475908277574317,0.73075528267655,0.7800948243775452,1.0,0.628299415964516,0.6971025704384778,0.7695556809625606,0.7090869349986371,0.7360438172891101,0.7102121856045868,0.7552217846156799,0.7646040056546963,0.7612261415529763,0.7171140803279343,0.7521487321751874,0.7134786288818733,0.7369143355662676,0.711526129957526,0.7163956671211879,0.766461081279458,0.6661366897227429,0.7608354293155669,0.7554244779117323,0.7352613004855012,0.7587161371802871,0.790883382273925,0.7786569085632932,0.7627722477566254,0.8025736020244787,0.697637986459482,0.713742622044127,0.7334510839997896,0.699595668916669,0.7428540116422345,0.7246547253195705,0.7445284672295401,0.7731436171694558,0.689745986527129,0.7288675279000438,0.7772712925039046,0.7223423939190635,0.752229230141776,0.7642457417330104,0.7330501292617505,0.748035468814625,0.6491294188380472,0.7370504285516581,0.7187810057980552,0.7535372429233269,0.7169304781944318,0.6869768060687352,0.7495430231061806,0.7309589253207481,0.7539918212054285,0.7481457609337707,0.7622783108102469,0.7397184575103343,0.7705829705382442,0.7753792688297195,0.7488774748438013,0.7705276303248908,0.7521622742912292,0.7509733049137393,0.75682077545848,0.7026037957480659,0.7335569503815677,0.7538770273508244,0.7040988705520709,0.7384418384546622,0.6661452692512166,0.737138648180545,0.6998124097838334,0.6523904955131911,0.730276942963675,0.7766388763905998,0.7570349518331826,0.742962560773856,0.669154895167949,0.7501046198988426,0.7343345366086225,0.6772190724499614,0.7570398947589182,0.6634181893521749,0.6902900953375364,0.7404149368642603,0.7476978606985839,0.7232170865749394,0.6821967048418157,0.7468594570288781,0.7233423908102924,0.725191985188128,0.7265679222758991
TCGA-AC-A2QJ-01A|a260d9e5-d88e-44eb-8431-4266c1baf68a,0.6757334988615801,0.7978093466921574,0.8034093025594091,0.8173389182608014,0.811158338437257,0.7861459182266887,0.8161522317554747,0.8383714764788234,0.7808820507736431,0.743490219933593,0.8244560623528249,0.8226200861759921,0.8497762897959902,0.7900519763938939,0.7417839734524275,0.8109187023070088,0.832458492005866,0.8674620424652887,0.8564068187257943,0.7080273647973462,0.7787428201505795,0.7779253203707337,0.7930607594493095,0.703958391808898,0.628299415964516,1.0,0.8294207026010733,0.8968789626123815,0.7518630512654171,0.8231353372628916,0.7847043893767749,0.7884989162016075,0.752294056985676,0.7747377496474389,0.7758926253622619,0.7876838704579194,0.7926637242898622,0.7481908144127397,0.7768222694505914,0.8343298277842158,0.7997749217634648,0.8295136672083558,0.7975602839063284,0.7657030600355403,0.7743176277603705,0.7830955408562632,0.7451951498366589,0.7556894550383524,0.7367691686539859,0.7693932242989844,0.8769316209196164,0.8081623749767033,0.8413942184696588,0.7866120339473144,0.8353819226587366,0.7940317402030933,0.7829710911991511,0.8007302722285295,0.7862221323963462,0.8522948320557783,0.7818539357367844,0.8176577036265346,0.76674234748283,0.7466400459068937,0.8087014905838688,0.7680965892513499,0.8652507099043154,0.8088421585575746,0.8389337478824076,0.7372154837655782,0.8292846416885482,0.7597297681853773,0.7318091424359745,0.7695419838031736,0.777367229713553,0.783055311963997,0.7356519235715732,0.7060830880971187,0.7720305276674794,0.7609750118772396,0.7999564219921939,0.7645451959160192,0.7829468582318924,0.7714002777962052,0.755409450148254,0.7980885544445189,0.7726805406887493,0.7831504320414732,0.7099109694691615,0.7757890872578244,0.8503033769494305,0.7962773845678728,0.7078552246264801,0.8616178676433932,0.8154077772144708,0.7926943454990094,0.8055854308432191,0.8113350608681229,0.8156751621953973,0.7769249273951856,0.8155887808452796,0.8290996261521203,0.7948780552027219,0.8206242048965159,0.8506806457896212,0.7543363976871614,0.7775645584930436,0.811049470795467,0.8508004794492916,0.7953589786851303,0.7886792603106104,0.8150091118814133,0.8682186591656376
TCGA-AC-A6IW-01A|3208ca18-f70a-415e-8d10-5e9cb8a24b52,0.7892743757463556,0.903417252013292,0.9282674357175963,0.9041599585229027,0.903922312855286,0.902259573660294,0.8978512668572501,0.8915424402456978,0.8571503677396335,0.82489538379476,0.9188644648220667,0.8989950788468168,0.9025844580999113,0.8739575547539468,0.8411695357442486,0.8832169979687902,0.8932063614810916,0.906241991140063,0.9085771617030312,0.8545610390119502,0.8990199022807419,0.8980734941293558,0.8713736984993039,0.8343105677006868,0.6971025704384778,0.8294207026010733,1.0,0.8342431569953493,0.8519433443527884,0.8767512329350406,0.859425894075122,0.8980044640281093,0.8549839298075903,0.8812662429086511,0.8429487125283315,0.90301254798301,0.9066358929345969,0.8686749030472084,0.8927656271872177,0.9190841768699933,0.8682734143255321,0.876345833355237,0.8908927370166363,0.8846159165261014,0.900130769113575,0.8989098159744169,0.8743352802187541,0.8837073589552765,0.887459027901471,0.844863824034494,0.8755608237301683,0.9058573216763953,0.9096172837443954,0.8886020233894224,0.9122224236913039,0.9113044247453559,0.9087411390132917,0.8785649471367502,0.8595998303668306,0.9069174276767233,0.8823375760936275,0.8798140173161766,0.8932239240950225,0.843546810793683,0.91476085092045,0.9123957057625576,0.8643947630214647,0.9191217396663806,0.8672163213737342,0.8539438234286526,0.8660794790166141,0.830078427655431,0.888693516309207,0.8348832601363942,0.8638487126614203,0.8656702122009952,0.8788470371164144,0.7974233497214299,0.8828495849834221,0.8821560951997691,0.8921198670350968,0.8725408494384045,0.8523488187464698,0.8791944509143536,0.8971334850959725,0.903982731950617,0.8932727153947888,0.8852265340510744,0.8368141675103196,0.860068891828682,0.9042508653707608,0.8429456487070659,0.8096107080311049,0.8362189486816617,0.8801991391313028,0.889351033191181,0.8902462344350216,0.9123052395373068,0.9079374106690898,0.8823869691895023,0.896589596158545,0.9251255165187022,0.8931162877061832,0.8534144617223661,0.901712767603336,0.8630332153070672,0.8844905660889743,0.8975617290310313,0.9036317934980739,0.8753731561820672,0.9022471146594736,0.9338086602065633,0.9039338086591457
TCGA-AC-A7VC-01A|aedc877a-f4b9-4657-b5c9-b7768b5751c9,0.7748233761247827,0.8401194489272232,0.842473761167963,0.8354125975016146,0.8553831925762027,0.8286537175485178,0.8482800956616237,0.8392834007667216,0.8272765327135895,0.8028404043401768,0.8414649528160241,0.8355436224543272,0.8705914703466663,0.8325152805125988,0.8139047940493819,0.8533610103575843,0.8620590977395207,0.8425478085994674,0.8530881010282626,0.7993175484942033,0.8250536292213467,0.823936741905221,0.8266170785640782,0.798133327318174,0.7695556809625606,0.8968789626123816,0.8342431569953493,1.0,0.8083721933433757,0.8491907197742956,0.8240772074499059,0.8333648363596206,0.812529216731527,0.8229243564786968,0.7967223203091407,0.82447786799792,0.8084107571378885,0.794806656192241,0.7968122278574116,0.8445730427665747,0.8548730457269219,0.8238704008013422,0.8388832491050106,0.813865602536084,0.8158140607221581,0.8238983514541012,0.8149036558095847,0.8245222636581766,0.7988132893995019,0.8500033227678183,0.8537722837670949,0.8331921214205245,0.8653652332003926,0.8131805444083012,0.8512458853238738,0.8240819619318063,0.8203356350808663,0.8471522889126853,0.8023505060098782,0.8617707183131547,0.833971273852068,0.833645896381769,0.8135549129790519,0.8102298209167037,0.828244757812031,0.8165593070749786,0.8482602993818039,0.8318429477208084,0.8470459695758397,0.8063558211344268,0.8384666155942891,0.7808304218260917,0.7819471712834424,0.8215793147336589,0.8252268115185946,0.8312170726640656,0.7949217716474385,0.7643548718599713,0.8243778494054199,0.8177826003215611,0.8359289912727299,0.8225618797679716,0.8249035271930485,0.8061857696724803,0.8080640373853214,0.8179566533068823,0.8083194209268132,0.824405075145922,0.7692382398641078,0.8243159987723014,0.8254104557120255,0.8311794021202894,0.7495153574837371,0.8307452542381084,0.8411804026757472,0.8524483243161982,0.8370794247193787,0.8424640847904945,0.8001634479144268,0.8122724079944784,0.8401405224989685,0.8146416227968916,0.831369055514354,0.8142194804256541,0.8435785506614015,0.8145447907636104,0.8414755422875949,0.8402285170884831,0.8353884438218255,0.8397264731080455,0.8282517049367274,0.8371425660082557,0.8761221463170968
TCGA-AN-A04D-01A|d141392c-757b-44f5-b531-0bcc136d8b17,0.8559087300389535,0.8693465957012233,0.8660395542338777,0.8810622797739652,0.886445799227742,0.8538082604081306,0.8977696987665537,0.8844983649436974,0.8709216973898105,0.8221213486858093,0.8674329388983787,0.8898052188812401,0.8600738982447456,0.8859402362299015,0.8280221486411706,0.8595240043521869,0.8672768759313585,0.8631414175796732,0.8674215205241974,0.8850526325929099,0.874003169577341,0.8755485415370406,0.8353648008868932,0.8685336720756833,0.7090869349986372,0.7518630512654171,0.8519433443527884,0.8083721933433757,0.9999999999999998,0.8563871769293414,0.8770096464644466,0.8866965036225197,0.875778618391927,0.8799854543811326,0.7973882294985168,0.870679307369299,0.865746070091072,0.8896280694948,0.8097618995711702,0.8873164332519204,0.8947155033162312,0.8801879469800762,0.8815519581221058,0.8594293480688094,0.8802405627346866,0.8442069381287312,0.8284681154839754,0.8901268740743219,0.8677703048462718,0.8605420772149776,0.808758041615256,0.8615186521494844,0.8741655474806417,0.8879493310207738,0.8764661424851852,0.8726533271624782,0.8645538408254363,0.8541603627824559,0.8740038349883309,0.863524109315354,0.8835194587840228,0.8746422440910692,0.8456164212258857,0.8428006696486903,0.876494159320678,0.8662756755366254,0.8230904449081745,0.8459621803158465,0.8613016246565782,0.8743431846907129,0.822713705883536,0.8486163961280645,0.8586332798562488,0.8417927713001846,0.8570507849601754,0.8913864035016635,0.8690595929427478,0.8058270781500727,0.8569009612353322,0.8670254450441289,0.8725485715863932,0.8728066981878302,0.8492999178808139,0.8247521490503608,0.883413979119898,0.8954381711681749,0.8809935376519658,0.8613746937905821,0.8825098533815915,0.8548963033805225,0.8430453144254081,0.8413029815531192,0.8519442689853094,0.8026502265108346,0.8453538546589285,0.8914654894220964,0.8424268085094947,0.8751131563889595,0.8263551624433857,0.8758151969417884,0.8468269343227037,0.8473346502643713,0.8755990631516438,0.8444541965881903,0.8575966501285561,0.8713716535896859,0.8857169097501664,0.8641633978072729,0.8348176354789806,0.8554927726108257,0.8935238108013102,0.8544333133824503,0.8371901400630286
TCGA-AN-A0AL-01A|f52fccc4-745f-4e5d-bff8-8d2009b6588d,0.8004544578980973,0.9008045322750342,0.9036119602977108,0.885718431031493,0.9165059826756142,0.9008773871555108,0.9013624830714583,0.8967147927501198,0.8976039989953122,0.8615939966364761,0.8953435279446649,0.8816102941034578,0.9053455407527441,0.8939404206030775,0.9068197711008249,0.8922748011417239,0.9175406817584443,0.8958695299934618,0.9145886224387781,0.8637198774904868,0.8844279342528653,0.9044161129323255,0.8906122181211569,0.8397793506128174,0.7360438172891101,0.8231353372628916,0.8767512329350404,0.8491907197742957,0.8563871769293415,1.0,0.8665855661565842,0.9000855053356663,0.909917062122608,0.8948221637576175,0.8889083098604064,0.9108224836414596,0.8926763057541625,0.8746301207966638,0.879259539317207,0.917954708741402,0.8863166453426183,0.8592962687215009,0.9211896280243435,0.8885019057326531,0.8671740686117401,0.8990777287226316,0.8820409830207613,0.8840638815262274,0.8846357996336902,0.8610804853382877,0.8857386240835922,0.8894569320891952,0.8973243601003446,0.8637703652566441,0.9204298761900711,0.884694257408756,0.9069242473850054,0.9081432761308722,0.8473018234959989,0.9163988113002008,0.9039668444063184,0.9023511185762889,0.8971223894932157,0.8779891974660622,0.9034411778430864,0.8748558659033283,0.8739256359678577,0.9113554965569244,0.903379947300456,0.8643435128161234,0.8994615766449992,0.8691345068360439,0.8904242310991369,0.8806259160569002,0.9077760242412438,0.8938187554002532,0.8764803452314375,0.8488188069471408,0.9071654716509581,0.8760304952315439,0.910996046856043,0.8920458301449725,0.897443346358005,0.9094874628373867,0.887171933907219,0.8872261825974982,0.8906999066857777,0.9075038191714412,0.8235030410578436,0.8728412222186572,0.8957409521243143,0.8784070223947149,0.8357615429077562,0.8462757857765989,0.8930743203094602,0.9013552119601923,0.9078561892820598,0.9035777343909942,0.8720799950151107,0.8773708934626921,0.8979510868818198,0.8732623143949473,0.9051364633198882,0.8821359354347236,0.8961133924701737,0.881331077447602,0.8591543647943299,0.8986446779645446,0.8963953642122341,0.8906890645901665,0.8735087748506716,0.8941306721356957,0.9214948465595906
TCGA-AN-A0AR-01A|422ef158-74dd-4a5e-88a6-5b0da33004d1,0.8303948555173601,0.875904315394617,0.8617510597845371,0.8758986793666189,0.8924137974641942,0.8538947480957766,0.8878289219487522,0.8810085730055035,0.8807802815227848,0.8218399149352764,0.8592332502041646,0.8751256781609994,0.8643170664962704,0.8706074958843354,0.8263157713790941,0.8569546686293337,0.8696683032408608,0.8849207267092517,0.8762771295231289,0.8578314074886279,0.8597464693034456,0.8543404132609144,0.843311617237422,0.8568157322104027,0.7102121856045867,0.784704389376775,0.859425894075122,0.8240772074499059,0.8770096464644466,0.8665855661565842,1.0,0.8915362386725516,0.8708319712570716,0.8749051745616886,0.8110014040667457,0.8555246257214683,0.8646449689800115,0.8810794543452986,0.8077194462099736,0.8918367938143501,0.885421645356508,0.8820525394137664,0.8672099308836532,0.8404236873297354,0.8759463084257395,0.8444101436309714,0.8351806543251902,0.8707388802105902,0.864339459827152,0.8415844831004881,0.8216638723371691,0.8562085735581086,0.8738283237332376,0.8766150461783724,0.8779749684173503,0.8940989322660817,0.8681393551164077,0.862043595101996,0.8636985243225935,0.8721780916472909,0.8713355395668145,0.8746086552741567,0.8512824184559038,0.8273781828271133,0.8674054729296374,0.862876690286734,0.8412085602133167,0.8534977422699028,0.8609042938118403,0.8587029109594527,0.8268486898543844,0.8279668213716861,0.8381185262790496,0.8316379766402286,0.8456941311916312,0.8688905605386751,0.8522448028293668,0.8027245554822185,0.85858421776952,0.8554481551457858,0.8681352619585239,0.852962194798263,0.833646139900938,0.8231140746738674,0.8844258579066494,0.8681502943375038,0.8514865772090533,0.8701683749512118,0.846875783852785,0.8364178656288052,0.8433243255165561,0.848417857830247,0.8265152053490114,0.8265404489613445,0.8482983906361523,0.8776297040215171,0.8509738504159664,0.9020314710809254,0.8301430163614706,0.8729478400123014,0.8582463436941824,0.8650303010582495,0.8707179846213077,0.8600755033319297,0.8561926248276502,0.8569840840785902,0.8734445328129936,0.8610405953890192,0.8428271891378545,0.8375630903678811,0.8778276892802098,0.8515764474722025,0.859230015314673
TCGA-AN-A0AT-01A|4dd3d7e2-8a60-41e8-8812-a06f413afe2b,0.8460139531588954,0.9229223916537052,0.9220463230793157,0.9161244494857168,0.9338821350410456,0.9002328774727938,0.9186936859638672,0.8929022697110474,0.9059726767403143,0.8499008084751671,0.8996583310605129,0.8990132309336716,0.8993462251108042,0.9011625900865814,0.8749133928034204,0.9010790512159204,0.8988211667932872,0.8919483873489871,0.9122972655810846,0.9085427057630893,0.9132514970775745,0.9112619754953063,0.8706838168963345,0.8765673409856849,0.75522178461568,0.7884989162016075,0.8980044640281093,0.8333648363596206,0.8866965036225198,0.9000855053356664,0.8915362386725516,1.0,0.9031050177045687,0.919957482179636,0.8484489454003642,0.9269623541353157,0.907378736831515,0.9131655373382419,0.8623917695672974,0.9285698811490445,0.9049980402585154,0.8715791486688379,0.9104974287731794,0.8976054590157824,0.9141792844114496,0.9045591685433225,0.8929814364769638,0.9163922913326972,0.9103255195686255,0.884086415131016,0.8765283945410085,0.8905224903734968,0.9197183574380932,0.9042195426373728,0.9186935624408203,0.9147972897275108,0.9218467338155986,0.9026679343700859,0.868947740857727,0.8965892335162904,0.9279913097165656,0.8887298084278853,0.9103878417967128,0.8666783813968345,0.9177991706918118,0.9093736858983514,0.8422083538205105,0.8969258264743419,0.8840260586252607,0.9043139168643316,0.8607683670446904,0.8645460371477097,0.9094898778003878,0.8482163965618945,0.8889947196219603,0.8983041299275316,0.9115908688940284,0.8309218391128789,0.9072217945595593,0.9254690448774588,0.9088571501352964,0.9162722629668175,0.8908181469948384,0.8983383194147084,0.9168693721561078,0.9050918052095254,0.8996308879208594,0.9058895744400806,0.8814516265463231,0.870815858718115,0.8862478643863948,0.8836681072898375,0.8483762557773972,0.8309592570850048,0.8750204495238456,0.9257775966460767,0.912733031411033,0.9177577232556007,0.875005320804414,0.910196972797671,0.894779496453166,0.8945146431943163,0.9151076135839714,0.8634070571488629,0.8939811052544311,0.8855640372099768,0.8947913642711449,0.8910351614749795,0.8747075284932265,0.8922643310390985,0.9107332232279863,0.9194819502364627,0.8861862463164137
TCGA-AN-A0G0-01A|e94299a9-67bc-4c30-963c-1476fbb7d5ff,0.8181969924192949,0.8899833022303273,0.8879876230647431,0.8771505432388862,0.9104116764610602,0.8794231763172508,0.8977633207395631,0.8657049990072597,0.8925266977849372,0.8456840971712543,0.8731161720933197,0.870800167543586,0.8739155585935859,0.8830560881952343,0.9013941941503488,0.8690052832684007,0.8911726347988991,0.8553848809859362,0.8888931433911467,0.896934485983625,0.891296495542091,0.8940393820868393,0.8676524989986062,0.8785106425724193,0.7646040056546963,0.752294056985676,0.8549839298075903,0.812529216731527,0.875778618391927,0.9099170621226081,0.8708319712570717,0.9031050177045687,1.0,0.8931646201442963,0.8679493483979397,0.8960589264571153,0.8777926868350542,0.8819508431900565,0.8477476757173954,0.8933817198194693,0.8942100647223249,0.8485467684533848,0.8919563488150256,0.8698865825513282,0.878207241214926,0.884729829815718,0.8812327275152194,0.9029315691584329,0.8884339620056779,0.8648227068430094,0.8360496660394338,0.8648911892564677,0.8740530822803138,0.8684105758354322,0.8921718027531198,0.876089995870313,0.8880409154707773,0.8868050581970889,0.841417722845672,0.8828441900640223,0.9018473897812399,0.8941383071466051,0.8782509207132198,0.8757230083938311,0.8902210612087385,0.8701259757452426,0.8190873174581773,0.8769103230152733,0.8823292330587978,0.8664427220435541,0.8578147817091468,0.8480863605611023,0.8836458857961517,0.8568722184836638,0.8891429412845147,0.8947372016238164,0.8807064223965797,0.848960384337827,0.8933071309401126,0.888102741201756,0.892981000273905,0.891801682833852,0.8769705057044804,0.8838085730118614,0.8965093216837744,0.8664074123235868,0.8790147783375548,0.8947773580854721,0.8519739668404036,0.858056353975324,0.8461328292827286,0.8659938494187103,0.8431931993865993,0.7918484618495394,0.8678108785010719,0.9062939684676105,0.8819487077259432,0.8931835934694998,0.8366110580290945,0.8718185989669541,0.8662573922703675,0.8448898853440959,0.8925679662110504,0.8413383044817527,0.856063931006506,0.8762944733157403,0.8667799380305927,0.8761736522811421,0.8437093251699423,0.8705133464654196,0.8790495046880562,0.8698041537199711,0.8730573175360873
TCGA-AN-A0XU-01A|5fbe4a11-de4d-418e-9bc3-75b768d4a665,0.8412851881415522,0.9050055323099658,0.9151407456528953,0.9027180452412272,0.9158018614104468,0.9138923789391782,0.9070799846062334,0.8853105568793876,0.9127592884992178,0.8631241158308149,0.8823968687086206,0.8870374035207451,0.8964629343179105,0.9040341878393158,0.8850033195516576,0.9019909750325058,0.909746860438959,0.8830707063797061,0.9124821984720091,0.8935781411546555,0.8987383775141407,0.9056493903060692,0.8670065193475965,0.8703349179612295,0.7612261415529763,0.7747377496474388,0.8812662429086511,0.8229243564786968,0.8799854543811326,0.8948221637576175,0.8749051745616885,0.9199574821796359,0.8931646201442964,1.0,0.8615188565914667,0.9185400614749922,0.9019758817533019,0.9057041589648926,0.873457170529699,0.9105638773000184,0.8883827395370989,0.8635828272136956,0.917424845079611,0.9008699692675171,0.8901311489572912,0.8967586817271858,0.8911292067452953,0.916645726486973,0.9058491754652473,0.885747170492005,0.8646483609932598,0.8859669094298462,0.9037543970010626,0.8884632548418822,0.9270525529127908,0.914025609746537,0.906876055125512,0.916592822436595,0.856026162750847,0.8946541062816219,0.9271318846768665,0.8806797235876146,0.9100811381633637,0.8804321787707322,0.9031359720224316,0.8921564986868822,0.8423586939260769,0.899901223310184,0.8819254583585484,0.8880786186798676,0.8686376669247037,0.8595273122860794,0.8974373930018669,0.8610424891357078,0.8995662104220578,0.902538939174932,0.914693282302895,0.8414431681385224,0.9140941727336268,0.9183691774109441,0.9066700124628168,0.9094848662925544,0.8923211508288151,0.9037785305270428,0.9045458815380181,0.8966814916947118,0.8967811765144886,0.9098124029086901,0.8675039137482528,0.8749057662195547,0.865708817759682,0.8777724094211177,0.8404989088680397,0.8266214142525253,0.8719514191885952,0.9202577366830479,0.9171233036589627,0.9132585701309054,0.879870017018323,0.8987374366083145,0.8836880857542628,0.8733860522355137,0.917332964539228,0.8563533294948874,0.873496290532484,0.8925392723006702,0.8725909942831548,0.8905622597437862,0.8680189500616524,0.8942565863808841,0.8881074701999676,0.902444917477554,0.8835957937083638
TCGA-AO-A03U-01B|7806768a-e8c6-48b0-a241-c036c230e78b,0.7427873581555244,0.8510287856811648,0.866498104962766,0.8437497712645028,0.8728768247517836,0.8785860157263446,0.8644183478574115,0.861137014842516,0.8549066860742682,0.8934248328848191,0.8458052616423458,0.8367894974655871,0.8669866063841473,0.863404486532549,0.9058119098491333,0.858334958221802,0.8819880754027533,0.8420375710774821,0.8774050371354418,0.8307793234853608,0.8413687860275582,0.8597812234453296,0.8648995752766607,0.7939590745863131,0.7171140803279343,0.7758926253622618,0.8429487125283316,0.7967223203091407,0.7973882294985168,0.8889083098604064,0.8110014040667458,0.8484489454003642,0.8679493483979397,0.8615188565914667,1.0,0.8725064692865913,0.8640906253137818,0.8389799398990765,0.8558634075050529,0.8728791391950355,0.8466241720863247,0.8077317738139493,0.8994596308315651,0.8656026012438691,0.818530206216437,0.870693772579428,0.8761929547121662,0.8473670932970363,0.8572043436424703,0.8242328676427333,0.8522740792545132,0.8665924734089431,0.8462642047243032,0.8159692605980227,0.8781204936505207,0.8492485517014796,0.8779127614367123,0.8967289714365305,0.8067746631515206,0.8839494946929286,0.8657924096779444,0.8921309075313855,0.8540593901384991,0.8709709164836977,0.877414043454123,0.8273446180828982,0.8696809312195939,0.8884866870682335,0.8644670441923944,0.808901043090813,0.869593179918298,0.8294795601669844,0.8618453250840575,0.8787221814080758,0.8698906015157218,0.8453145891519945,0.847613649366264,0.8381722501033405,0.8871809107830816,0.8489260438852765,0.8688376642138192,0.8585723207550068,0.8699818343294576,0.8950616299917773,0.8430319250654098,0.8345079235536126,0.8647490276634096,0.8868288824102517,0.7884794351657199,0.8408931527721745,0.8482439106161238,0.8472722737597357,0.8291665266519604,0.7936358983501061,0.8657191512698671,0.8694229041916199,0.8716945733661022,0.8806494563804991,0.8440849587024065,0.8345750203873324,0.8694932242314066,0.8304121388276001,0.8767619787544698,0.8215359904684771,0.8532072247929496,0.8464801480295562,0.801821647748252,0.8732280165050048,0.8596441244938212,0.8708783244546717,0.8241714671721855,0.8504240957713128,0.8902711949799879
TCGA-AO-A0J4-01A|7fa9ad2e-67a7-449f-be73-9e18dc46b529,0.8187811414098211,0.9155059098176029,0.9366934177482992,0.8962830937406947,0.926539986055375,0.9274427123302456,0.9103535890377128,0.8925341408298592,0.9026364950112092,0.8675347182964929,0.9075829147237282,0.9214545467333088,0.9295503001031341,0.926973796723626,0.8991540172985383,0.9175392101241784,0.9266026984846746,0.8808605986527023,0.9204667159435322,0.8961728292275658,0.9184132227885407,0.9495518676427451,0.8791949761415889,0.8576410574801085,0.7521487321751873,0.7876838704579194,0.90301254798301,0.8244778679979201,0.870679307369299,0.9108224836414597,0.8555246257214683,0.9269623541353158,0.8960589264571152,0.9185400614749922,0.8725064692865913,1.0,0.9021512301183916,0.9095071382647468,0.8846603104175456,0.9325161573313948,0.8953859180880694,0.8499952397087293,0.9365793287288419,0.9439812121036051,0.8880307731549827,0.9094224222624481,0.8941021187369095,0.9143845904379541,0.912293944998983,0.8923796832214279,0.8744933073669238,0.9119133300109066,0.9320080053891397,0.9167783011307827,0.9358801476208737,0.90086846901262,0.9433457351239806,0.9269300075919644,0.8514492393048586,0.9141825694223912,0.9517928679665295,0.8858755042544515,0.9325855050425435,0.8850321655217644,0.9288097708062941,0.9089453580212971,0.8626537170938476,0.919270010399496,0.8880345175225024,0.879931824553337,0.872605769473322,0.8511340675530393,0.9192241435984526,0.8682389757527574,0.9002980001412448,0.8896486692570227,0.9325328961972853,0.8391987537000086,0.9246005811727562,0.9043635995464329,0.9275209263999099,0.9307794527158382,0.9354378881319545,0.9406032834127855,0.8997462263573088,0.9131189878303466,0.9351517450542475,0.9186493080780214,0.8716644746742074,0.8743021301295193,0.9221177560057574,0.8719938121890063,0.8431403290428751,0.8156409982983611,0.8909686087751669,0.9400093967166958,0.9114386817841441,0.9127515267490847,0.8725813683510107,0.9106095505490179,0.9164783743151313,0.8932270351321371,0.9384103324406743,0.84727087093748,0.91514535779016,0.8899103091682115,0.8656439547207037,0.9164280493585888,0.8867517786321728,0.9321015237937672,0.9047710823905917,0.9355064299634077,0.9062879571635124
TCGA-AO-A0J6-01A|0f0b1a31-1f88-40e0-bd25-320046de4970,0.7967914662369645,0.8933918255723041,0.9153485140913928,0.907425289766304,0.9119772608020004,0.8927795553674236,0.9097223998805657,0.9057978855176293,0.8869773743140762,0.8413505500336002,0.8970408564781062,0.8860483339387979,0.8794865046631698,0.8901046843427759,0.861875549564843,0.8860169934834646,0.8827585725252416,0.9077615271841628,0.920764408566322,0.8619305775780851,0.9092220025396479,0.8968067384726802,0.8660882149430618,0.8436781978194524,0.7134786288818733,0.7926637242898622,0.906635892934597,0.8084107571378885,0.8657460700910721,0.8926763057541623,0.8646449689800115,0.9073787368315149,0.8777926868350541,0.9019758817533019,0.8640906253137817,0.9021512301183918,1.0,0.8874237041442575,0.88593389941286,0.9177702849718904,0.8695223174578158,0.8765757536454063,0.898830891706057,0.8802807024279642,0.9007365315750584,0.9039776089697161,0.886080870421484,0.8982033706107527,0.9065614625712066,0.842648923796511,0.8769190289099775,0.8907202845604665,0.8964175968580813,0.8774618328442543,0.9236505037443264,0.9107533309019122,0.9117394355025868,0.8945297371269911,0.8680616360661954,0.9025284454829965,0.8996130882702643,0.8992727060489575,0.9046331223863265,0.8700731154827485,0.9159782669114941,0.9045043646959057,0.841913081534716,0.905726124414754,0.8794765023229172,0.862739899560373,0.8666576218561183,0.8681487950317421,0.9064693248155662,0.8416595993281938,0.8810961553146115,0.8845713904567416,0.8976810415898651,0.8264209280486944,0.9075819649631273,0.9018679486372045,0.8981529903894101,0.8889276527275081,0.8678369278886594,0.892160941414287,0.9116118007598912,0.898088281919674,0.8821822266859017,0.9016073415211785,0.8475921391281968,0.8543321160888756,0.8792000668369646,0.8695938188931152,0.829896923117502,0.834259084265825,0.8756320787162652,0.9002022117260446,0.899395667054906,0.9171017146629415,0.9081116430721511,0.8967915339994592,0.8733653443902696,0.8965296526012564,0.9083358062594407,0.862708856803646,0.8893423619303159,0.8727102270368864,0.8646595774923708,0.8798479838555666,0.8763076055892552,0.8605191959040647,0.8923810209831641,0.9057624662972319,0.883314304197416
TCGA-AO-A124-01A|a63cca36-139d-4054-9d99-9b04ddae7ec2,0.8245478505072023,0.8869399856566129,0.8932667037406106,0.8853102706566115,0.9027694209932698,0.8835219282942949,0.9076663998203212,0.8871702595169301,0.899443532909948,0.8396476037479059,0.8727114112550467,0.8888566607918286,0.8817907729903087,0.895955068041236,0.8621551399996134,0.8803760860385315,0.8952059228370403,0.8803107107312932,0.8918433516727746,0.8873822523985969,0.8941791972198074,0.8920648172139154,0.8510273921243413,0.8640290252469617,0.7369143355662676,0.7481908144127397,0.8686749030472084,0.7948066561922411,0.8896280694948,0.8746301207966637,0.8810794543452986,0.9131655373382419,0.8819508431900563,0.9057041589648926,0.8389799398990765,0.9095071382647469,0.8874237041442576,0.9999999999999998,0.8444251923334826,0.9091183905431695,0.8873642588618998,0.8584968878855121,0.9147566733059296,0.8923043178679537,0.8817095175175896,0.8739511042661818,0.8638926957527884,0.9056261711096311,0.9054940075578768,0.8634861601561514,0.8382510784218488,0.8675369009643236,0.8896078373002905,0.8887755790766816,0.906653979747593,0.8953078578808931,0.9072159425256008,0.8922948733712495,0.8550328151851775,0.8767273288808733,0.9214312993958139,0.8784387968940544,0.888556987184313,0.8547615056839377,0.8995808763606994,0.8807222675794107,0.8243192006094971,0.8749095492087928,0.8668146455015855,0.8834779881227607,0.8386155135744088,0.8552724336825573,0.9010149968274422,0.8431804777608076,0.8823549337643005,0.8939216057440496,0.9050263001257836,0.820987329220502,0.8900945408023598,0.8910517773395595,0.8875303127599408,0.9009624913955889,0.8719128476146584,0.8660830528871817,0.9044585511583544,0.8932020992506515,0.8971871117604886,0.8981483349042721,0.8643421081871093,0.8437073329818673,0.8636322006635356,0.8633983828357871,0.8527768354091144,0.8066446436966295,0.8515041723464446,0.9216867085935531,0.8815169873671485,0.9038640265994753,0.8514121985237821,0.9031703889112528,0.880362164087292,0.8769061282658953,0.9029045504700827,0.8456307859287991,0.8700852840183495,0.8690849620773675,0.8599887329407931,0.8682755022999775,0.8441520369150047,0.871949994373383,0.8923322304340724,0.8781909486911345,0.8556441710264877
TCGA-AO-A128-01A-11R-A10J-07,0.7610535908512108,0.8632501586603032,0.9075419259398437,0.865976681892773,0.8816624137787725,0.8906366294840762,0.8648796039404794,0.8581409956353148,0.8434134244040536,0.8242745571300761,0.8874244180151155,0.850188127046341,0.8748151639008417,0.8483866862996337,0.8646571258465565,0.8548945728774398,0.8734407185981932,0.8574403492061179,0.8875068613307197,0.8493261389002388,0.8738851599643486,0.8857427829350248,0.8787289412891763,0.803052500175153,0.711526129957526,0.7768222694505914,0.8927656271872177,0.7968122278574115,0.8097618995711702,0.879259539317207,0.8077194462099735,0.8623917695672974,0.8477476757173954,0.873457170529699,0.8558634075050529,0.8846603104175457,0.88593389941286,0.8444251923334826,1.0,0.8868204631216317,0.8311580611536886,0.8237801091778842,0.8871596421774208,0.8826106706624282,0.8655217994637322,0.9052210307350514,0.8910709429043454,0.8621621091076898,0.8615615424470422,0.8228205435475944,0.8610285167558818,0.8893098638805274,0.857179225967224,0.8258802659497111,0.8939596016307139,0.8790495569747878,0.8899485681170152,0.8801703063115207,0.8243655879307037,0.8867697668100091,0.8630674928870249,0.8428172225434286,0.886401148477851,0.8672065183536617,0.8892419590347049,0.8838417205377892,0.8260291626894724,0.9283530849541413,0.8519474962163922,0.8160623262883127,0.8762283558822508,0.8470518536012555,0.8869852053259326,0.8392935898813882,0.8735938983194563,0.8572352457274118,0.8633487410516697,0.8237986994914751,0.8911263603758165,0.8738686973322778,0.8891040386267896,0.8492909629930775,0.8381941410222634,0.8906771686446076,0.8687946235274812,0.8725979250604876,0.8758488350275885,0.880130951157855,0.7987560642294443,0.8587830137059705,0.8669488400478774,0.8310245154264618,0.7778005374898029,0.7946695990566215,0.897560815151433,0.8599447808919876,0.8761380523231737,0.8884221098935405,0.901446058114478,0.8485817712311556,0.8860338050057948,0.8805703368267912,0.8649997611410484,0.8409520861783922,0.8603884006952612,0.8788510262576927,0.8349768265708177,0.8844466365519961,0.8963181585567999,0.8522846632783363,0.8592920486498185,0.8967001273260488,0.8864647115621354
TCGA-AO-A129-01A|bdef0c66-0755-4581-b813-87c8512754ba,0.8099634230194265,0.9149966590508889,0.9280827084460889,0.9235204151626607,0.9395260647958622,0.91621491315668,0.9229265076193394,0.9240306458625405,0.9053800508450378,0.8587944730301506,0.9243615748600338,0.9224318283458951,0.9278868252038989,0.9171169759640686,0.8822606492552993,0.915923685712271,0.9197232172032251,0.9237529953925907,0.9380975336372267,0.8815901333143444,0.9144137819575663,0.9193790519491527,0.886050411499289,0.8540603182333649,0.716395667121188,0.8343298277842158,0.9190841768699932,0.8445730427665747,0.8873164332519203,0.917954708741402,0.8918367938143501,0.9285698811490446,0.8933817198194693,0.9105638773000183,0.8728791391950355,0.9325161573313947,0.9177702849718903,0.9091183905431693,0.8868204631216317,0.9999999999999998,0.9117433182862023,0.9050851348496348,0.9331590124197194,0.907075359470889,0.9128028792136047,0.9119190071690304,0.8866845333565785,0.9109027097143458,0.9051556021245407,0.8720021988616443,0.8915942549612238,0.9193950881193224,0.9298906163710323,0.9093506866930269,0.9429696297875716,0.9272753137437647,0.9309823914258298,0.9224338174771664,0.883720180373731,0.9355592000722686,0.9213377808002875,0.9132613418437242,0.9125819136996046,0.8730522972740851,0.9312498662884158,0.9109513525805768,0.89010144154721,0.9253601301954528,0.9128738850579814,0.887423553875489,0.8950736779075995,0.8668319171396436,0.9092221666172562,0.8718193420688439,0.8944020507495404,0.8954807913658944,0.9050245904831647,0.8315295080420942,0.9158486425697906,0.9022456388807998,0.9212117707859786,0.9159057387920962,0.8918157936833435,0.9064013748182965,0.9220257241604762,0.9253711802767233,0.9115746439077377,0.9226131467862454,0.8685025743480187,0.8786967157642579,0.929646930045185,0.8771617655381838,0.8533386855603714,0.8603648697332181,0.9006888133678412,0.9295591915330014,0.9093129062530746,0.9325206631641811,0.902094723374592,0.9080241648551166,0.9211643181087711,0.9286943071751228,0.9209272905586815,0.8864960660720077,0.9287907800313079,0.8890387627314522,0.8874784993213359,0.9238187853975334,0.9120277265787481,0.9029015668708888,0.9167148930397816,0.9252639181333621,0.9266406677908766
TCGA-AO-A12F-01A|d6882616-b77d-4d4c-90dc-7318c57876e1,0.8288693244967144,0.8965694742052104,0.8961102064681906,0.8947421076925527,0.9116718077493342,0.8825073250634529,0.9069115113089905,0.8908103096973322,0.8973254997265108,0.8648804939579675,0.8829188230339021,0.901115108799369,0.907035332130731,0.8966925446548922,0.87369281830317,0.8964585358123334,0.8973407283831542,0.8782983697191018,0.8919415848391364,0.895937523294113,0.8849740548343494,0.88721525215118,0.8642214026358729,0.8695920276411103,0.766461081279458,0.7997749217634648,0.868273414325532,0.8548730457269219,0.8947155033162311,0.8863166453426181,0.8854216453565079,0.9049980402585154,0.8942100647223249,0.888382739537099,0.8466241720863247,0.8953859180880696,0.8695223174578159,0.8873642588618998,0.8311580611536887,0.9117433182862021,1.0,0.8965380158275594,0.9080414170352068,0.8816702541446908,0.8937760825807805,0.878043291239668,0.88037205242581,0.9064973779269982,0.8862826562545798,0.8928935032694859,0.8517582571987478,0.8726329687887737,0.9032743590384738,0.8942631838744196,0.8996030462699861,0.8812406823125746,0.8869704385603442,0.9082271032574692,0.8689721139574929,0.9047716169270804,0.8979512841378285,0.8890026048400995,0.8775219321733202,0.8723057574623665,0.9015562161958336,0.8762455180609612,0.865086038127056,0.8731038516219407,0.8929874509808483,0.9072818023751476,0.8581819571245136,0.8435098652869726,0.865872173667694,0.878652914262365,0.8793869291785155,0.8883624258598469,0.8721875987810133,0.8351281971001737,0.880900737229176,0.8866497053688651,0.8869218621943405,0.8991317852569584,0.8735172069802865,0.864694250146052,0.8968610404572132,0.8868283692090452,0.8869208179380323,0.8928095430869821,0.8757421861056746,0.8632052284186803,0.8774352324837337,0.873906509892567,0.8599998964667409,0.8411754150642639,0.8747071529341315,0.9282903278726053,0.8757912580060824,0.9024178932230209,0.8353200727388577,0.8837134163222479,0.8877744096396335,0.8658580897905017,0.8929615487447432,0.8565911858646559,0.888030337899264,0.8694590982221538,0.8771527621836528,0.8959571752045502,0.8545731749099759,0.8831918555522263,0.8924198547592752,0.8760441584344112,0.8978099047231969
TCGA-AO-A1KR-01A|707414cc-7f34-41c6-8803-6641521a4069,0.7903292121249894,0.8630520379617486,0.8694842407005565,0.9081869938283463,0.8781792696760468,0.8441195402993148,0.889010932903349,0.8989963946478174,0.8591886525368342,0.8039815001553186,0.8729306485651748,0.8827825698098458,0.8668455320651697,0.8544119189489005,0.8059528158504494,0.8521296654039259,0.8628443024536171,0.9096171676692131,0.8968102850162548,0.8272694064292158,0.8628786623560624,0.8447003811848879,0.8442959897930499,0.8227686121569862,0.6661366897227429,0.8295136672083558,0.8763458333552369,0.8238704008013421,0.8801879469800761,0.8592962687215009,0.8820525394137665,0.8715791486688378,0.8485467684533848,0.8635828272136956,0.8077317738139493,0.8499952397087293,0.8765757536454063,0.8584968878855121,0.8237801091778841,0.9050851348496347,0.8965380158275594,1.0,0.8642837058652444,0.8212211092733818,0.8834357090510012,0.8369216574083232,0.8200576498349483,0.8577963395891971,0.8473206677765619,0.8209292379190949,0.8495044419615335,0.8567701931951527,0.8743376498109452,0.8760589293147044,0.8853222294717785,0.8844724454303134,0.8530567866414415,0.8540943363940368,0.881893796902335,0.8946700751407095,0.8491851667863706,0.8911218954225281,0.8324904581311735,0.8241233124559181,0.8743823129697843,0.8570031647948679,0.8662194306142962,0.856400028474066,0.8829498875906164,0.86236246895932,0.8533800506846589,0.8471843753908309,0.8361521673946588,0.8318801919906217,0.8424627099145255,0.8654914791827587,0.8298198147306275,0.7776682178040872,0.8362319864166451,0.8546680400750505,0.8530590623882922,0.8419363903776788,0.8178602578186951,0.8155307732335935,0.8906994583940943,0.883390061426065,0.8507290092431141,0.853672418061511,0.8427979281380922,0.8426106343329889,0.8800107510401028,0.8514734138734481,0.836552676946655,0.8658732239436138,0.8587600954051379,0.8686949084551907,0.8567076298982728,0.8896364841061506,0.8562491382104802,0.8605233902224058,0.8442168223932807,0.8912809904883499,0.8528555404981358,0.889569969447056,0.8844006069311552,0.8443773048967161,0.860695845681881,0.860969249781797,0.8689267747073229,0.8269899812513631,0.873316071480544,0.8602467778494919,0.8736477265589376
TCGA-AQ-A04J-01A|eb914a22-6e3f-4296-89d4-a960902fba2b,0.816831979531381,0.9077485634068567,0.9205262070588333,0.8914597979640969,0.9269848791603026,0.9270966173960301,0.9134829833611754,0.9016495523432174,0.8999644884453277,0.8993193959894878,0.8937664598209113,0.9032009796951159,0.920534532527455,0.915512256225944,0.9242400102167356,0.907115774260719,0.9295231577630816,0.8849265323362203,0.9151972831855881,0.8982190911056992,0.8975595859510037,0.9175677951985937,0.8949235993223931,0.8538357350022314,0.7608354293155669,0.7975602839063284,0.8908927370166364,0.8388832491050104,0.8815519581221058,0.9211896280243433,0.8672099308836533,0.9104974287731795,0.8919563488150256,0.9174248450796112,0.8994596308315651,0.9365793287288419,0.898830891706057,0.9147566733059294,0.8871596421774208,0.9331590124197194,0.9080414170352069,0.8642837058652444,1.0,0.9354322753543044,0.8835219656204722,0.9097226834389704,0.9125864141123786,0.9110036260670763,0.9084504953024038,0.8921216621828709,0.8798813812768639,0.9241286384995937,0.9087634751931614,0.8811028265110203,0.9284123588261279,0.9123974160367464,0.9276080407442486,0.9465049390739818,0.8687177789140154,0.9283063158416685,0.9317514332474606,0.8972351845446016,0.9135952933008048,0.8954922896434883,0.9212273659038355,0.8926327841220754,0.8872003904813759,0.9321002568830175,0.8975558757013072,0.8953167111997418,0.8944959559630117,0.8643041809267539,0.9118318937206304,0.9032221695129208,0.9109697824627181,0.9031871365439057,0.9106410342137712,0.8567883090710685,0.9327080896016591,0.8984123339284681,0.9114409917426732,0.9155908551539617,0.9010422072073879,0.922216703615134,0.9119148283632381,0.9050528241484624,0.9282350367190652,0.921548477137448,0.860068403452993,0.8858611725237558,0.9023651452051271,0.8755300974407152,0.8743663858671745,0.8306003007002519,0.905157431277821,0.9346054320107312,0.9062954238772547,0.9271938635494045,0.8738630898172798,0.900836687550218,0.9212001648401131,0.8926425828898455,0.9200240803865821,0.8665279306011019,0.9038457697324028,0.897963213585218,0.8672818615318222,0.9257452700141553,0.8960807000926136,0.9164973944228971,0.8868873870280112,0.9070442834048753,0.9288833333598219
TCGA-AR-A0TS-01A|ad1ea8c5-ca8b-49e9-a650-6012d71daf24,0.8105002535843157,0.8950589286231995,0.9190576568616043,0.8659002790258654,0.9094563846702934,0.9257181107035352,0.8839280661164842,0.8743467633723729,0.886144744546448,0.8727587158591369,0.889412266383072,0.9050986816995239,0.9185589640431089,0.899046949013922,0.8936826986465708,0.8955756840765662,0.9043135147197451,0.8525630699413086,0.8929157168345749,0.8857243127752197,0.8882876557820139,0.9273996112759028,0.8770773776564266,0.8392340776353544,0.7554244779117323,0.7657030600355403,0.8846159165261014,0.813865602536084,0.8594293480688094,0.888501905732653,0.8404236873297354,0.8976054590157824,0.8698865825513283,0.9008699692675172,0.865602601243869,0.9439812121036052,0.8802807024279642,0.8923043178679537,0.8826106706624283,0.9070753594708891,0.8816702541446907,0.8212211092733818,0.9354322753543044,1.0,0.8699637685129735,0.89888900941512,0.9016597746692715,0.9021940339238612,0.8839662603087797,0.886261072333699,0.8549909592094042,0.91819301518223,0.9004039794576847,0.8769143220949205,0.9175219167222097,0.8865528654940421,0.9216890361712707,0.9304972486749044,0.8435245454763334,0.8978458093888834,0.9257839537238216,0.8572949830364233,0.9079204887178153,0.8868640846328566,0.9144533049932726,0.894970137370308,0.8517219248425708,0.9154590114335943,0.866344603437928,0.8636150107567755,0.8595645722225059,0.8432170748281648,0.9042562135583945,0.8749229418864862,0.8948095333398765,0.8874909754328687,0.9158647305872558,0.8412836908977182,0.917058699168593,0.8883133693002393,0.910813469536371,0.9127851849606653,0.9050360639288939,0.9237913448475006,0.8773136889440106,0.8866381433559236,0.9265584860905033,0.9068587586386853,0.8450363448471907,0.8743746528624821,0.8953086589060851,0.8512230610101759,0.814070704520505,0.7962472873227122,0.8979755470233756,0.9245705430623368,0.8910033713918052,0.9048014353642719,0.8551919746411438,0.8877997823127735,0.9209505197737698,0.8685272948056062,0.9018727207622045,0.8321165543469464,0.9022591238517863,0.8970462406447792,0.8574778606359538,0.923495414000597,0.8861954818139696,0.909649853559117,0.8871042261368077,0.9079967449727967,0.9043177480782372
TCGA-AR-A0TU-01A|017d71aa-0999-4d8e-9cb4-88b9013e61eb,0.8315134749017625,0.9047557474153767,0.9141280058539615,0.9022160718886882,0.9152901725467465,0.8786088422368197,0.9044798993955444,0.8783055502366519,0.8761512318678486,0.8221859066288155,0.8958004193205823,0.8815483598494811,0.8781506802352289,0.8750021470031496,0.8492553354403538,0.8673558593418684,0.8706254000806212,0.884970708137374,0.8990190027071271,0.8929372506074922,0.9000321725242801,0.8886831545412351,0.8608983175605099,0.8617447220544557,0.7352613004855012,0.7743176277603705,0.900130769113575,0.8158140607221582,0.8802405627346866,0.86717406861174,0.8759463084257394,0.9141792844114496,0.8782072412149259,0.8901311489572912,0.818530206216437,0.8880307731549827,0.9007365315750584,0.8817095175175895,0.8655217994637323,0.9128028792136047,0.8937760825807805,0.8834357090510011,0.8835219656204721,0.8699637685129735,1.0,0.8982635445995739,0.8876902456516996,0.9013573491492123,0.8911618474599573,0.8594461800115487,0.8544870779543959,0.8806265913695221,0.8933999691645721,0.8766420163870535,0.8990685248453764,0.9093925130438826,0.8910355461979744,0.8814460655235468,0.8645666834518724,0.8920134857292259,0.8846790572001473,0.880766074693273,0.8828396655028429,0.8509826639427936,0.9100088340306998,0.9166578351970384,0.8170512339979478,0.8919369606301842,0.863122862448315,0.8942866445283808,0.8497060420254726,0.8430738242393563,0.8955145775284958,0.8281065141630655,0.8664421687048296,0.882024684986798,0.8915121780118705,0.8162528667088123,0.8901617785682023,0.9071134695585863,0.8846194941767475,0.8805384995720452,0.8449176468786094,0.8668780625209078,0.9314305450331596,0.9072447007146812,0.880102153653439,0.8801988298965575,0.869565199193712,0.8634650972821232,0.8722781355409178,0.8492502648314493,0.8291578619999146,0.8142613858294646,0.8703802779468507,0.9022679116409786,0.8844998507887637,0.9064033080636272,0.881847731815035,0.888005392322767,0.8809321710094106,0.897269336597227,0.8876367273195356,0.8565305350918401,0.8831111833059169,0.8773154688581282,0.9001969323468477,0.8757292663744776,0.8695778084785623,0.8507732910604654,0.9167401207800845,0.9067670481277925,0.8670526869185187
TCGA-AR-A0U4-01A|1f5bbb4e-9b0e-4953-a360-83fd7b6a2267,0.8024079975154295,0.9101387967419071,0.9238636606370861,0.8853569264421199,0.911460249273651,0.9065194073119723,0.8954857885819028,0.8705920447098707,0.876226090774309,0.8519634493925988,0.9128589401377775,0.8709595608234938,0.8974750761950232,0.881907914752664,0.8961517147633601,0.876700860843059,0.8945832548746956,0.8703286875414847,0.9004759316550721,0.8826490652454886,0.9147127477404061,0.9071067074649524,0.8782431335164957,0.8418326778608965,0.7587161371802871,0.7830955408562632,0.8989098159744168,0.8238983514541012,0.8442069381287312,0.8990777287226316,0.8444101436309716,0.9045591685433225,0.884729829815718,0.8967586817271859,0.870693772579428,0.909422422262448,0.9039776089697162,0.8739511042661818,0.9052210307350512,0.9119190071690305,0.8780432912396681,0.8369216574083231,0.9097226834389704,0.8988890094151202,0.8982635445995739,1.0,0.9142670957833051,0.9063813529561485,0.9027040655893565,0.8606470556910937,0.8687423118788267,0.8884450274318069,0.8918496189934064,0.8620686960758649,0.9071036782128322,0.9009575665966661,0.9148393882449916,0.9077909701297587,0.837302621485308,0.8997091350575281,0.8999492225602866,0.8758778232163246,0.9112093780776672,0.8792010261851684,0.9054126265664373,0.9021307390481088,0.833242578095599,0.9267028655137196,0.8764175634184653,0.8633801622485706,0.8813592876917918,0.8472132194096178,0.9189072457025441,0.8503904136397755,0.8890512045753258,0.8839291295005821,0.8954579376524336,0.8396133537655611,0.9145640455981451,0.9021716353703625,0.905577226877319,0.8997269085020745,0.8780715380982053,0.9071316073397265,0.9052670099175845,0.8843478382675014,0.8872650144677731,0.9074408289406347,0.8293002671917806,0.8683544356436781,0.8798702120197628,0.8557531508930721,0.8197831160204048,0.8058170395392144,0.890450699123424,0.9041093397175308,0.9026155983584595,0.9110485890212487,0.8874497977238189,0.8704057283713938,0.8963038290566395,0.8952079258540162,0.9082501457569316,0.8443942462162266,0.8841998667568979,0.8847501307727786,0.8651255490476734,0.894784222160007,0.8799706406771977,0.8762098924948377,0.8859028359826673,0.9046755059224941,0.8969583060710499
TCGA-AR-A1AR-01A|7235fd65-e9cb-45f1-ac78-cad80823325e,0.7985795458571611,0.8903662898907176,0.9206742875283143,0.8698783532942762,0.9019057946895704,0.9203479079427859,0.8901263212249666,0.8630206782602718,0.8722380864849493,0.8764227951451623,0.8789383144817193,0.841482674190018,0.8792609415507721,0.8713657073587239,0.9157631539443297,0.883270341611504,0.8829340359551963,0.8469335540294582,0.8809087461998475,0.8989496216031305,0.891510411668874,0.8940677690176038,0.8841545676678972,0.849393725890021,0.790883382273925,0.7451951498366589,0.8743352802187541,0.8149036558095847,0.8284681154839755,0.8820409830207612,0.8351806543251903,0.8929814364769637,0.8812327275152195,0.8911292067452953,0.8761929547121663,0.8941021187369095,0.886080870421484,0.8638926957527886,0.8910709429043453,0.8866845333565786,0.88037205242581,0.8200576498349483,0.9125864141123786,0.9016597746692715,0.8876902456516996,0.914267095783305,1.0,0.8985865473787895,0.9060022798477243,0.8670895863859838,0.8573844917427035,0.8735308333159895,0.8668131523998696,0.8447530638395971,0.8990490109434423,0.8851340543419602,0.899162946252728,0.925517299030265,0.8462739139718874,0.8908530312928133,0.8933212715271328,0.8660319841715521,0.9125783051233456,0.8947514222519426,0.902850366138764,0.9024635377117736,0.8169847178572053,0.905532964137469,0.8607102334231518,0.8793458945780751,0.8717486657977904,0.8447026810063454,0.9043616455935668,0.8720041902619899,0.888957716064815,0.8666859880761998,0.8906678041130157,0.8632505478209007,0.9205788680902127,0.910043836132631,0.8891323283547986,0.8937929551392116,0.8594084990726593,0.9053441143928883,0.9083545341674161,0.8713508528191191,0.8859745466003459,0.9075141566689654,0.8313219373044067,0.8685849733262472,0.8493488246321638,0.8612894193495148,0.8312723403013021,0.792434447719245,0.8885517943499225,0.9029118284743517,0.8899596235492131,0.9161149474834852,0.868618342000795,0.8754344659871954,0.8846829378180372,0.8517716803934301,0.8818167095183747,0.8258771583755194,0.8615454893299329,0.8910787939063647,0.8449365745007357,0.8794865816343798,0.8644684442640508,0.871404588387169,0.8732202966520896,0.8899764879288329,0.893083062633197
TCGA-AR-A1AY-01A|58764dda-7c61-4705-a834-4d654c60ef2b,0.849200993841551,0.9198538703691218,0.9217948125963077,0.895474939948008,0.9229175198604079,0.9058606447356462,0.9078358076313551,0.888092148632616,0.9094749572539457,0.8560959397086351,0.8935101113169859,0.8921971619852531,0.9023171024800323,0.9118473450739092,0.8922622743472305,0.9081480987030641,0.9092537610195821,0.8739826367211665,0.9098643791126901,0.9012929315351204,0.9206919357777521,0.9101614300133151,0.8649505219469594,0.8776343596576227,0.7786569085632932,0.7556894550383524,0.8837073589552765,0.8245222636581766,0.890126874074322,0.8840638815262274,0.8707388802105903,0.9163922913326972,0.902931569158433,0.916645726486973,0.8473670932970362,0.9143845904379541,0.8982033706107527,0.9056261711096311,0.8621621091076899,0.910902709714346,0.9064973779269982,0.8577963395891971,0.9110036260670763,0.9021940339238611,0.9013573491492122,0.9063813529561485,0.8985865473787896,1.0,0.9194977984175476,0.8949366841068511,0.8476107441646221,0.883300853882522,0.905733713947022,0.8937249144686065,0.9187717951684254,0.9055600498152276,0.9014237980666042,0.9144947375207011,0.8635987504453773,0.8860011277620625,0.9263581620168891,0.8745262970776646,0.9098910269565016,0.8773219004708959,0.914740806602346,0.9041964883025306,0.8260923290499472,0.8889296136464107,0.8783072162458179,0.8886118530354082,0.8469730578381033,0.8500805623547387,0.8970510656607724,0.8601227742652273,0.8971724241763266,0.8930752161559491,0.9102904813418647,0.8459530151823705,0.9074676005693562,0.9116255205767149,0.8984935474822873,0.9254570791411653,0.89692029619903,0.8952923352082567,0.9113647460103522,0.879418098528603,0.9051855447307987,0.9141718087441919,0.8705761385516326,0.865013289713286,0.8598028255017335,0.8804259630878697,0.8456009001011546,0.8030493822794067,0.8626755875095248,0.9367821041349575,0.8984520323419076,0.9222666038004337,0.8587327673235857,0.8990481592444158,0.8790000594432068,0.8750772053858554,0.9192561557224261,0.8303968469213998,0.8734493231533431,0.8826981624138075,0.8800637624192807,0.8874796261749469,0.8483614596923886,0.8859181915110615,0.8973486887013794,0.8982089839482527,0.8766649454535332
TCGA-AR-A256-01A|398fa6bf-78af-473b-8f2c-a2b3b605131f,0.8177268041387564,0.8977938912481358,0.914227921849613,0.8903013010146915,0.9114715360065254,0.9028295574988195,0.9119420076020408,0.8806021907822059,0.888546625368883,0.8514418390804683,0.8840493262936494,0.8716671424475633,0.8771085092495133,0.9028631787608554,0.8958483433379538,0.8878724943676936,0.8985473759241545,0.8666820691653432,0.8915889066088247,0.895122953860401,0.9124558214144546,0.9014966745335357,0.8617029104360199,0.8668131764169965,0.7627722477566256,0.7367691686539859,0.887459027901471,0.7988132893995018,0.8677703048462719,0.8846357996336902,0.8643394598271519,0.9103255195686256,0.888433962005678,0.9058491754652473,0.8572043436424703,0.912293944998983,0.9065614625712067,0.9054940075578769,0.8615615424470421,0.9051556021245406,0.8862826562545799,0.8473206677765619,0.908450495302404,0.8839662603087796,0.8911618474599574,0.9027040655893563,0.9060022798477245,0.9194977984175478,0.9999999999999998,0.8668411448462557,0.842966721183512,0.8738996444323384,0.887503194781653,0.8875938071422826,0.9069003390491461,0.896855291641978,0.91003954123362,0.8978978212952242,0.8484637742442022,0.8799388850040231,0.9192171127736671,0.8838710161951182,0.9118675408638314,0.8668247796146908,0.9091762727204663,0.896222616230363,0.811470367714473,0.8957690647167589,0.8638443339376599,0.8857521406392422,0.8427534968590439,0.8465671076568836,0.9117570194176309,0.8466190616207693,0.8814248459993451,0.8724273211977678,0.9048731074942408,0.8399581956323745,0.9047100168432125,0.9013871657658262,0.8946992631463233,0.9036646430907641,0.8837907468829578,0.9020706956683258,0.9204090168393098,0.8850554668436525,0.8901591049151372,0.9085995993106358,0.8644031156701643,0.85142495510957,0.8600435915024355,0.8675045956370249,0.8534389467630311,0.8048605535346891,0.8552722097079821,0.9169563683129165,0.889052951891537,0.913920489217768,0.8576035793208824,0.8934018237726961,0.8651051047888337,0.8648803767213191,0.913887468924379,0.8296304484501962,0.8640461949917497,0.8702484771096611,0.8533188693301355,0.8683078912610348,0.8391862937951988,0.8842452933853086,0.8834550662307492,0.897877280888761,0.8648812152247578
TCGA-AR-A2LR-01A|7acdca8d-6231-4077-b7ac-eec857c43092,0.8580936981080156,0.8899488539511011,0.8708625362117133,0.8630407418623505,0.889263297123781,0.8844643681858786,0.8742026685750275,0.8433135629656203,0.8855955202619697,0.8582512928605334,0.853446155926721,0.8622671318403204,0.9030000169819039,0.8878054737864889,0.869499722216737,0.8937129900188676,0.8866603149295955,0.8373275184941249,0.8616417990806188,0.8828218937065628,0.8623818943025613,0.8790234142541955,0.8354473331948372,0.8738796467914103,0.8025736020244788,0.7693932242989844,0.844863824034494,0.8500033227678182,0.8605420772149776,0.8610804853382877,0.8415844831004881,0.884086415131016,0.8648227068430095,0.8857471704920051,0.8242328676427333,0.892379683221428,0.842648923796511,0.8634861601561513,0.8228205435475944,0.8720021988616443,0.8928935032694859,0.8209292379190949,0.8921216621828709,0.8862610723336989,0.8594461800115486,0.8606470556910938,0.8670895863859838,0.8949366841068511,0.8668411448462556,1.0,0.8274668362131212,0.868622808193638,0.9015159029856339,0.8545184875725139,0.8783964106348575,0.8597291747730713,0.8760891751862102,0.8956921091885481,0.8231882887621151,0.8737607466299956,0.9067499472391606,0.8440002508217975,0.870857545104977,0.8650169984332019,0.8738525804997838,0.8591826802139282,0.8351127641027862,0.8597253636768784,0.8406163656550021,0.8701450720890379,0.821397843831886,0.8041300938729622,0.8465401773747118,0.8529938863696787,0.8601287042660416,0.8680588757211114,0.8837662007891234,0.8065582811694498,0.8847795751443039,0.8776270881823689,0.8746170290219273,0.8924189831789815,0.885000107015853,0.8686503734315718,0.8624107611313638,0.8500091767145701,0.8696625654211918,0.867711014128169,0.8541873119499745,0.8602689164774495,0.8386902057065585,0.8458679023610703,0.8108092950142898,0.8045002861839331,0.8517056069420733,0.9129160148425596,0.8688774140022648,0.8804798494850522,0.8083116945283554,0.8756756050400051,0.8823781423825856,0.8232901241992625,0.8926113133185212,0.7976401038761457,0.8527405911693865,0.862188566839302,0.8852033084370154,0.878779748475379,0.8236074706498933,0.9001074119594307,0.8666648419653729,0.8744012296363779,0.8714738602649715
TCGA-AR-A5QQ-01A|f55eb7a0-34e6-4d0d-9427-7d7896ddf060,0.7572762050509988,0.8775164967969266,0.8954721555222981,0.8813261014128763,0.8862319179254797,0.8734927640311311,0.8785546634383462,0.8723541701486309,0.8445023403234863,0.8223196213185884,0.8762616944768105,0.8615233125976371,0.8911783677536937,0.8529454048578459,0.8406314162722827,0.8782051069645166,0.8893020943725621,0.8994854973032681,0.9179135117176179,0.8176136794070147,0.8610558025096886,0.8599619884040072,0.8641612667196539,0.7891792464347531,0.6976379864594819,0.8769316209196162,0.8755608237301684,0.8537722837670949,0.8087580416152561,0.8857386240835922,0.8216638723371691,0.8765283945410086,0.8360496660394339,0.8646483609932597,0.852274079254513,0.8744933073669239,0.8769190289099775,0.8382510784218488,0.8610285167558818,0.8915942549612239,0.8517582571987476,0.8495044419615335,0.8798813812768639,0.8549909592094042,0.8544870779543959,0.8687423118788267,0.8573844917427035,0.8476107441646222,0.8429667211835121,0.8274668362131212,0.9999999999999998,0.8710321537941741,0.8918720365120864,0.8342222752962536,0.911966104802818,0.8630673234746412,0.8667053713239081,0.8826826527329044,0.8410966326044913,0.898683728353351,0.8629015953877257,0.8657170975422791,0.8672818611846743,0.8383641298485177,0.8850603064893109,0.8554545727506349,0.8706557805120739,0.8824760966156514,0.8839625948990016,0.8335821073476234,0.8836295832010107,0.8424036029778531,0.8489684113347387,0.8344380191882806,0.8755616274022483,0.8623665304694464,0.8357263235716943,0.7982079625955268,0.8677062578072073,0.8691719062892849,0.8737248128804778,0.8519569138282475,0.849710962072043,0.8722430201250758,0.8543523631626723,0.8673190528667015,0.8537476243620948,0.8679829227723453,0.7804134160746243,0.8481475675054732,0.8881418912398539,0.9134126128090649,0.7750870333636676,0.8816223680263936,0.8744046036666743,0.8712255820151212,0.9025697365573221,0.8771557092946132,0.8808932757568009,0.8529883830975808,0.8722443187448895,0.8785351044423929,0.8645880273290498,0.8635365745212902,0.8882238365933094,0.849893273177352,0.8285128331505778,0.8657128184682541,0.8924194523552502,0.8510368651213032,0.8544896278010727,0.9004466795391551,0.9038861609793712
TCGA-B6-A3ZX-01A|f6565f25-4317-4615-a437-af79da929ecd,0.8005025955033281,0.8934896592776865,0.9048956526619107,0.8763234471198303,0.9052730740822926,0.9088142048339982,0.8920444938865103,0.8735636052683651,0.8790946817415488,0.8595122232085448,0.8969734185271628,0.8966002591532226,0.9126107750305834,0.8836017381800568,0.8767379662253633,0.886461640203684,0.8945344302306176,0.87287674685758,0.9055499949487291,0.8759164505997045,0.8780053792429136,0.8948963539932204,0.8774177658909512,0.8432623544109697,0.713742622044127,0.8081623749767033,0.9058573216763953,0.8331921214205245,0.8615186521494843,0.8894569320891953,0.8562085735581086,0.8905224903734966,0.8648911892564677,0.8859669094298463,0.866592473408943,0.9119133300109066,0.8907202845604665,0.8675369009643236,0.8893098638805272,0.9193950881193225,0.8726329687887737,0.8567701931951527,0.9241286384995936,0.91819301518223,0.8806265913695223,0.8884450274318069,0.8735308333159894,0.883300853882522,0.8738996444323383,0.868622808193638,0.8710321537941742,1.0,0.9091213159876997,0.8632339573711089,0.90284452025698,0.9069998434151594,0.9072978232643248,0.9001513446220587,0.8538398449466672,0.9062694921864803,0.8950524808436502,0.8714397039090336,0.8845286608984707,0.8693666424508959,0.8988400559599365,0.8846554654310378,0.8817932430931342,0.9292592339395142,0.8604185304274399,0.8425535902389779,0.864493848108931,0.8372500840512173,0.874240241891478,0.866198306399428,0.8734223384364025,0.8750766057907543,0.8866126143142858,0.8114781862685799,0.899587826600294,0.8722924244553322,0.8958853952404335,0.872977378562201,0.8725741696931973,0.901900185260884,0.8764964883033829,0.8817271765223232,0.9039197216517572,0.8837708722003451,0.8453201408630567,0.8699481560483411,0.8926381016195537,0.8431161801870597,0.8191547192519743,0.8123256850721192,0.9045518832144612,0.8950432592273495,0.8828467418320343,0.9009520561673734,0.8761816822255757,0.8711591665657412,0.9207770193491315,0.895936444852448,0.8981167333834871,0.8473224822841818,0.8953138368109251,0.886646129233033,0.8833519887323888,0.9410357449729082,0.9044927103068884,0.9066289381853772,0.8796195333957155,0.9185263577847327,0.9265685936727053
TCGA-B6-A400-01A|ee39aea6-23f8-470f-863c-545ef6c5ea77,0.8234697234006436,0.9181775101555665,0.9212271097051855,0.9096252496100656,0.9232439616147572,0.913127059745642,0.9082133034546993,0.8958105370460011,0.904170226963652,0.8461699915293742,0.90575883272287,0.9213497294907111,0.9435903367860674,0.9215376011049317,0.8588650424631209,0.9336524971190181,0.928142384495851,0.9089625684584767,0.9291308456617733,0.867646604363553,0.89950653903715,0.914675346125727,0.8647274598275021,0.8576101117492836,0.7334510839997896,0.8413942184696588,0.9096172837443955,0.8653652332003926,0.8741655474806417,0.8973243601003446,0.8738283237332376,0.919718357438093,0.8740530822803138,0.9037543970010626,0.8462642047243033,0.9320080053891397,0.8964175968580814,0.8896078373002905,0.8571792259672238,0.9298906163710323,0.9032743590384739,0.8743376498109452,0.9087634751931615,0.9004039794576847,0.8933999691645722,0.8918496189934065,0.8668131523998696,0.905733713947022,0.8875031947816531,0.9015159029856338,0.8918720365120862,0.9091213159876996,1.0,0.9091079538251119,0.9328684078749442,0.9009515859277472,0.9133213337813236,0.9179532487182464,0.8642899493371429,0.9135955155764176,0.9317155979801529,0.8866824040896337,0.9095499557760605,0.862056005689159,0.9109286103590908,0.8976090805938864,0.8833537698516534,0.9019823886761743,0.8927396455079467,0.8770530931575673,0.8612749754126569,0.8439775406095341,0.8805779151416762,0.8527217760597285,0.8865637793411629,0.8839033445256573,0.9076151180235567,0.8083565165771889,0.9049980471844397,0.8975240271194065,0.9188552336732344,0.9136800901995001,0.9011663371806897,0.8968571556979233,0.8863316892195884,0.9008528436610589,0.8925764463537165,0.8943919065609915,0.8599824714119987,0.8715676351020056,0.9074468078300327,0.8718311449285842,0.8167743151573504,0.8527396026405335,0.8748068695056773,0.9336473114185094,0.9054991031967922,0.9145203321485186,0.8760037258084018,0.9082002398737661,0.9119405138571295,0.8903082589606511,0.9190550272645556,0.8560566869532992,0.9155758135919516,0.8747099018746409,0.8870971796259549,0.9094299807458084,0.8875822379161855,0.9167791322898916,0.906713686673285,0.9363120165773144,0.9117860585624878
TCGA-B6-A402-01A|c4ceaaf8-4803-45d7-9937-42d25db60148,0.8192460245807295,0.8882364727639204,0.9072910178804692,0.8906390749470564,0.8906256962206129,0.8889379459464508,0.9142321796160887,0.900080436492905,0.875214401763332,0.8279791070088448,0.900226549151912,0.9266603088718764,0.8913981180141951,0.9223241392387196,0.8291882326623434,0.8960143401827577,0.8947517989817675,0.8918268875480393,0.8929416397852337,0.8593820635680791,0.9009115004747207,0.9099465292058891,0.8454958925072187,0.8444881540080363,0.699595668916669,0.7866120339473144,0.8886020233894222,0.8131805444083012,0.8879493310207739,0.8637703652566441,0.8766150461783724,0.9042195426373728,0.8684105758354322,0.8884632548418822,0.8159692605980225,0.9167783011307828,0.8774618328442544,0.8887755790766816,0.8258802659497111,0.9093506866930268,0.8942631838744195,0.8760589293147043,0.8811028265110205,0.8769143220949205,0.8766420163870535,0.8620686960758649,0.8447530638395973,0.8937249144686065,0.8875938071422828,0.8545184875725139,0.8342222752962535,0.863233957371109,0.909107953825112,1.0,0.8992027188682549,0.8891533583535921,0.8985374056588661,0.8716373788797166,0.8637786824693627,0.8728925515212623,0.9089014455413164,0.8867172185739135,0.8902574536012259,0.8396004387408049,0.9034436006760479,0.8923427828196654,0.8465861245333669,0.8530357132871993,0.8795772816048962,0.87144601459365,0.8366797226745317,0.8461555403067009,0.8733809245756097,0.8413043508532125,0.8587857219613263,0.8613730672250394,0.8899966173097005,0.8075261524524899,0.8668756478265818,0.8708435224829103,0.8963153436526886,0.8986825910118652,0.8803408187297981,0.8678321199719654,0.8860320148481683,0.9102839011792456,0.9096081141362202,0.8843161771663933,0.876434550295537,0.8379126656826683,0.9029498888760374,0.8480616832951443,0.8436597051481816,0.8294644608170146,0.8426367841673094,0.9041177738236539,0.8618108667873685,0.8900450380554151,0.8486564678672454,0.8989069132392374,0.8562222119369609,0.8818745021083543,0.9059912091084795,0.8520216984612717,0.8990816437210954,0.8474753716523136,0.8609818089440529,0.8745651434370423,0.8592237545918985,0.883735318471403,0.9117867871750396,0.8916417143645882,0.8570724667468135
TCGA-BH-A0B3-01A|37939d7d-074b-42b7-8d68-95a8afef4c38,0.8163222364764742,0.9134635879942098,0.9386003919811541,0.9190526489997213,0.9331740095202437,0.9298480645226965,0.9288633784694728,0.92699672846062,0.9086728022272929,0.8596769592619868,0.9141666126656665,0.9179244320167355,0.928892796790921,0.9296735068867564,0.8890776731053728,0.9228420860478141,0.9333925448052117,0.9246654216823114,0.9473094115106588,0.8795550138106191,0.9165146657070826,0.9277116775834877,0.8963706867366613,0.8530949877813173,0.7428540116422345,0.8353819226587366,0.9122224236913038,0.8512458853238739,0.8764661424851853,0.9204298761900711,0.8779749684173505,0.9186935624408202,0.8921718027531198,0.9270525529127909,0.8781204936505206,0.9358801476208737,0.9236505037443264,0.906653979747593,0.8939596016307138,0.9429696297875715,0.8996030462699862,0.8853222294717785,0.9284123588261279,0.9175219167222097,0.8990685248453764,0.9071036782128322,0.8990490109434424,0.9187717951684254,0.9069003390491461,0.8783964106348574,0.911966104802818,0.9028445202569801,0.9328684078749442,0.8992027188682548,1.0,0.9095962302543716,0.9253584933281521,0.9354628911745771,0.883772703230677,0.9304201256431506,0.9297269579001203,0.9071214101174537,0.9223203319611436,0.8859656037842509,0.9319609794696965,0.9194029493991485,0.8773199246016542,0.921849039608147,0.9156949843202478,0.8765900453397624,0.9009589506482112,0.877718723744189,0.9058714614814992,0.870261080732781,0.9140739946432561,0.9081087336383522,0.9088078691954473,0.85182157085841,0.9312529441757241,0.9135682083637522,0.9328347614997906,0.9182560061155054,0.9067480426526389,0.9199515397830398,0.9108431313744026,0.9161904296456499,0.9126365862583974,0.9279719381494806,0.8512532839749335,0.8851572260756773,0.9127731639031459,0.8991265524250283,0.8296219970525542,0.8696068455734719,0.8973807015397436,0.936629827755525,0.9181855765158194,0.9338019503576821,0.9077054787961328,0.9170010464724229,0.9075090324093908,0.9070834289956755,0.9188759318179233,0.8814405284017613,0.9194322227003889,0.8950917910250675,0.8717945302274249,0.902108468238629,0.9094037841760197,0.9000021058740957,0.91163347729491,0.9303537501673056,0.921064186873947
TCGA-BH-A0B9-01A|4f464ced-080f-41f1-9a00-955db0d5fda6,0.834090410855102,0.9202263382090318,0.9152514004692088,0.9110759501971945,0.9151427885599261,0.913241715192198,0.8955314507407023,0.8881204661945157,0.8964308569606181,0.8501816342803898,0.8923900369584529,0.8890032188653081,0.8899108118269636,0.8815981284565394,0.8628063009074107,0.8940511524117939,0.8855249240807667,0.9066532710672421,0.9130049494797491,0.881242669135912,0.9000655082456435,0.8890489752490339,0.8759745897499703,0.8526755557855789,0.7246547253195706,0.7940317402030932,0.9113044247453559,0.8240819619318063,0.8726533271624782,0.884694257408756,0.8940989322660816,0.9147972897275107,0.8760899958703131,0.9140256097465371,0.8492485517014796,0.9008684690126199,0.9107533309019124,0.8953078578808931,0.8790495569747877,0.9272753137437649,0.8812406823125747,0.8844724454303136,0.9123974160367464,0.8865528654940421,0.9093925130438825,0.9009575665966663,0.8851340543419604,0.9055600498152275,0.8968552916419779,0.8597291747730714,0.8630673234746411,0.9069998434151595,0.9009515859277473,0.889153358353592,0.9095962302543716,1.0,0.916934658539959,0.9039435601345049,0.8752368145739469,0.9017038043173384,0.9015222985754033,0.8807243090380656,0.9029995894987113,0.8615317002972179,0.9029425168562893,0.9036597725398983,0.8581078925239358,0.9115879079765213,0.8770826544752985,0.878319264086112,0.8633118590777763,0.8479683266531397,0.8927587667054181,0.8520817914396609,0.8788036061318412,0.8876080884973949,0.9039896645682305,0.8177570995941175,0.8980220094881609,0.9028559343340061,0.897748618008181,0.8829051007239174,0.8579622939732662,0.8853034455769901,0.9150108989977687,0.9008154431359344,0.891248903604718,0.8962229337925007,0.865089609922927,0.8700862592063563,0.8805655867534092,0.8601699707289591,0.8357672391586396,0.829220897385178,0.8870961765231957,0.9042953215110466,0.901762559626563,0.9278311209627247,0.8978314924148443,0.8980700803320439,0.8912772291961149,0.9224209768957135,0.9004744176431609,0.8659047969452712,0.8820286611766089,0.8893211788990616,0.8984260866653297,0.9015205412845215,0.889513940341023,0.8737277407428974,0.9018284384844055,0.9095291736953793,0.8951180570715574
TCGA-BH-A0BG-01A|742a677b-e99b-4916-bb92-3536c55ee5e3,0.8051920320647997,0.9117564947057077,0.9300986358012792,0.8879157712269735,0.9187202288604248,0.9223352385469153,0.9070840464105421,0.8915753482453858,0.8928716252927131,0.8787129299267823,0.9040153853207658,0.903900164635677,0.9133491269436277,0.9083118830369065,0.8945356293936524,0.894952062319219,0.9070693670623634,0.8794058754338392,0.907277859648029,0.8912478471780394,0.9067486822692179,0.9222688889736211,0.8793323047324932,0.8528349089772264,0.7445284672295401,0.7829710911991511,0.9087411390132917,0.8203356350808663,0.8645538408254363,0.9069242473850053,0.8681393551164079,0.9218467338155985,0.8880409154707776,0.906876055125512,0.8779127614367125,0.9433457351239805,0.9117394355025867,0.9072159425256009,0.8899485681170153,0.9309823914258298,0.8869704385603444,0.8530567866414414,0.9276080407442485,0.9216890361712706,0.8910355461979744,0.9148393882449916,0.8991629462527279,0.9014237980666041,0.91003954123362,0.8760891751862102,0.866705371323908,0.9072978232643248,0.9133213337813236,0.8985374056588662,0.9253584933281522,0.9169346585399589,0.9999999999999998,0.9196130599284764,0.8539860399357398,0.9127272220819576,0.9307786628996358,0.894274676027546,0.9145985816275068,0.8821438619231821,0.9159194369658591,0.9062870881999144,0.8678616767213613,0.9281225798798307,0.8773305738986086,0.8740134476251364,0.8714032490590324,0.8514257230533595,0.9134038985069847,0.8700450000704978,0.8851734877922526,0.8767759385295893,0.9181035365585629,0.8421788694031388,0.9196323227825826,0.8988138656139033,0.920943957066824,0.9079139172861653,0.9097989414344307,0.939212853515089,0.9080128939803691,0.9034872546142959,0.9141463326135899,0.915954592057435,0.8563377139440597,0.8704653835354212,0.9093614387162525,0.8666385650457653,0.8519356321242515,0.8285777506231675,0.888715303668732,0.9276881254762616,0.9009294129506844,0.912892503218451,0.8863255287619092,0.9048253763965544,0.9140638016456477,0.9030388321585872,0.9365003440118806,0.8556785209800648,0.9014176494951964,0.8858518754587172,0.8749116013945237,0.9123802381825435,0.8859042834787305,0.9237439233908913,0.9011454779724462,0.9197816462753264,0.902014134711007
TCGA-BH-A0BL-01A|8a7fe670-bcef-4fcb-9759-9892ff5f4f61,0.8127904790398368,0.908153265741615,0.9229786994433504,0.8880650411374859,0.9239731581630432,0.9401290260595058,0.9028066472192726,0.8958822263134723,0.9095972661522217,0.9002209823194358,0.8853510055884223,0.8937517775458542,0.9320187107584231,0.9126761679876387,0.9212195297352921,0.9267555336395554,0.9223007520424178,0.8831687294409538,0.9244709459539253,0.8892526497679629,0.8893517419021519,0.9150072097765098,0.8916748167908213,0.8489057860436998,0.7731436171694558,0.8007302722285295,0.87856494713675,0.8471522889126855,0.8541603627824559,0.9081432761308723,0.862043595101996,0.9026679343700859,0.886805058197089,0.9165928224365949,0.8967289714365304,0.9269300075919645,0.894529737126991,0.8922948733712497,0.8801703063115207,0.9224338174771664,0.9082271032574691,0.8540943363940368,0.9465049390739819,0.9304972486749045,0.8814460655235468,0.9077909701297587,0.9255172990302651,0.9144947375207011,0.8978978212952243,0.8956921091885482,0.8826826527329044,0.9001513446220587,0.9179532487182465,0.8716373788797165,0.9354628911745771,0.9039435601345049,0.9196130599284763,0.9999999999999998,0.8620600016659848,0.9265118262975716,0.9251348344319114,0.8829655234464577,0.915991979233866,0.9063507234000583,0.9152125404454781,0.8893070504318014,0.8824810137966433,0.9184776527709785,0.8973103069576372,0.881267364573481,0.8871782428914738,0.8553546502065664,0.8952284294197311,0.8975785845647437,0.9177003496569244,0.897476579848024,0.9163696469470644,0.8620908148590095,0.9396678997149738,0.9049593725536423,0.9158398306233599,0.9143948877497695,0.9015375720525877,0.9305108079139207,0.8938141590431358,0.8809963239536193,0.9025172972302462,0.9245161042110458,0.844970267946675,0.8885589460422615,0.8906350123687693,0.8818318382204121,0.8356344234343013,0.8364279833919951,0.9033978572029869,0.9440159158272641,0.9100592332906953,0.9307472051668193,0.872672226545422,0.9031533702023131,0.9249032013827518,0.8674096701610623,0.9103638067990154,0.8535246286424885,0.8955539241954014,0.9042483366740759,0.8563478486977611,0.9178424119332501,0.8886244914640669,0.910063434210562,0.8821072105746475,0.9063196077624454,0.9275004075666546
TCGA-BH-A0E0-01A|7882ff91-e415-48ae-9151-26b55f1cfc57,0.8072809948500375,0.8647423607261023,0.8689178986577588,0.875116759205568,0.8697432634209676,0.8597478941144929,0.8830198204231551,0.9126787087229884,0.8499218108968651,0.8180952584073599,0.8595680029110286,0.8785439605228094,0.8577033804043388,0.864442595580464,0.8165252670028198,0.850052234383415,0.8514751187831167,0.8807759736331168,0.8741481604366351,0.8379892477610005,0.8722155371887993,0.8455299242453447,0.862346549988873,0.8250403225293297,0.6897459865271289,0.7862221323963462,0.8595998303668306,0.8023505060098782,0.8740038349883309,0.8473018234959989,0.8636985243225934,0.8689477408577269,0.8414177228456718,0.856026162750847,0.8067746631515206,0.8514492393048585,0.8680616360661952,0.8550328151851776,0.8243655879307037,0.8837201803737309,0.8689721139574929,0.881893796902335,0.8687177789140154,0.8435245454763334,0.8645666834518723,0.837302621485308,0.8462739139718874,0.8635987504453774,0.8484637742442022,0.8231882887621151,0.8410966326044914,0.8538398449466672,0.8642899493371429,0.8637786824693627,0.883772703230677,0.8752368145739468,0.85398603993574,0.8620600016659848,0.9999999999999998,0.8730084547175062,0.8529130371562437,0.8624747430947232,0.8446375457579188,0.8398489021184493,0.8851245687237843,0.8633786608428182,0.8331235009063805,0.8445215142737015,0.8695290742367301,0.8524880956064306,0.8522096742684456,0.8683813949335537,0.8393893821069126,0.8387803908521178,0.8513324004045427,0.8660073591791337,0.8392956515025511,0.8256393766847444,0.8524078902842532,0.8529420142304616,0.8601097714684526,0.8493487263794334,0.8263937934426535,0.8226646703116167,0.8676693556642854,0.875548269052827,0.8750618986482264,0.8617780596012184,0.8461465027085749,0.8432700014956909,0.8528017282551713,0.8531817556965798,0.8281098658976584,0.8356901699245628,0.8565148598763243,0.8606150487112907,0.8453305307131759,0.8801928485676823,0.8558022947414252,0.8733816075026891,0.8354983102587351,0.868975020043178,0.8506123304428705,0.8615224271547005,0.8692274606663452,0.8547513328964602,0.8435481458365851,0.8455196796831906,0.8628196942774126,0.8316269916445967,0.869962645424612,0.8527867874429192,0.8457850190052032
TCGA-BH-A0RX-01A|77f150b1-5f40-442d-91c5-6d3571513513,0.7951867510411633,0.899077852882726,0.9145404067360442,0.9120882700259559,0.9219089448414031,0.9075780167270755,0.9114794709278227,0.9132550371518642,0.8834063039388095,0.8732297959100801,0.9031253240705515,0.9115585798227002,0.9276845341165799,0.8932064641675383,0.8916855476028693,0.8971878936837736,0.9096112716537212,0.9067643959308781,0.9282731852377627,0.8614565688464931,0.8987469042768573,0.9085494436470002,0.8917784725383096,0.8363282582725183,0.7288675279000438,0.8522948320557783,0.9069174276767233,0.8617707183131548,0.863524109315354,0.9163988113002008,0.8721780916472909,0.8965892335162905,0.8828441900640223,0.8946541062816218,0.8839494946929286,0.9141825694223911,0.9025284454829964,0.8767273288808733,0.8867697668100089,0.9355592000722686,0.9047716169270806,0.8946700751407095,0.9283063158416686,0.8978458093888834,0.892013485729226,0.8997091350575283,0.8908530312928133,0.8860011277620626,0.8799388850040231,0.8737607466299956,0.8986837283533509,0.9062694921864803,0.9135955155764176,0.8728925515212622,0.9304201256431506,0.9017038043173383,0.9127272220819574,0.9265118262975717,0.8730084547175062,1.0,0.9056339806657847,0.9065243651763587,0.8899773197900857,0.8833265367541687,0.9230197140086642,0.894140104339036,0.9037195899711299,0.9272048564729574,0.9076211253251184,0.8802665549092883,0.9083930386032741,0.8487257159955164,0.8859031651199293,0.8816592233667405,0.8920006543597673,0.8905227775957726,0.8789451126187403,0.837673193212601,0.9156347478151304,0.8856042753063574,0.9142830526509405,0.8887296438939497,0.8732359713126994,0.8976012706300608,0.9051822035529947,0.8999611904810162,0.8998818667454908,0.9039275581065607,0.8273127854468557,0.8811094958995391,0.9233603441115958,0.8713761910882312,0.8460371644213905,0.8656121899072841,0.9111954736469995,0.9220876750337136,0.8972520591989959,0.9205731314332429,0.8914600891249965,0.8993025152440312,0.9140474897059826,0.9103989401808523,0.9012164784836543,0.8829596373806174,0.9208189988100809,0.8834267629758719,0.8679549243563636,0.9152265035293847,0.9206019012845553,0.8892256577983366,0.8888533092405467,0.9119179719207464,0.9328301255434229
TCGA-BH-A0WA-01A|7789d241-991c-4cc9-a557-69d5c439b930,0.8400101271731131,0.9159744498622793,0.9208936629080123,0.8985524642926436,0.9201052055079915,0.9137013988150198,0.9130283391629058,0.8998307312262619,0.9210569066430044,0.872259435745609,0.8884691373995808,0.9083320718831606,0.9175411412085449,0.928999454935461,0.9005016250149401,0.9180880424706708,0.9261713524732099,0.8812707109267103,0.9159634343834259,0.9010972568624137,0.915009952052032,0.9358515654367833,0.8718528341403625,0.875118027622506,0.7772712925039046,0.7818539357367844,0.8823375760936274,0.833971273852068,0.8835194587840228,0.9039668444063182,0.8713355395668145,0.9279913097165657,0.9018473897812399,0.9271318846768666,0.8657924096779444,0.9517928679665295,0.8996130882702643,0.9214312993958139,0.8630674928870249,0.9213377808002875,0.8979512841378284,0.8491851667863707,0.9317514332474607,0.9257839537238216,0.8846790572001473,0.8999492225602865,0.8933212715271328,0.9263581620168893,0.9192171127736671,0.9067499472391605,0.8629015953877256,0.8950524808436502,0.931715597980153,0.9089014455413164,0.9297269579001202,0.9015222985754033,0.9307786628996358,0.9251348344319112,0.8529130371562437,0.9056339806657847,1.0,0.8857771432018022,0.9204597481182291,0.8794663772599174,0.9188494258401049,0.8979770630509419,0.8501497430157009,0.902959518572523,0.8908165993609128,0.8872342606262503,0.8649819971789554,0.8585400383032793,0.9117150903250204,0.8685770057002362,0.9047082661395811,0.8969538513604665,0.9303880980055342,0.8439552115005745,0.9293298247064913,0.9090161489196117,0.9293925888550154,0.9352923988409382,0.9232168193373272,0.9214463458414468,0.9048255459883296,0.8989229359204773,0.9146241599728667,0.9157606992312936,0.8805997442903545,0.8683460214189104,0.8890572188110138,0.8808867223391833,0.8535645829828776,0.8184371120079287,0.8723641226174755,0.9486008438491017,0.9081758113416867,0.9144901657527843,0.8576217551744868,0.9218703859709747,0.9011044990864835,0.8720793838806429,0.9358739030934895,0.8470461241832663,0.8963803885614315,0.8886136075671758,0.8755716186229417,0.90101234185654,0.8649947729765383,0.9260062893620989,0.9027216078793271,0.9114347109141437,0.8886799125317546
TCGA-BH-A18G-01A|ff1f2f31-8607-4627-b487-c5e39e7c30f5,0.7895749171076816,0.874267864640771,0.8933989548205091,0.8905476121225486,0.8987652546708276,0.8762384518542252,0.9277864914291519,0.9176861295068758,0.8786263992051541,0.855641930255306,0.8849951678729715,0.8892536253798445,0.8820270536814795,0.898262297210588,0.8772547215186524,0.8725557455024514,0.8976827132173151,0.8994992013836303,0.9059148218636695,0.8525906576534946,0.8790726713069739,0.8795308040930574,0.8761133320998987,0.8427777856362317,0.7223423939190636,0.8176577036265346,0.8798140173161766,0.833645896381769,0.8746422440910692,0.9023511185762889,0.8746086552741567,0.8887298084278853,0.8941383071466051,0.8806797235876146,0.8921309075313855,0.8858755042544516,0.8992727060489575,0.8784387968940544,0.8428172225434286,0.9132613418437241,0.8890026048400996,0.8911218954225281,0.8972351845446016,0.8572949830364233,0.8807660746932728,0.8758778232163246,0.8660319841715521,0.8745262970776646,0.8838710161951181,0.8440002508217975,0.865717097542279,0.8714397039090336,0.8866824040896336,0.8867172185739134,0.9071214101174538,0.8807243090380656,0.8942746760275461,0.8829655234464578,0.862474743094723,0.9065243651763587,0.8857771432018022,1.0,0.8654907998147853,0.8586628615112192,0.9040038184985274,0.8707410714811332,0.8699649178172477,0.8777324555649297,0.9014609516230813,0.8676424058184133,0.8823970874473823,0.8626160872871247,0.8787670668677107,0.8673737042035514,0.8740301762317861,0.8795440481023038,0.8637950188014287,0.8383776488234157,0.8813999815275241,0.8681756481188136,0.8927573262096234,0.884920898458271,0.8788004894829698,0.8707244837173129,0.8971489559179664,0.8881509485142309,0.880744365300817,0.8882671724929867,0.8367037881055642,0.8551269598012691,0.8942241986676441,0.8678941098837842,0.876383413880374,0.8521774752076777,0.8678690158829689,0.8966771296803585,0.8789834761951392,0.8959045049851193,0.865411345961744,0.8786195497483942,0.8641316523642304,0.8794579982668009,0.8966461216863183,0.8813455807356935,0.8978731906931066,0.8570420537951299,0.8572014240218191,0.872602785913861,0.8778446490332147,0.8763546258506902,0.8812841369628419,0.8694587440104845,0.8863782492146857
TCGA-BH-A18V-01A|19baf63b-8488-4b90-83b7-a6c671da0095,0.8111432457870851,0.9069801790176801,0.9297101208575416,0.884377243699,0.9121984370354906,0.922866332016879,0.9004128702145251,0.8796651824985465,0.8938073469990092,0.8489459804493552,0.8893225840948958,0.8812029590500979,0.9036937674018379,0.9021194104340551,0.8842643724824074,0.9130250595266229,0.9077703487658495,0.8762149783326443,0.9050384553796675,0.880558061335407,0.910939088831866,0.9209850506778499,0.8738361644349067,0.8412755199074102,0.7522292301417761,0.76674234748283,0.8932239240950225,0.8135549129790519,0.8456164212258855,0.8971223894932155,0.8512824184559037,0.9103878417967127,0.8782509207132198,0.9100811381633637,0.8540593901384991,0.9325855050425435,0.9046331223863264,0.888556987184313,0.8864011484778509,0.9125819136996045,0.8775219321733202,0.8324904581311735,0.9135952933008048,0.9079204887178152,0.8828396655028429,0.9112093780776672,0.9125783051233456,0.9098910269565016,0.9118675408638314,0.870857545104977,0.8672818611846743,0.8845286608984707,0.9095499557760603,0.8902574536012259,0.9223203319611435,0.9029995894987112,0.9145985816275067,0.9159919792338659,0.8446375457579188,0.8899773197900857,0.9204597481182291,0.8654907998147853,0.9999999999999998,0.8750775080452434,0.9130456739472933,0.9054549134741597,0.8280027488622713,0.8983545910368653,0.8740356549071807,0.8762196065656599,0.8621182642704487,0.8519940542699463,0.9062395238088053,0.8532604335122329,0.8894462541130441,0.8770577273713361,0.9053455898245558,0.8397600994288086,0.9140247390443271,0.8993326897710077,0.9093581650881029,0.9146365877743925,0.8900517766948879,0.9169378021104274,0.8955413640846426,0.8922479495166236,0.9002164470075366,0.9098149014312293,0.8446985820991589,0.8618431131391324,0.8808438173007336,0.8672515829533919,0.8210571382533756,0.8132846638579215,0.8714709989015528,0.9133398413993473,0.9047377400149135,0.9112133631923209,0.8814715095128834,0.8938218280242003,0.8868975901580761,0.8787514688250386,0.9093802456809482,0.8347381484097455,0.8809089291499062,0.8790224605899665,0.8469176431678681,0.882321787544816,0.8683243953117009,0.8852215121730499,0.8891128596411535,0.9147847270663658,0.8919712140054874
TCGA-BH-A1EW-01A|f8b403a1-37cf-4acb-b5d7-b3437fafa7f8,0.8053207024500535,0.8724635824289899,0.8867820770298009,0.8503772676110524,0.8828498708984921,0.8947038572561252,0.8716606774589634,0.8558706987684814,0.871800301470664,0.9115577739132475,0.8650412851138576,0.8549850125037931,0.8777625235988609,0.8686714172536679,0.8925806850476204,0.8793690243851103,0.8701014978164954,0.8385387064981891,0.8686662975592948,0.8703057650619977,0.8766603414506303,0.8822761437860189,0.8961990410601425,0.8364347928502811,0.7642457417330104,0.7466400459068938,0.8435468107936831,0.8102298209167037,0.8428006696486903,0.8779891974660623,0.8273781828271133,0.8666783813968344,0.8757230083938312,0.8804321787707322,0.8709709164836976,0.8850321655217646,0.8700731154827485,0.8547615056839378,0.8672065183536619,0.873052297274085,0.8723057574623664,0.8241233124559181,0.8954922896434881,0.8868640846328565,0.8509826639427935,0.8792010261851684,0.8947514222519426,0.877321900470896,0.8668247796146908,0.865016998433202,0.8383641298485176,0.8693666424508959,0.862056005689159,0.8396004387408049,0.8859656037842512,0.8615317002972179,0.8821438619231822,0.9063507234000583,0.8398489021184492,0.8833265367541687,0.8794663772599174,0.8586628615112192,0.8750775080452434,0.9999999999999998,0.8836889375249936,0.8643931920278444,0.8672813662482923,0.8813171232497822,0.8731387803965399,0.8399242634521595,0.8801473547774992,0.8635538784415147,0.8655622914430843,0.9109714908102133,0.8989798396032277,0.8799215352353684,0.876758721471282,0.8745501134809449,0.8990027313900077,0.875776519056442,0.881584997356974,0.8677554838549613,0.8643675452083627,0.8864171856927572,0.8702131474177528,0.8497003995130434,0.8785980364036878,0.8852649582120027,0.8217566454257261,0.9122833583672386,0.8377558707198673,0.8598707048284846,0.8081838701020514,0.7978778110516098,0.9042969691409478,0.8850978158213263,0.8706099514530126,0.8783456978356463,0.8394603480015849,0.8621762860660143,0.8720711568350373,0.8232840550557324,0.8784159725318229,0.8395686624086179,0.8483715456909235,0.9159671552645042,0.8362060767967647,0.8863532191267322,0.8687389994981616,0.8703514059420698,0.8659698429371843,0.8620367019691922,0.8768704383811861
TCGA-BH-A1F6-01A|76bcf698-d2da-42de-b33c-c5deb721c643,0.8155552265792846,0.9100883215370594,0.9351860194360316,0.911486633289367,0.922911476183645,0.9186281711780189,0.9303852479354545,0.9265423736014405,0.893453083847716,0.8640942123482024,0.9141579665592033,0.9223672201739959,0.9186198413696967,0.9203441522801155,0.8888657208666806,0.9052682731426838,0.9129225402955345,0.9081741552363651,0.9250079609628072,0.8826651155252426,0.9209991579817526,0.9246227045189056,0.896143094291158,0.8491424342840485,0.7330501292617505,0.8087014905838688,0.91476085092045,0.828244757812031,0.876494159320678,0.9034411778430863,0.8674054729296374,0.9177991706918118,0.8902210612087386,0.9031359720224315,0.877414043454123,0.9288097708062941,0.9159782669114941,0.8995808763606995,0.8892419590347048,0.9312498662884157,0.9015562161958336,0.8743823129697843,0.9212273659038357,0.9144533049932727,0.9100088340306998,0.9054126265664373,0.902850366138764,0.914740806602346,0.9091762727204664,0.8738525804997838,0.8850603064893109,0.8988400559599367,0.9109286103590908,0.903443600676048,0.9319609794696965,0.9029425168562895,0.915919436965859,0.915212540445478,0.8851245687237844,0.9230197140086642,0.9188494258401049,0.9040038184985274,0.9130456739472932,0.8836889375249936,0.9999999999999998,0.9174748395162694,0.8651982910089188,0.9079881863536513,0.8987191857865765,0.8862025569753281,0.888914117204041,0.8691800123760832,0.9161685023398884,0.8709372256421295,0.8998785573737927,0.8905298405192403,0.903347050364939,0.8565488935279534,0.9190842822620238,0.9082036265919922,0.9156358467054947,0.915297216211923,0.9000752391497132,0.9150061704017807,0.9153129061654046,0.9262526538155281,0.92977755507037,0.9155173236740518,0.8723857485334334,0.8740010193591793,0.9176948197600869,0.8774234018792878,0.8478644613013204,0.8400594712717527,0.8897480342913883,0.9207026009782607,0.9043739934838049,0.9176222125584342,0.8967622245987762,0.918048812783502,0.9040525087848258,0.8996484862136187,0.914897290874967,0.8690053043898329,0.9261900805988587,0.8851997352760672,0.8719556049553087,0.8947392827695971,0.9011306983580301,0.8920051969264904,0.9239058500536026,0.91896190115908,0.9029348005679244
TCGA-BH-A1FC-01A|09f9ebad-e7cd-4c20-9eab-8fd2066d9051,0.8401835562558647,0.9065628733791882,0.9381096059052686,0.8957791630226933,0.9099907328931902,0.9130052491723367,0.9027612954116083,0.8808799651885735,0.8732785050538925,0.8291168653307016,0.9062201698045734,0.89409373011553,0.8871252038883619,0.8861389294575789,0.8595903413937297,0.8821762623397144,0.8880132063627301,0.8764429946002765,0.905171697687675,0.8954846468883018,0.92009381741449,0.9157254719057356,0.8789605477347932,0.8640381419731509,0.748035468814625,0.7680965892513499,0.9123957057625576,0.8165593070749786,0.8662756755366255,0.8748558659033284,0.862876690286734,0.9093736858983515,0.8701259757452428,0.8921564986868823,0.8273446180828982,0.9089453580212973,0.9045043646959056,0.8807222675794109,0.8838417205377892,0.9109513525805767,0.8762455180609612,0.8570031647948679,0.8926327841220754,0.8949701373703077,0.9166578351970384,0.9021307390481089,0.9024635377117736,0.9041964883025306,0.8962226162303629,0.8591826802139282,0.8554545727506347,0.8846554654310378,0.8976090805938866,0.8923427828196654,0.9194029493991485,0.9036597725398984,0.9062870881999143,0.8893070504318014,0.8633786608428181,0.894140104339036,0.8979770630509419,0.8707410714811332,0.9054549134741597,0.8643931920278445,0.9174748395162695,1.0,0.8214683846606269,0.8995315167124517,0.8640257701851668,0.8723631766848129,0.8657361279257085,0.8501088548609954,0.9029897017927369,0.8377340748615779,0.8795147749781407,0.8832883930290791,0.8996519456528131,0.830175957895078,0.901817215296313,0.9068173342767176,0.9043760429133796,0.8893055386596195,0.8519451141960087,0.8896062873742302,0.9113604494791268,0.9088161679913477,0.9009113739100886,0.8967722042579558,0.8556455458496688,0.871741300941615,0.876440375346374,0.8496089117294023,0.8097816425493743,0.8044218784982415,0.8824379426053097,0.8992481965444145,0.8898463203008286,0.908708637165908,0.8783143141233637,0.8956442464514026,0.8880302494248669,0.9019922526249073,0.890972412557343,0.8451042512204944,0.8880796078803185,0.8903174643752834,0.8878293637060435,0.8828090229253341,0.8896009638115737,0.8641953579542381,0.922426804611713,0.9225540649694901,0.8840107341118066
TCGA-BH-A42U-01A|893122aa-117b-49a4-a81c-1229dde4d78a,0.7516400090992785,0.855445716898168,0.8520490872265789,0.8506652689188109,0.8665717565401783,0.8692221644377492,0.8633528860921524,0.8792910596836636,0.8422693515497431,0.9165009465968816,0.864655901125407,0.8804346745396413,0.9075914751552618,0.8605454966927345,0.8343974811068036,0.8776429971388355,0.8837785151196978,0.8878399514597238,0.8863181770374788,0.7889358001371901,0.8203895628926225,0.8389265778172194,0.8693861913619892,0.7759368359384333,0.6491294188380471,0.8652507099043154,0.8643947630214647,0.8482602993818039,0.8230904449081745,0.8739256359678578,0.8412085602133167,0.8422083538205104,0.8190873174581774,0.8423586939260768,0.8696809312195939,0.8626537170938476,0.8419130815347159,0.8243192006094971,0.8260291626894725,0.8901014415472099,0.865086038127056,0.8662194306142962,0.8872003904813759,0.8517219248425708,0.8170512339979478,0.833242578095599,0.8169847178572053,0.8260923290499473,0.811470367714473,0.8351127641027861,0.8706557805120739,0.8817932430931343,0.8833537698516534,0.846586124533367,0.8773199246016542,0.8581078925239357,0.8678616767213613,0.8824810137966435,0.8331235009063807,0.90371958997113,0.8501497430157008,0.8699649178172477,0.8280027488622713,0.8672813662482923,0.8651982910089188,0.8214683846606269,1.0,0.8745818844541787,0.8841068884283345,0.802732732425464,0.8818326692494171,0.8290152259660497,0.8011640117407033,0.9144154787250572,0.8565126839998056,0.8464289151955386,0.8204700499654737,0.8071589424127006,0.8458154498541138,0.816618263949568,0.8592814600538656,0.8332336155284468,0.8478218331961598,0.8506970355413349,0.823974882576173,0.8520089471310827,0.8636776966504384,0.8531497971845446,0.7972484450910334,0.8613058391507358,0.8866561868341707,0.847401245053377,0.8117299735906268,0.8630344868642373,0.8838334318372625,0.8620761529987055,0.8445218448298384,0.871811119663007,0.8417573443676138,0.8344197848271264,0.8825181386625573,0.8603972910725642,0.8636796736581038,0.8771675344527595,0.8854498013444068,0.8557385928342522,0.832447213610406,0.9085817250958754,0.9047147608606694,0.8825259985108518,0.8458353775327971,0.8572721937926814,0.9189959893297787
TCGA-C8-A12V-01A|71ce6854-2231-48ad-ba1b-54bb4ec7d713,0.7854242911719556,0.8991361011250918,0.9232531749120019,0.8888342043001554,0.917257811474816,0.917290082668614,0.8919224756896339,0.8796854285398235,0.8805748194165127,0.8714865371195327,0.9073405710102938,0.8825538845198166,0.9102925028315024,0.8845912588942222,0.9010863686503784,0.882721084457862,0.9065737172153447,0.8816276625441745,0.9185426194748167,0.88085025978735,0.8902163782426323,0.9111651320738329,0.8910000336267926,0.8414498992234836,0.7370504285516583,0.8088421585575746,0.9191217396663806,0.8318429477208082,0.8459621803158465,0.9113554965569243,0.8534977422699028,0.8969258264743418,0.8769103230152735,0.899901223310184,0.8884866870682333,0.9192700103994959,0.905726124414754,0.8749095492087928,0.9283530849541412,0.925360130195453,0.8731038516219406,0.856400028474066,0.9321002568830173,0.9154590114335942,0.8919369606301844,0.9267028655137195,0.9055329641374689,0.8889296136464107,0.8957690647167589,0.8597253636768782,0.8824760966156514,0.9292592339395142,0.9019823886761744,0.8530357132871994,0.921849039608147,0.9115879079765213,0.9281225798798307,0.9184776527709786,0.8445215142737014,0.9272048564729575,0.902959518572523,0.8777324555649297,0.8983545910368654,0.8813171232497823,0.9079881863536513,0.8995315167124517,0.8745818844541787,1.0,0.8768119328857082,0.8558510069594212,0.8938121001255045,0.8486763579364401,0.9143218890167908,0.871628073304499,0.894457437236454,0.8848400643849128,0.8974577692867193,0.8377055811025778,0.9241202937020824,0.8910571897511314,0.9145363463312288,0.8800215797561827,0.8727322443099691,0.9205174101365053,0.902165873222974,0.893361994952299,0.8959065104561598,0.9118419919722661,0.8274208494664116,0.8829615097923371,0.8970545133012975,0.853899491734645,0.821822952683219,0.8206336676730872,0.9158559555147664,0.9046892438006321,0.9026450581251253,0.9215468486952497,0.9053422934557368,0.8776172173530374,0.9258477281315607,0.9079126940292459,0.9082153120744614,0.8593423770123831,0.8938731907609099,0.8991717887794854,0.8741288965729462,0.9304036196561772,0.912828255975649,0.8922573040190488,0.8833495118702535,0.9222184455621752,0.9281188800516198
TCGA-C8-A131-01A|ae2e0936-a225-491b-8361-3c20663768d9,0.7982237003182968,0.8854632900291917,0.8929126841370404,0.8942883048183176,0.8960683955887019,0.8841493446539369,0.9090293414247936,0.9122351338541204,0.8820097898094702,0.8526663514951165,0.8754721417386664,0.8907950494862517,0.898146349366758,0.8922426524305478,0.8698697400738788,0.8883674510261422,0.904568869222351,0.9078293883147701,0.9155872439867255,0.8406534114890276,0.8838371115145763,0.8810995489427278,0.8952298154956193,0.8248094405113789,0.7187810057980552,0.8389337478824076,0.8672163213737341,0.8470459695758397,0.8613016246565782,0.903379947300456,0.8609042938118404,0.8840260586252607,0.8823292330587976,0.8819254583585484,0.8644670441923945,0.8880345175225025,0.8794765023229172,0.8668146455015856,0.8519474962163922,0.9128738850579815,0.8929874509808484,0.8829498875906164,0.8975558757013072,0.8663446034379279,0.863122862448315,0.8764175634184653,0.8607102334231517,0.8783072162458178,0.86384433393766,0.840616365655002,0.8839625948990016,0.8604185304274399,0.8927396455079468,0.8795772816048962,0.9156949843202478,0.8770826544752984,0.8773305738986086,0.8973103069576372,0.8695290742367302,0.9076211253251183,0.8908165993609128,0.9014609516230812,0.8740356549071807,0.8731387803965399,0.8987191857865764,0.8640257701851668,0.8841068884283344,0.8768119328857081,1.0,0.8580935706173247,0.9173741316303773,0.8845354550185737,0.871253331777047,0.8893428662722912,0.9112529978939433,0.9036140671730247,0.8537973703967929,0.8662252933642886,0.8765862493411015,0.8674922890497517,0.8939085750873716,0.884869530095335,0.8680107365263966,0.8683164066473535,0.8785064336119053,0.8844598761015032,0.8801168439455942,0.8927037284868202,0.8246951715619538,0.8749466147813284,0.8885428066666642,0.8837532961983816,0.8385708839445707,0.8638938558684416,0.8906540212732761,0.8930416848134447,0.8889185706594507,0.8931728990924366,0.8666702879429372,0.8788735993640318,0.866674379864372,0.8807163988632993,0.8855343239381882,0.9098485069897521,0.8940244463705033,0.8781448403938232,0.839581431669937,0.8750236258981916,0.9059628014394174,0.8681597983711988,0.8789002955250997,0.8726696456645854,0.8920248638412227
TCGA-C8-A1HJ-01A|f9fe6c47-0955-432f-b402-a6dc2665e04d,0.8298268746771276,0.8825387473119781,0.8909056959251117,0.8886950739433903,0.8941300091046058,0.8677807154075493,0.8830213465045903,0.867180599272125,0.8677994779739259,0.8350265325932144,0.8565456667967514,0.8634437731762766,0.8649016534172723,0.8689156043100702,0.8636725267448249,0.8676732882188846,0.8599495651791466,0.8551541152006954,0.8639290633965209,0.889621826849476,0.870061081994069,0.8737551163736897,0.8383273606147772,0.8626003235956942,0.7535372429233269,0.7372154837655782,0.8539438234286527,0.8063558211344269,0.8743431846907129,0.8643435128161234,0.8587029109594527,0.9043139168643317,0.866442722043554,0.8880786186798677,0.808901043090813,0.879931824553337,0.862739899560373,0.8834779881227607,0.8160623262883127,0.887423553875489,0.9072818023751477,0.8623624689593199,0.8953167111997418,0.8636150107567755,0.8942866445283807,0.8633801622485706,0.8793458945780751,0.8886118530354084,0.8857521406392423,0.8701450720890378,0.8335821073476234,0.8425535902389779,0.8770530931575672,0.8714460145936501,0.8765900453397624,0.878319264086112,0.8740134476251364,0.881267364573481,0.8524880956064306,0.8802665549092883,0.8872342606262502,0.8676424058184135,0.87621960656566,0.8399242634521595,0.886202556975328,0.8723631766848129,0.8027327324254641,0.8558510069594212,0.8580935706173247,1.0,0.8347954136669578,0.8284660559993151,0.8862054777575403,0.8355576145755829,0.8630588966194359,0.8739276512645933,0.8745856758188919,0.818437522236578,0.8736741495966026,0.8890725437061603,0.86227350810997,0.886341635752735,0.848268036114571,0.8478173869308977,0.9149410560363618,0.8819084488372155,0.8764911670294563,0.8728907212138076,0.857513525256999,0.8456160231370331,0.860026230456602,0.855191301137244,0.8636097947401241,0.814454932055359,0.8433007471280818,0.9036099803903601,0.8693766077701153,0.8757160216062188,0.8219493812870333,0.8883237326213271,0.8562335122407214,0.8570591532860262,0.8750030235986261,0.8363673238146341,0.8660994911937834,0.8546950295645885,0.8639047168002031,0.8524423977559648,0.8266704513674002,0.8473685356885792,0.8757267161655551,0.8710842224558287,0.8522996451128665
TCGA-C8-A26X-01A|c782b873-2727-4fe4-9c9a-741964290349,0.7630923091891407,0.867053084969861,0.8881095760698638,0.8664157565756547,0.875128731015249,0.8778173917086126,0.8869698867852202,0.8870960749198341,0.8483186876381167,0.8557079067943836,0.8813275410937894,0.8585192672119994,0.8808765214879519,0.8603682980490871,0.8768669937081874,0.8563832345666809,0.8839393351941808,0.8753922294801957,0.8950697113640259,0.8318114560115941,0.8671528346519567,0.8744296715691189,0.9285081814359243,0.7893452457128332,0.7169304781944317,0.8292846416885481,0.8660794790166141,0.838466615594289,0.822713705883536,0.8994615766449993,0.8268486898543844,0.8607683670446904,0.8578147817091467,0.8686376669247036,0.869593179918298,0.8726057694733221,0.8666576218561183,0.8386155135744088,0.8762283558822509,0.8950736779075994,0.8581819571245136,0.8533800506846589,0.8944959559630117,0.8595645722225059,0.8497060420254725,0.8813592876917918,0.8717486657977904,0.8469730578381034,0.8427534968590439,0.8213978438318861,0.8836295832010107,0.864493848108931,0.8612749754126567,0.8366797226745317,0.9009589506482112,0.8633118590777763,0.8714032490590324,0.8871782428914738,0.8522096742684456,0.9083930386032741,0.8649819971789554,0.8823970874473823,0.8621182642704487,0.8801473547774991,0.888914117204041,0.8657361279257085,0.8818326692494172,0.8938121001255045,0.9173741316303773,0.8347954136669576,1.0,0.8851382728966183,0.8630735336809053,0.8906574232143346,0.8970451758361334,0.8783034557581676,0.8310722682793219,0.8884937017347052,0.877825264851282,0.8520972438506464,0.8844192539749035,0.8543537905887384,0.8467507269531094,0.8708309528197892,0.867818323865141,0.8736373124041046,0.8730912045428039,0.8789506192369022,0.7905250352153721,0.8777264898404532,0.8856050436966227,0.8615184890961793,0.8212040260566003,0.8404316382056142,0.9061030145462103,0.8648827677437059,0.8737313271900838,0.8746301073911384,0.8713102519118892,0.8457335826381739,0.8734170644670741,0.8780390459938653,0.8657249111974936,0.9106035777721629,0.8894588148477696,0.8766113809765167,0.8261731657801288,0.8731539949217807,0.9300644488854886,0.8533101041028569,0.8550533420182325,0.8690763472937327,0.9061320013800729
TCGA-C8-A26Y-01A|e8d97ce6-190e-4189-a148-5a8d9f4215c3,0.7878270070099542,0.8454645321216236,0.8615927852954106,0.8580479252280929,0.8556477436442804,0.8486918296854,0.8753161109721598,0.881844966368415,0.8558533768173902,0.8288691243441118,0.8553470555983701,0.8515131521733414,0.8387678004370962,0.8548071752216697,0.8310028167511674,0.8460572505952565,0.8551051631312465,0.859992156044218,0.8743129402501214,0.8301489923682759,0.8620722503917914,0.8522291533873074,0.880449356179706,0.8055601897026654,0.6869768060687352,0.7597297681853773,0.830078427655431,0.7808304218260917,0.8486163961280644,0.869134506836044,0.8279668213716861,0.8645460371477096,0.8480863605611023,0.8595273122860795,0.8294795601669845,0.8511340675530394,0.8681487950317421,0.8552724336825572,0.8470518536012556,0.8668319171396436,0.8435098652869726,0.8471843753908309,0.8643041809267539,0.8432170748281649,0.8430738242393563,0.8472132194096177,0.8447026810063453,0.8500805623547387,0.8465671076568837,0.8041300938729622,0.842403602977853,0.8372500840512173,0.8439775406095341,0.8461555403067009,0.8777187237441889,0.8479683266531397,0.8514257230533594,0.8553546502065664,0.8683813949335537,0.8487257159955164,0.8585400383032793,0.8626160872871246,0.8519940542699463,0.8635538784415147,0.8691800123760832,0.8501088548609954,0.8290152259660496,0.8486763579364401,0.8845354550185737,0.8284660559993151,0.8851382728966182,0.9999999999999998,0.8524761059403555,0.8631400992383935,0.8780787192832014,0.8826285105776585,0.8380055390669069,0.8583337385076019,0.8579586251068865,0.852583889283645,0.857489429310035,0.8489930010069383,0.8320667612265007,0.8428979536306053,0.8531900295581433,0.8593715219552327,0.8544331425022712,0.8657119632947244,0.8154025861093649,0.854592604878943,0.841617881126018,0.8601353220873985,0.8142367358946139,0.8263073997440957,0.8600473448608332,0.8484820041556081,0.8527140534959698,0.8630225531030019,0.8560043031881098,0.8474751489852017,0.8313335187282996,0.8350562687672506,0.8544827120957124,0.888021135559757,0.8545050686642877,0.8716852703653153,0.8162070615894662,0.8406658382543812,0.875942709051954,0.8264311256412913,0.8570521732070849,0.8380449626499916,0.8380508972028454
TCGA-C8-A27B-01A|4ec56a4e-a3ce-4511-a517-199e2a535b1a,0.8092656534124502,0.8908886658472783,0.9192022742378804,0.8917466305867114,0.9105030631878811,0.8994638260572625,0.8980418896384372,0.871363055214697,0.867208135264523,0.8417091728387354,0.8893105893461207,0.8710720252935432,0.8696557484801637,0.8868002988605302,0.8899205669737275,0.8695393998252842,0.8833429888336736,0.8671401237405704,0.897882813844564,0.8892203934363374,0.9126780955358198,0.9171183401891497,0.8668749302799968,0.8560468391998035,0.7495430231061806,0.7318091424359745,0.888693516309207,0.7819471712834424,0.8586332798562488,0.8904242310991369,0.8381185262790497,0.9094898778003878,0.8836458857961516,0.8974373930018669,0.8618453250840574,0.9192241435984527,0.9064693248155661,0.9010149968274422,0.8869852053259327,0.9092221666172562,0.865872173667694,0.8361521673946588,0.9118318937206306,0.9042562135583944,0.8955145775284958,0.9189072457025441,0.9043616455935669,0.8970510656607725,0.9117570194176308,0.8465401773747118,0.8489684113347388,0.874240241891478,0.880577915141676,0.8733809245756096,0.9058714614814993,0.892758766705418,0.9134038985069847,0.8952284294197311,0.8393893821069126,0.8859031651199293,0.9117150903250203,0.8787670668677107,0.9062395238088053,0.8655622914430842,0.9161685023398886,0.9029897017927367,0.8011640117407033,0.9143218890167908,0.8712533317770469,0.8862054777575402,0.8630735336809053,0.8524761059403555,1.0,0.8429816535553051,0.8891040253381847,0.8797461020759534,0.9088488586715231,0.8434429417839753,0.906906280882054,0.9091286574950632,0.9039529644750972,0.9096956323512632,0.8722552939527561,0.9027735028311987,0.9162768588852039,0.9016236224146391,0.8980280308801808,0.9050248339527791,0.8457341998797473,0.8593515885024725,0.8771926829199277,0.8500297455344675,0.8366168938010263,0.7810942572372949,0.8689078505072582,0.9030737326513892,0.8979312381183108,0.8967351351420046,0.8785543871175678,0.8906184936153748,0.8823088185075563,0.8857143479175171,0.8962872094128362,0.8331047847647637,0.8796207831126359,0.8800239737951701,0.8579940004918308,0.876520130602027,0.8641674346966357,0.8657284805465917,0.8893625529137481,0.9014976385807826,0.8656580661158071
TCGA-C8-A3M7-01A|7aff89e2-86cb-43d8-96cd-341c02ebdd49,0.7886530414646853,0.8594724960811345,0.8674056368111631,0.834334976833144,0.8682524036691681,0.8806657237312974,0.8675071561945105,0.8703863792033273,0.8563646245571032,0.9281019099864641,0.8510965707403875,0.8514311585218884,0.8788590490623825,0.868905191174771,0.88447678243985,0.8737804611159442,0.8753975322233809,0.8428369616863867,0.8607693181409997,0.8449393597133037,0.8431524157278093,0.8578277635365562,0.9052381852746588,0.8167384584060587,0.7309589253207481,0.7695419838031736,0.8348832601363941,0.8215793147336589,0.8417927713001845,0.8806259160569001,0.8316379766402286,0.8482163965618945,0.8568722184836638,0.8610424891357077,0.8787221814080757,0.8682389757527575,0.8416595993281939,0.8431804777608077,0.8392935898813884,0.8718193420688439,0.8786529142623649,0.8318801919906216,0.9032221695129207,0.8749229418864861,0.8281065141630655,0.8503904136397755,0.8720041902619899,0.8601227742652272,0.8466190616207693,0.8529938863696787,0.8344380191882806,0.866198306399428,0.8527217760597284,0.8413043508532124,0.870261080732781,0.8520817914396609,0.8700450000704977,0.8975785845647437,0.8387803908521178,0.8816592233667405,0.8685770057002361,0.8673737042035514,0.8532604335122328,0.9109714908102132,0.8709372256421295,0.8377340748615779,0.9144154787250574,0.871628073304499,0.8893428662722913,0.8355576145755828,0.8906574232143346,0.8631400992383936,0.8429816535553051,1.0,0.8922403280427025,0.86620385030835,0.8463421261759113,0.877213007082835,0.8703406295227702,0.840723467481236,0.8655481235959684,0.8572887387214251,0.8584587076221509,0.870663893086352,0.8480216747219399,0.8487487597640742,0.8823959145529396,0.874652411947542,0.8160182997736526,0.8755083677033733,0.8492756232534631,0.8569405893494881,0.8443523653938433,0.8099683062767271,0.9034123826912354,0.8745513606290383,0.8462470507697062,0.8686798302406991,0.824156692261595,0.846408220565348,0.8652705795706517,0.8297666062587091,0.8686104980771185,0.8646103315830016,0.8571978944193178,0.8899719999121645,0.8292523308628319,0.8939617258360787,0.8805413788607569,0.8816872349078346,0.843992063629713,0.8417425265314101,0.8878336732295936
TCGA-D8-A13Z-01A|fd371070-c312-4eca-b3da-d41b1c8a86a7,0.8209018715366556,0.8963572317557088,0.9073983865405756,0.8793976461891815,0.8991453969754762,0.9069615841079316,0.8942115502114955,0.8839443721021799,0.8863408121617283,0.8705205372342096,0.8741049488596477,0.8724411622578785,0.8905124931533579,0.8923878632098964,0.8992376474931122,0.8964130272493261,0.9061478219981887,0.8813331115233339,0.9044881586380399,0.8785293822929625,0.8764290740082834,0.897233537100856,0.9017574328085278,0.8470526119246885,0.7539918212054285,0.777367229713553,0.8638487126614204,0.8252268115185946,0.8570507849601754,0.9077760242412438,0.8456941311916312,0.8889947196219603,0.8891429412845147,0.8995662104220578,0.8698906015157218,0.9002980001412447,0.8810961553146114,0.8823549337643006,0.8735938983194563,0.8944020507495404,0.8793869291785155,0.8424627099145255,0.9109697824627181,0.8948095333398766,0.8664421687048295,0.8890512045753257,0.888957716064815,0.8971724241763265,0.8814248459993451,0.8601287042660417,0.8755616274022482,0.8734223384364026,0.8865637793411629,0.8587857219613263,0.9140739946432562,0.8788036061318413,0.8851734877922524,0.9177003496569243,0.8513324004045426,0.8920006543597674,0.904708266139581,0.8740301762317862,0.8894462541130441,0.8989798396032277,0.8998785573737927,0.8795147749781407,0.8565126839998057,0.8944574372364539,0.9112529978939433,0.8630588966194359,0.8970451758361333,0.8780787192832015,0.8891040253381847,0.8922403280427026,1.0,0.9281966836079651,0.8906612419572879,0.8719418945140407,0.9054616107918514,0.8863746102186504,0.8996958608576667,0.8897423287418108,0.8752117283804445,0.8944924794616604,0.8808195425537844,0.8735471276156455,0.8894317443749107,0.9046101027410249,0.8321355237984551,0.8893174752030751,0.8625113362872411,0.88286871843773,0.8193377498512071,0.8235719876784993,0.9011311711035661,0.9038511872628696,0.8997186863049126,0.9007595094643666,0.8600137502388971,0.8802491232686027,0.8847834370191425,0.85295051667242,0.89272759407921,0.8806203154089295,0.8667855318439704,0.9103330490098794,0.8521571258715841,0.8855913670211621,0.8911435256894725,0.8744267336015973,0.877554941854556,0.8886222320602819,0.885459987995441
TCGA-D8-A143-01A|be002264-f534-49b3-90d1-fd5a3f622fb2,0.8468702336429504,0.897597450121756,0.8883811005625482,0.8946352543487426,0.9045590251521209,0.8883048330383584,0.9028328048755271,0.8854299292836432,0.892114206642381,0.8490228723019854,0.8747158046702143,0.8858722975106446,0.8832500711143636,0.8798522972920282,0.8701992726446773,0.876351188447105,0.8916963909367345,0.8821672159148364,0.8971423002095162,0.8811507387823879,0.8825782455565018,0.8857812991324777,0.8769877934380275,0.8660437514955408,0.7481457609337707,0.783055311963997,0.865670212200995,0.8312170726640656,0.8913864035016634,0.8938187554002531,0.8688905605386752,0.8983041299275317,0.8947372016238164,0.9025389391749321,0.8453145891519945,0.8896486692570227,0.8845713904567415,0.8939216057440494,0.8572352457274118,0.8954807913658942,0.888362425859847,0.8654914791827588,0.9031871365439057,0.8874909754328686,0.8820246849867981,0.8839291295005821,0.8666859880761998,0.8930752161559491,0.8724273211977679,0.8680588757211113,0.8623665304694463,0.8750766057907544,0.8839033445256573,0.8613730672250394,0.9081087336383523,0.8876080884973949,0.8767759385295893,0.8974765798480239,0.8660073591791337,0.8905227775957726,0.8969538513604665,0.8795440481023037,0.877057727371336,0.8799215352353683,0.8905298405192404,0.8832883930290792,0.8464289151955388,0.8848400643849128,0.9036140671730248,0.8739276512645933,0.8783034557581676,0.8826285105776585,0.8797461020759535,0.8662038503083501,0.928196683607965,1.0,0.8818911720479681,0.8461775412817915,0.8954379579289266,0.889864666050719,0.8948510384382206,0.8859297810242159,0.8606137437683905,0.8631009033467831,0.8868585015857566,0.8802011320251596,0.8818456614044975,0.8940957698062082,0.8451133837162783,0.8854773059952833,0.8540973947274014,0.883901687923926,0.8232694347009228,0.8244989525374502,0.8880059311583677,0.9037139640631642,0.8946000310889103,0.9003784240603335,0.8559814197381508,0.875476062056606,0.8749586714177049,0.8639623488815635,0.8843009890785501,0.8793024930887082,0.8695979821101212,0.9056472441102881,0.8808414694711536,0.8750768460117789,0.877448197072625,0.8599486001773575,0.8897912859104435,0.8779646918769578,0.8763412562568311
TCGA-D8-A147-01A|abefed1d-9f40-4a97-9435-4d9df47f7ebd,0.8378034606594481,0.9036349642948714,0.916830100909448,0.8807368786963062,0.907862450412682,0.9251111747246895,0.8873477926621535,0.8676044757723232,0.8996038060973552,0.8603852940603427,0.8775782707609334,0.8906891661521658,0.8898661881263524,0.9026102672684583,0.8831827394118065,0.900515135254463,0.8895346544800588,0.860528736196467,0.8961334533944209,0.8963168179122417,0.8960102428634956,0.9143086729134882,0.852144381680828,0.8711979019484732,0.7622783108102469,0.7356519235715733,0.8788470371164145,0.7949217716474384,0.8690595929427479,0.8764803452314375,0.8522448028293669,0.9115908688940284,0.8807064223965797,0.9146932823028951,0.8476136493662643,0.9325328961972854,0.8976810415898651,0.9050263001257836,0.8633487410516696,0.9050245904831645,0.8721875987810133,0.8298198147306275,0.9106410342137712,0.9158647305872558,0.8915121780118707,0.8954579376524339,0.8906678041130158,0.9102904813418647,0.9048731074942408,0.8837662007891234,0.8357263235716943,0.8866126143142857,0.9076151180235568,0.8899966173097005,0.9088078691954474,0.9039896645682305,0.9181035365585628,0.9163696469470644,0.8392956515025511,0.8789451126187403,0.9303880980055343,0.8637950188014287,0.9053455898245558,0.876758721471282,0.903347050364939,0.8996519456528131,0.8204700499654736,0.8974577692867193,0.8537973703967929,0.874585675818892,0.8310722682793219,0.8380055390669069,0.9088488586715231,0.8463421261759112,0.890661241957288,0.8818911720479682,0.9999999999999998,0.8254305423780663,0.9200924780281542,0.9028698705466037,0.8987869638927236,0.9097040309002281,0.902519058114975,0.908883470249934,0.8972049503866226,0.8821316744717433,0.8969125876516751,0.9040783681684711,0.869847231952601,0.8643561997301613,0.8621710057086001,0.8491545465402277,0.8233421419872818,0.7850558149690311,0.8632978955731767,0.9244524473828742,0.8937775436121217,0.9067275024460281,0.855388716943239,0.9079960655341827,0.8909068970431164,0.8608509593852276,0.9186529073453681,0.8189443684793762,0.8718185090724228,0.8904482429753778,0.8741359116123819,0.8899121560639213,0.8505989125981867,0.8986508817991099,0.893113045312864,0.9077440237770541,0.8633755593317665
TCGA-D8-A1JF-01A|7300d49e-2e8c-42e0-873a-1674a19b71e6,0.7677388183441994,0.8287433160193205,0.8484076014301937,0.8083665800566817,0.8404027129380983,0.8485927147531391,0.8552363145650885,0.8373886647423723,0.8308475190888791,0.8595249458396407,0.8163524305465015,0.8124275118292315,0.8229004052683715,0.8458053269636019,0.8767501846243435,0.8221532105114941,0.8355329368510865,0.7992319356357214,0.8296714591487824,0.834768478672226,0.8416608792429732,0.8495406662615699,0.9057902476619568,0.8010102407654409,0.7397184575103344,0.7060830880971188,0.79742334972143,0.7643548718599714,0.8058270781500727,0.848818806947141,0.8027245554822185,0.8309218391128789,0.848960384337827,0.8414431681385224,0.8381722501033405,0.8391987537000086,0.8264209280486943,0.820987329220502,0.8237986994914751,0.8315295080420942,0.8351281971001737,0.7776682178040872,0.8567883090710686,0.8412836908977182,0.8162528667088123,0.8396133537655611,0.8632505478209008,0.8459530151823705,0.8399581956323745,0.8065582811694498,0.7982079625955268,0.8114781862685799,0.8083565165771889,0.80752615245249,0.8518215708584099,0.8177570995941175,0.8421788694031387,0.8620908148590096,0.8256393766847445,0.837673193212601,0.8439552115005745,0.8383776488234157,0.8397600994288086,0.8745501134809449,0.8565488935279533,0.830175957895078,0.8071589424127007,0.8377055811025779,0.8662252933642884,0.8184375222365781,0.8884937017347052,0.8583337385076019,0.8434429417839752,0.8772130070828351,0.8719418945140407,0.8461775412817913,0.8254305423780662,1.0,0.8596211032570672,0.8293652764775669,0.8529503029556849,0.8395759046009531,0.8312318611397356,0.8479833038411864,0.838177200631501,0.8249182625538338,0.8497539457820656,0.8577135507024847,0.7883532602842589,0.8423399572750507,0.7988001154623906,0.8242830427544034,0.8138480837851192,0.767276669582066,0.8534502677402666,0.8457329184351766,0.8273497528525817,0.8379235931888452,0.8057100691146207,0.8349869321915891,0.8162859898739816,0.7978098193259199,0.8413111349773333,0.8512627658714698,0.8145997717743532,0.8568404542089233,0.7908367691924926,0.8291048809442747,0.8567536054629664,0.8274964487426006,0.8169049456912015,0.8092832883476176,0.8267293239454763
TCGA-D8-A1JL-01A|5fe2671d-4314-444b-adc1-64bbc6a85aab,0.8184412397699643,0.8981707763355374,0.9207591648452783,0.8930888346600026,0.9219868539577695,0.9239771946793941,0.8984342897164356,0.8866775550637483,0.9008960363216495,0.8818576541356755,0.8924541651339436,0.885037051456236,0.9069903397558259,0.9156593287034831,0.9161718272801125,0.900391258629847,0.9038074751297499,0.8714113202851526,0.9064394591662314,0.8996067208343318,0.9040715540855677,0.9237216119619543,0.8852066755668834,0.8534844969358468,0.7705829705382441,0.7720305276674794,0.882849584983422,0.8243778494054199,0.8569009612353324,0.9071654716509581,0.8585842177695199,0.9072217945595593,0.8933071309401125,0.9140941727336267,0.8871809107830816,0.9246005811727562,0.9075819649631274,0.8900945408023598,0.8911263603758166,0.9158486425697907,0.8809007372291761,0.836231986416645,0.9327080896016591,0.9170586991685928,0.8901617785682024,0.9145640455981451,0.9205788680902128,0.9074676005693563,0.9047100168432126,0.8847795751443042,0.8677062578072073,0.8995878266002941,0.9049980471844397,0.8668756478265818,0.9312529441757241,0.898022009488161,0.9196323227825826,0.9396678997149739,0.8524078902842531,0.9156347478151302,0.9293298247064912,0.881399981527524,0.9140247390443271,0.8990027313900077,0.9190842822620238,0.9018172152963129,0.8458154498541138,0.9241202937020825,0.8765862493411016,0.8736741495966026,0.877825264851282,0.8579586251068864,0.906906280882054,0.8703406295227701,0.9054616107918515,0.8954379579289266,0.9200924780281541,0.8596211032570672,1.0,0.9150252584766664,0.9238448468015277,0.9080215409907831,0.8981713932051388,0.9269202814258887,0.9077724695032592,0.8889844211419865,0.9019396274729422,0.9256773316285086,0.8457104687500766,0.8823680427359185,0.8724373561678929,0.8644447077697957,0.826137686817949,0.8028033657728543,0.8899641813986612,0.9269468587413395,0.9047518194048829,0.9250277671479559,0.8804596407636416,0.9021005992759984,0.9045618635778675,0.864038618585208,0.9212453643539725,0.8423257972035757,0.8878707944706699,0.9023980500397941,0.867048976699341,0.9012594613389843,0.8801270497942904,0.8996430934561186,0.8935231962290732,0.9091534620446408,0.8970961457998663
TCGA-D8-A1XK-01A|7d496f9f-8a04-496a-ad25-68b1b72f864a,0.8420717974476865,0.9040834418046009,0.917168078836796,0.9109362198808766,0.9210105341963079,0.902001985501364,0.8943074778006632,0.8676701139296864,0.8957963529461761,0.8450674271636913,0.8853408896201511,0.8695431254015173,0.8836013649625508,0.8821931429639938,0.8736746146653694,0.8928682255728294,0.8860811911102656,0.879128425491821,0.903469463935677,0.9013603297547877,0.9029532587203107,0.8970770011758185,0.8631868331978806,0.8744459447291768,0.7753792688297196,0.7609750118772396,0.8821560951997691,0.8177826003215611,0.867025445044129,0.8760304952315439,0.8554481551457858,0.925469044877459,0.8881027412017559,0.9183691774109441,0.8489260438852765,0.9043635995464329,0.9018679486372047,0.8910517773395596,0.8738686973322778,0.9022456388807998,0.886649705368865,0.8546680400750505,0.8984123339284681,0.8883133693002392,0.9071134695585863,0.9021716353703624,0.9100438361326311,0.9116255205767149,0.9013871657658261,0.8776270881823689,0.8691719062892849,0.8722924244553323,0.8975240271194064,0.8708435224829103,0.9135682083637521,0.9028559343340061,0.8988138656139033,0.9049593725536424,0.8529420142304616,0.8856042753063575,0.9090161489196117,0.8681756481188138,0.8993326897710076,0.8757765190564419,0.9082036265919922,0.9068173342767176,0.816618263949568,0.8910571897511314,0.8674922890497516,0.8890725437061603,0.8520972438506464,0.852583889283645,0.9091286574950632,0.8407234674812362,0.8863746102186505,0.8898646660507192,0.9028698705466036,0.829365276477567,0.9150252584766665,0.9999999999999998,0.9008819442341106,0.9099502026848842,0.8701731567923338,0.8938035017782294,0.9122322763787439,0.8901677449612023,0.8828411308706627,0.8978365632447848,0.8590124718393068,0.8749167986890054,0.8552223803315901,0.8740120291071576,0.8167221733837511,0.8054669379008836,0.8709805257927253,0.9145770770184933,0.9086784673337969,0.912034782328169,0.8760789410509539,0.8922546778327763,0.8802694547256578,0.8706636066739969,0.8985847147119159,0.8353010947432401,0.8691431729286759,0.8869065437809204,0.8777682101174388,0.8714331386230917,0.8581989781724284,0.8737251220068147,0.9006702234251792,0.9095153261537704,0.8748397965635168
TCGA-D8-A1XQ-01A|ec7b77d4-41a2-4892-be79-23cb24f986d3,0.8150464424317048,0.8946869360100307,0.9207767020507318,0.8989319343190625,0.9217960411693903,0.9138925986834664,0.9144699278089868,0.8976173227647445,0.8924639922317054,0.8616074511416819,0.9011183638890721,0.9034476603219844,0.9182362633519972,0.9185039440661245,0.8897414865861417,0.9026039149101968,0.9140696601209312,0.8837886279362906,0.9155532179742063,0.8889379381781921,0.9032768564950622,0.9344610903698426,0.8855975364167465,0.8558464859823767,0.7488774748438013,0.7999564219921939,0.8921198670350968,0.8359289912727299,0.8725485715863932,0.9109960468560429,0.8681352619585236,0.9088571501352964,0.892981000273905,0.9066700124628166,0.8688376642138192,0.92752092639991,0.8981529903894101,0.8875303127599408,0.8891040386267897,0.9212117707859787,0.8869218621943405,0.8530590623882922,0.9114409917426731,0.9108134695363711,0.8846194941767473,0.9055772268773189,0.8891323283547987,0.8984935474822873,0.8946992631463232,0.8746170290219273,0.8737248128804777,0.8958853952404335,0.9188552336732345,0.8963153436526886,0.9328347614997906,0.8977486180081811,0.920943957066824,0.9158398306233602,0.8601097714684527,0.9142830526509403,0.9293925888550155,0.8927573262096233,0.9093581650881029,0.881584997356974,0.9156358467054946,0.9043760429133797,0.8592814600538655,0.9145363463312289,0.8939085750873716,0.8622735081099699,0.8844192539749036,0.8574894293100351,0.9039529644750972,0.8655481235959683,0.8996958608576667,0.8948510384382204,0.8987869638927237,0.8529503029556849,0.9238448468015276,0.9008819442341107,1.0,0.9062274486030684,0.8964253736200154,0.9091593797668654,0.8936751991660858,0.9077682769260836,0.903481146044691,0.9091467427799128,0.8459847526974925,0.8736095836192084,0.8968265193125997,0.8620213851355487,0.8254225534806111,0.8245053401055527,0.8934997109707328,0.91857723698574,0.8956996792595078,0.9134981145465677,0.8788515073605816,0.9052687777701304,0.9052783828163921,0.8858612703875384,0.9092184946751186,0.862454916550028,0.9005642659396486,0.8926698416989384,0.8711604897062333,0.9015329379679062,0.8940762703251035,0.9019651929164747,0.8979986664537034,0.9138576090179172,0.9030654147582327
TCGA-D8-A27F-01A|ac88a5c1-caae-4b08-87bc-0dedbe61d996,0.8298254918414982,0.9014894071153123,0.9129237075144815,0.8936729384272984,0.9205230884585899,0.9045222026692235,0.9082776621938035,0.8844392642174681,0.9057769923135285,0.8568807229462317,0.8882044242063801,0.897037310540855,0.9095701330703021,0.9193618021613569,0.8873371223313636,0.9134559655614919,0.9151768407940393,0.8729284210939408,0.902812847193896,0.8865098424943206,0.9073547177502073,0.9230993289263271,0.8630753675061701,0.8623775561125074,0.7705276303248908,0.7645451959160191,0.8725408494384046,0.8225618797679716,0.8728066981878304,0.8920458301449726,0.852962194798263,0.9162722629668175,0.8918016828338521,0.9094848662925544,0.8585723207550067,0.9307794527158382,0.8889276527275081,0.900962491395589,0.8492909629930775,0.9159057387920962,0.8991317852569585,0.8419363903776788,0.9155908551539617,0.9127851849606652,0.8805384995720452,0.8997269085020744,0.8937929551392116,0.9254570791411653,0.9036646430907641,0.8924189831789814,0.8519569138282476,0.872977378562201,0.9136800901995001,0.8986825910118652,0.9182560061155055,0.8829051007239174,0.9079139172861653,0.9143948877497695,0.8493487263794334,0.8887296438939498,0.9352923988409383,0.8849208984582712,0.9146365877743924,0.867755483854961,0.915297216211923,0.8893055386596196,0.8332336155284468,0.8800215797561827,0.884869530095335,0.886341635752735,0.8543537905887383,0.8489930010069383,0.9096956323512633,0.8572887387214252,0.8897423287418108,0.8859297810242158,0.9097040309002281,0.8395759046009532,0.9080215409907832,0.9099502026848844,0.9062274486030685,0.9999999999999998,0.9146933730416991,0.9044245788009745,0.8917447181123174,0.8913564710447661,0.9067457209790829,0.9108847229286039,0.8609020801819594,0.8593817165649587,0.8754427972278485,0.8746170118287996,0.8385182385474476,0.8042329592486575,0.8573791247658381,0.9390574615866619,0.897133244392677,0.9050328823737914,0.8512372371374404,0.8963830852242078,0.8879923128096535,0.8602936302531351,0.91680780364864,0.8339253124187643,0.8897426972488321,0.871401509321384,0.8645272864652566,0.8835305149931595,0.849965618963999,0.8970208891478425,0.8920144803722805,0.8936838206196329,0.8806297332933735
TCGA-D8-A27H-01A|427a04c9-9b48-49de-8a47-2adc4e1dd32a,0.801243326022285,0.8863422769722173,0.8947842396902949,0.8622286738428425,0.8940235372839729,0.8959521007010379,0.8863705798349184,0.8734685848876168,0.8934771471358952,0.8621493467402966,0.872013991255239,0.8844635848467132,0.9023473334528674,0.9184505116726613,0.886169957764649,0.8991275170355416,0.9056973323532432,0.8573399412723056,0.8923966860074347,0.8609797599326383,0.877513932636238,0.9035447999998667,0.8535804420216506,0.8358392372648771,0.7521622742912291,0.7829468582318924,0.8523488187464698,0.8249035271930485,0.849299917880814,0.897443346358005,0.8336461399009382,0.8908181469948385,0.8769705057044804,0.8923211508288152,0.8699818343294577,0.9354378881319546,0.8678369278886594,0.8719128476146584,0.8381941410222635,0.8918157936833434,0.8735172069802865,0.8178602578186951,0.901042207207388,0.9050360639288939,0.8449176468786094,0.8780715380982053,0.8594084990726594,0.8969202961990299,0.8837907468829579,0.885000107015853,0.849710962072043,0.8725741696931973,0.9011663371806896,0.8803408187297981,0.9067480426526389,0.8579622939732662,0.9097989414344306,0.9015375720525876,0.8263937934426534,0.8732359713126994,0.9232168193373274,0.87880048948297,0.8900517766948879,0.8643675452083627,0.9000752391497133,0.8519451141960088,0.8478218331961599,0.8727322443099691,0.8680107365263966,0.848268036114571,0.8467507269531094,0.8320667612265008,0.8722552939527562,0.858458707622151,0.8752117283804444,0.8606137437683905,0.9025190581149749,0.8312318611397356,0.898171393205139,0.8701731567923336,0.8964253736200154,0.9146933730416991,1.0,0.9197018202955116,0.84970885237093,0.8665549760236178,0.8971038821525242,0.8930892229084602,0.8461704251266552,0.8516460935984798,0.8846069988113026,0.8631231362981502,0.8242732295576326,0.8074826092871807,0.8526153930304173,0.9170289611477975,0.8898175795033673,0.8806449026458832,0.831602464412233,0.8826332000262825,0.8771857608925248,0.8350175373841133,0.9232233602328194,0.8202602425685829,0.8897488806610143,0.8551365272240494,0.8383982143626294,0.8746342294205527,0.8421216891431262,0.9204443120023468,0.8600671227110848,0.8880551853979317,0.8736841537420751
TCGA-D8-A27M-01A|b3b9ae66-e8d1-4a32-a2a9-46931b753527,0.7868419723875458,0.9026770093394626,0.9231817182100086,0.8622876190669749,0.9049719452313164,0.9321484654463241,0.8861660894791249,0.8646959847753529,0.8821387421165371,0.877637778884122,0.8865718695589274,0.8791144743534987,0.9098677244660354,0.9037621805706267,0.9129219979124493,0.9007824416373619,0.9097227086042783,0.8564721018012557,0.9080997927885355,0.8778672282859552,0.8892040149653904,0.9190817611339409,0.8808160601824372,0.8272983458739227,0.7509733049137393,0.7714002777962052,0.8791944509143538,0.8061857696724803,0.8247521490503607,0.9094874628373866,0.8231140746738674,0.8983383194147084,0.8838085730118613,0.9037785305270428,0.8950616299917773,0.9406032834127854,0.8921609414142871,0.8660830528871817,0.8906771686446074,0.9064013748182965,0.864694250146052,0.8155307732335935,0.922216703615134,0.9237913448475006,0.8668780625209077,0.9071316073397265,0.9053441143928884,0.8952923352082567,0.9020706956683258,0.8686503734315719,0.8722430201250758,0.9019001852608839,0.8968571556979233,0.8678321199719653,0.9199515397830399,0.8853034455769903,0.939212853515089,0.9305108079139208,0.8226646703116167,0.8976012706300608,0.9214463458414468,0.8707244837173129,0.9169378021104274,0.8864171856927572,0.9150061704017808,0.8896062873742302,0.8506970355413349,0.9205174101365052,0.8683164066473535,0.8478173869308977,0.8708309528197892,0.8428979536306053,0.9027735028311988,0.8706638930863521,0.8944924794616606,0.8631009033467831,0.9088834702499339,0.8479833038411864,0.9269202814258886,0.8938035017782295,0.9091593797668653,0.9044245788009744,0.9197018202955115,1.0,0.8801122542391328,0.8768869699248897,0.907582547841264,0.9170861851673737,0.8323062181503591,0.871528570604842,0.893213676582688,0.8592652526570195,0.818608600806792,0.8030961644977687,0.8839691683221679,0.913460218837675,0.9087111033529472,0.8989170224106156,0.8718233266109551,0.8805766146981526,0.9056699779195034,0.8602705868696967,0.9235664219638818,0.8304528733815423,0.8870765610923284,0.881959435904986,0.8398377563697935,0.9047946520180341,0.8787352947494272,0.9185827165255092,0.8739921455109105,0.9176332110870448,0.9061633933737111
TCGA-E2-A14N-01A|0648c6fc-df6d-450a-a5a0-e5655febbdf1,0.8275413900047737,0.9055607412274848,0.9195600300845922,0.913160543490411,0.9191877606542557,0.8920618040984883,0.9130861909268657,0.8889412892912212,0.8809189741485096,0.8480247812826455,0.8965212824820956,0.8780611645521026,0.8812111266226873,0.886590152661385,0.8817362748695461,0.8725343109492476,0.8832359326619796,0.8877080137148616,0.8958979403695702,0.8958867738538635,0.9159316869130213,0.8999665740455572,0.8711443520163596,0.8695096235762616,0.7568207754584801,0.755409450148254,0.8971334850959725,0.8080640373853214,0.883413979119898,0.887171933907219,0.8844258579066494,0.9168693721561079,0.8965093216837745,0.904545881538018,0.8430319250654097,0.8997462263573088,0.9116118007598911,0.9044585511583544,0.8687946235274812,0.9220257241604762,0.8968610404572134,0.8906994583940943,0.9119148283632381,0.8773136889440105,0.9314305450331596,0.9052670099175845,0.9083545341674161,0.9113647460103522,0.9204090168393098,0.8624107611313638,0.8543523631626723,0.8764964883033829,0.8863316892195884,0.8860320148481683,0.9108431313744026,0.9150108989977686,0.9080128939803691,0.8938141590431358,0.8676693556642853,0.9051822035529947,0.9048255459883295,0.8971489559179664,0.8955413640846427,0.8702131474177529,0.9153129061654047,0.9113604494791269,0.8239748825761729,0.9021658732229739,0.8785064336119052,0.9149410560363618,0.8678183238651408,0.8531900295581433,0.9162768588852039,0.8480216747219399,0.8808195425537845,0.8868585015857567,0.8972049503866226,0.838177200631501,0.9077724695032592,0.9122322763787438,0.8936751991660858,0.8917447181123175,0.8497088523709301,0.8801122542391326,1.0,0.9023181145361425,0.8884996315045516,0.9000746568765011,0.8605266487335523,0.8643947000818784,0.8742959584186185,0.8692974444780225,0.8655375154590496,0.825372622889598,0.8726704676658621,0.9105770571070222,0.8908016176523487,0.9179277001863062,0.8792192550036552,0.9018405415731954,0.8726914679272688,0.8993430859983289,0.9039036096243017,0.8679844021782955,0.8849291886253101,0.8831388585389208,0.8819381885426884,0.877784195978494,0.8663655047566555,0.8579120321078023,0.9124733860584815,0.8948015337757249,0.8761081665699432
TCGA-E2-A14R-01A|6e8e0eef-1fc8-446c-9038-3a06657784ec,0.8171646567975239,0.8922835424547674,0.9159950801863331,0.9021927253553872,0.9072843729853303,0.8923166422919101,0.9140148925359263,0.9054873050466512,0.8705551091538445,0.8307805370240374,0.9094517836116525,0.9069209238719059,0.8916615147048977,0.9050410082621828,0.850077485014013,0.8758308778820704,0.8965230312025146,0.8948159976401113,0.9046911995170764,0.8765294658166416,0.8979845389892104,0.9160310856527933,0.8729497539283314,0.8431299887678945,0.7026037957480659,0.7980885544445189,0.903982731950617,0.8179566533068823,0.8954381711681749,0.8872261825974982,0.8681502943375037,0.9050918052095254,0.8664074123235866,0.8966814916947119,0.8345079235536125,0.9131189878303466,0.8980882819196739,0.8932020992506515,0.8725979250604877,0.9253711802767233,0.8868283692090451,0.883390061426065,0.9050528241484624,0.8866381433559237,0.9072447007146812,0.8843478382675013,0.8713508528191191,0.879418098528603,0.8850554668436524,0.8500091767145701,0.8673190528667016,0.8817271765223232,0.9008528436610589,0.9102839011792457,0.9161904296456499,0.9008154431359344,0.9034872546142959,0.8809963239536193,0.8755482690528271,0.8999611904810161,0.8989229359204773,0.8881509485142309,0.8922479495166236,0.8497003995130434,0.9262526538155281,0.9088161679913477,0.8520089471310828,0.8933619949522988,0.8844598761015032,0.8819084488372155,0.8736373124041047,0.8593715219552327,0.9016236224146389,0.8487487597640742,0.8735471276156453,0.8802011320251597,0.8821316744717435,0.8249182625538338,0.8889844211419864,0.8901677449612023,0.9077682769260836,0.8913564710447661,0.8665549760236178,0.8768869699248897,0.9023181145361426,1.0,0.9207579107928066,0.8927909466104893,0.8764558841120768,0.8677484498918273,0.9094020442777617,0.8473482514963713,0.8390197249340875,0.8359258964798102,0.8746783775733233,0.8974258761562942,0.8802430402165546,0.8985367436290761,0.8838633425418545,0.8959134218224258,0.8903223810054886,0.9034858845694986,0.8962826114954541,0.8725838343845012,0.9142933311244134,0.8777514619610386,0.8827333447691028,0.8813233029744922,0.8919516968732875,0.8772940468259738,0.9231155219691355,0.9139102280401759,0.8826618118825936
TCGA-E2-A14X-01A|ada5cdcf-f9e0-4209-aa92-ac3b921bbdf4,0.8195744585681511,0.8974994203894366,0.92288072364894,0.875797161693918,0.9069460430970485,0.9147045437026227,0.9065716313737419,0.8968431283245676,0.8727142578557088,0.8751127445530614,0.8963907856088654,0.9238685948284453,0.9108507328888009,0.9120640189713254,0.8857087309586399,0.884740698863314,0.904539979007698,0.8683892014757048,0.8949414243256202,0.8858089600228977,0.904007712655165,0.9197403589931032,0.8837085048303708,0.8407861432561108,0.7335569503815677,0.7726805406887493,0.8932727153947889,0.8083194209268133,0.8809935376519659,0.8906999066857777,0.8514865772090532,0.8996308879208593,0.8790147783375548,0.8967811765144885,0.8647490276634096,0.9351517450542475,0.8821822266859017,0.8971871117604886,0.8758488350275886,0.9115746439077376,0.8869208179380325,0.8507290092431141,0.9282350367190652,0.9265584860905033,0.8801021536534389,0.8872650144677732,0.8859745466003459,0.9051855447307987,0.8901591049151372,0.8696625654211919,0.8537476243620947,0.9039197216517573,0.8925764463537165,0.9096081141362203,0.9126365862583973,0.891248903604718,0.91414633261359,0.9025172972302462,0.8750618986482264,0.8998818667454909,0.9146241599728667,0.880744365300817,0.9002164470075366,0.8785980364036877,0.92977755507037,0.9009113739100885,0.8636776966504383,0.8959065104561597,0.8801168439455941,0.8764911670294563,0.8730912045428039,0.8544331425022713,0.8980280308801807,0.8823959145529396,0.8894317443749106,0.8818456614044976,0.8969125876516751,0.8497539457820656,0.9019396274729422,0.8828411308706627,0.903481146044691,0.9067457209790829,0.8971038821525242,0.9075825478412639,0.8884996315045515,0.9207579107928067,0.9999999999999998,0.9021911672045658,0.8789903823556343,0.8699395227103549,0.9064073436501849,0.8568107124338079,0.8637486778365608,0.81048591710913,0.8859060399839731,0.9092717869762583,0.8816431213806357,0.8976723376679051,0.8607073626219641,0.8988006699670734,0.8964975363838676,0.889231008177384,0.905781047832853,0.8505209054373938,0.9089957705747427,0.8788188920146884,0.8615362265800037,0.9006212914750021,0.8910979126963878,0.9066053616845668,0.9033247717479886,0.9058498411478364,0.8893616785334596
TCGA-E2-A150-01A|7860a938-e43a-4c3a-83b4-6578cea95df8,0.8046634931132175,0.9003529139192693,0.9227126330517768,0.8959346539262109,0.9181934521662846,0.9212964340519945,0.9011729405816216,0.9074387102982711,0.9002976526287081,0.8731179599901245,0.8962323995459222,0.8935200333865475,0.9060106187115581,0.9130819903804555,0.903407215786412,0.9065410037903091,0.9108311410007277,0.8840506849841125,0.9151807779733618,0.8808682794654628,0.8988941237228613,0.917218041223841,0.8760439533866815,0.8600917025081861,0.7538770273508243,0.7831504320414732,0.8852265340510744,0.824405075145922,0.8613746937905821,0.907503819171441,0.8701683749512118,0.9058895744400807,0.8947773580854721,0.9098124029086903,0.8868288824102518,0.9186493080780214,0.9016073415211784,0.898148334904272,0.8801309511578551,0.9226131467862453,0.8928095430869821,0.853672418061511,0.921548477137448,0.9068587586386853,0.8801988298965575,0.9074408289406348,0.9075141566689655,0.9141718087441919,0.9085995993106359,0.867711014128169,0.8679829227723453,0.8837708722003451,0.8943919065609917,0.8843161771663933,0.9279719381494808,0.8962229337925008,0.9159545920574349,0.9245161042110458,0.8617780596012184,0.9039275581065607,0.9157606992312936,0.8882671724929867,0.9098149014312293,0.8852649582120028,0.9155173236740518,0.8967722042579558,0.8531497971845446,0.9118419919722662,0.8927037284868203,0.8728907212138077,0.8789506192369021,0.8657119632947243,0.9050248339527793,0.8746524119475421,0.9046101027410248,0.8940957698062083,0.904078368168471,0.8577135507024848,0.9256773316285085,0.8978365632447848,0.9091467427799127,0.910884722928604,0.8930892229084603,0.9170861851673736,0.9000746568765011,0.8927909466104893,0.9021911672045658,1.0,0.850140131470687,0.8682213215918317,0.8828639829530768,0.8810540493744072,0.8482441235640215,0.8172873844606563,0.8833057704084176,0.9195596783363114,0.9007433425952898,0.9212248793672974,0.8831848346254636,0.8971718144327063,0.8898055383619385,0.8791042229703854,0.919159707066686,0.8555608793565493,0.8843709442352277,0.8897174608594884,0.853916040121502,0.899481617644815,0.8796305273731121,0.8906505922073648,0.8851016653959862,0.8974462309705746,0.8919992915491631
TCGA-E2-A158-01A|27f4c9d4-d6ba-4fea-9f0b-fb06066e69a8,0.8263055515817281,0.8574477113017843,0.8558355079891291,0.8572432933369694,0.8645578092330436,0.8484169323007831,0.8645646896442662,0.8556300971144731,0.8570671437177929,0.8196056378311637,0.8358392907878328,0.860182950433614,0.8401187486628225,0.8763690129828687,0.82268220952041,0.848963138186429,0.8415338192775361,0.8282538957600843,0.8486334912787948,0.8745565833490317,0.8577666009037256,0.8524818369951594,0.8111970345714609,0.8553443437038197,0.7040988705520709,0.7099109694691615,0.8368141675103195,0.7692382398641078,0.8825098533815914,0.8235030410578436,0.846875783852785,0.881451626546323,0.8519739668404037,0.8675039137482528,0.7884794351657199,0.8716644746742075,0.8475921391281966,0.8643421081871093,0.7987560642294442,0.8685025743480188,0.8757421861056744,0.8427979281380922,0.860068403452993,0.8450363448471908,0.8695651991937122,0.8293002671917806,0.8313219373044068,0.8705761385516326,0.8644031156701641,0.8541873119499744,0.7804134160746243,0.8453201408630567,0.8599824714119987,0.8764345502955369,0.8512532839749334,0.8650896099229272,0.8563377139440597,0.844970267946675,0.8461465027085749,0.8273127854468557,0.8805997442903545,0.8367037881055642,0.8446985820991588,0.8217566454257262,0.8723857485334333,0.8556455458496688,0.7972484450910334,0.8274208494664116,0.8246951715619538,0.8575135252569991,0.7905250352153721,0.8154025861093649,0.8457341998797474,0.8160182997736527,0.832135523798455,0.8451133837162783,0.8698472319526009,0.7883532602842589,0.8457104687500766,0.8590124718393068,0.8459847526974924,0.8609020801819594,0.8461704251266552,0.8323062181503592,0.8605266487335523,0.8764558841120768,0.8789903823556344,0.850140131470687,0.9999999999999998,0.8209900517958246,0.8171400740823754,0.8178074967433483,0.8434549488450491,0.7659538688415428,0.8189469449302073,0.8725171831906422,0.8313854281226635,0.8592313996417525,0.8052139371584234,0.8640153126424288,0.8338298070209001,0.8312126998840615,0.8630414485172354,0.8027003912679808,0.8401990671801417,0.8380230815905256,0.8623835570042768,0.8452193770850025,0.8010445536613692,0.8531888464161086,0.8731682551652642,0.8529231915349976,0.8179069112536407
TCGA-E2-A1L7-01A|104e3cb5-c6df-422b-a55f-6b19408594d4,0.8455990483673139,0.8836940636500807,0.8802811701239409,0.861625399603184,0.8822466857007499,0.888095915468424,0.8706766786008953,0.8522862437154399,0.8578323853573767,0.870710773591724,0.8696458364464568,0.8574490095383343,0.8734960323869692,0.8576849183823256,0.8639616418491404,0.8657873373637445,0.8760778757546642,0.8550286598064247,0.8767549996266255,0.8604079181711097,0.8645964461936573,0.8728528374099328,0.8863365348796868,0.834281002105199,0.7384418384546623,0.7757890872578243,0.8600688918286821,0.8243159987723016,0.8548963033805225,0.8728412222186572,0.8364178656288053,0.870815858718115,0.8580563539753239,0.8749057662195546,0.8408931527721745,0.8743021301295194,0.8543321160888756,0.8437073329818674,0.8587830137059705,0.8786967157642577,0.8632052284186803,0.8426106343329889,0.8858611725237558,0.874374652862482,0.8634650972821233,0.868354435643678,0.8685849733262473,0.8650132897132861,0.8514249551095698,0.8602689164774495,0.848147567505473,0.8699481560483411,0.8715676351020056,0.8379126656826684,0.8851572260756773,0.8700862592063563,0.8704653835354211,0.8885589460422615,0.8432700014956909,0.8811094958995391,0.8683460214189103,0.8551269598012691,0.8618431131391323,0.9122833583672386,0.8740010193591793,0.8717413009416148,0.8613058391507358,0.8829615097923371,0.8749466147813284,0.8456160231370331,0.8777264898404532,0.854592604878943,0.8593515885024725,0.8755083677033731,0.8893174752030752,0.8854773059952832,0.8643561997301614,0.8423399572750507,0.8823680427359186,0.8749167986890053,0.8736095836192084,0.8593817165649589,0.8516460935984798,0.871528570604842,0.8643947000818782,0.8677484498918274,0.869939522710355,0.8682213215918316,0.8209900517958246,1.0,0.8518124090026504,0.8478759822600569,0.7925819714797726,0.8079465295762797,0.896559352404007,0.8740272391085363,0.872909800588323,0.8772544443082977,0.8455410446110068,0.8486358355867311,0.8782395889007376,0.8433400070649235,0.8650491350062937,0.8519100483117343,0.8551329926008795,0.9204968202434127,0.8648160084225384,0.8802322575795575,0.884745069012956,0.8616834100185445,0.871158919065082,0.8723534930352201,0.8766893892521458
TCGA-E2-A1LH-01A|e99a371e-14fa-46f7-89c1-ad36bcd82994,0.7618182102850369,0.8849467474544359,0.9095850405101925,0.8862769673611984,0.8974167731636168,0.8908926807092729,0.8943716593555515,0.9043332096221008,0.8564698048800935,0.8277281312931187,0.9099165926327089,0.914758451530004,0.9174204070677744,0.8868266244795582,0.842709182288921,0.8787306084972102,0.897794461961923,0.9019719827751448,0.9108643577330575,0.8276784080038063,0.8771435968366669,0.9028038773156654,0.8696882486728885,0.7928248125531281,0.6661452692512165,0.8503033769494305,0.9042508653707607,0.8254104557120255,0.843045314425408,0.8957409521243144,0.8433243255165561,0.8862478643863948,0.8461328292827285,0.8657088177596819,0.8482439106161238,0.9221177560057574,0.8792000668369647,0.8636322006635355,0.8669488400478775,0.929646930045185,0.8774352324837338,0.8800107510401028,0.9023651452051271,0.8953086589060852,0.8722781355409178,0.8798702120197628,0.8493488246321638,0.8598028255017335,0.8600435915024355,0.8386902057065585,0.8881418912398538,0.8926381016195537,0.9074468078300327,0.9029498888760373,0.9127731639031458,0.8805655867534091,0.9093614387162526,0.8906350123687694,0.8528017282551712,0.9233603441115957,0.889057218811014,0.894224198667644,0.8808438173007336,0.8377558707198673,0.9176948197600869,0.8764403753463741,0.8866561868341707,0.8970545133012974,0.8885428066666641,0.860026230456602,0.8856050436966227,0.841617881126018,0.8771926829199276,0.8492756232534631,0.862511336287241,0.8540973947274015,0.8621710057086,0.7988001154623906,0.8724373561678928,0.85522238033159,0.8968265193125996,0.8754427972278486,0.8846069988113026,0.8932136765826879,0.8742959584186184,0.9094020442777617,0.9064073436501848,0.8828639829530768,0.8171400740823754,0.8518124090026504,1.0,0.8472568979087154,0.8274090898248296,0.8689643055110308,0.8826346650141168,0.8906454523840185,0.8796062613798415,0.8849513637964421,0.8794278579163828,0.8762665198290861,0.9046159118250504,0.9152104781111383,0.8917164518276398,0.8802772800047782,0.9486854946265837,0.8467127272114977,0.8440378154221289,0.8951990439601851,0.9070591498174295,0.885768859157296,0.8859120493284739,0.9116087045751756,0.9141268891477583
TCGA-E2-A1LL-01A|1b98fd3e-d3e3-4ecc-9fe3-02600177efed,0.8014821560326936,0.8814562996871368,0.8816786246962037,0.883362154609213,0.8870244480430303,0.8697296805964692,0.8778832204579647,0.8750505296768791,0.868475598231973,0.8477557335640207,0.8563922079886248,0.853802713456204,0.8726269500660829,0.8677807620922435,0.8541571661115472,0.880280268449368,0.8811344017114079,0.8765750377310864,0.8917780954237337,0.8403159098348244,0.8690494289424323,0.8597946340490068,0.8591107521015267,0.8349840674632764,0.737138648180545,0.7962773845678728,0.8429456487070659,0.8311794021202894,0.8413029815531193,0.8784070223947148,0.848417857830247,0.8836681072898376,0.8659938494187102,0.8777724094211179,0.8472722737597358,0.8719938121890064,0.8695938188931152,0.8633983828357871,0.8310245154264618,0.8771617655381837,0.8739065098925671,0.8514734138734481,0.8755300974407152,0.8512230610101759,0.8492502648314493,0.8557531508930722,0.8612894193495148,0.8804259630878698,0.867504595637025,0.8458679023610703,0.9134126128090648,0.8431161801870598,0.8718311449285844,0.8480616832951443,0.8991265524250284,0.860169970728959,0.8666385650457653,0.8818318382204121,0.8531817556965797,0.8713761910882312,0.8808867223391833,0.8678941098837843,0.8672515829533919,0.8598707048284845,0.8774234018792877,0.8496089117294026,0.847401245053377,0.8538994917346449,0.8837532961983816,0.8551913011372438,0.8615184890961795,0.8601353220873985,0.8500297455344675,0.8569405893494881,0.8828687184377298,0.8839016879239261,0.8491545465402275,0.8242830427544034,0.8644447077697955,0.8740120291071576,0.8620213851355487,0.8746170118287996,0.8631231362981503,0.8592652526570195,0.8692974444780225,0.8473482514963713,0.8568107124338078,0.8810540493744072,0.8178074967433483,0.8478759822600569,0.8472568979087154,1.0,0.812400394890913,0.8639655691358761,0.8529405810149029,0.8830843768455585,0.8886263500182573,0.8746578890547239,0.850619186179269,0.8618184519198844,0.8434244943393745,0.8425538086956424,0.8736874956121924,0.85765234750719,0.8579126045764229,0.8566126327415672,0.8324287598327539,0.8479610328702808,0.8433282408227906,0.8448428717599948,0.8569466754770761,0.8638217124912553,0.8662560877471065
TCGA-E2-A1LS-01A|5755f322-5df5-4b88-9c79-640167775c12,0.7618552417437495,0.8299478270994456,0.8277929642587069,0.8345568494812615,0.8402283881193866,0.8220496000881207,0.8541131094629885,0.8607551226530621,0.8342708334000305,0.8492147695078985,0.8089909568670791,0.8288852468774291,0.8155191930111427,0.8505188314162556,0.8509947564032729,0.8107408977540664,0.8297653964134546,0.808319432224654,0.8265291159661223,0.8392865026027104,0.8286157172943825,0.8297558324004111,0.8135671058476542,0.8089621844340342,0.6998124097838334,0.7078552246264801,0.809610708031105,0.7495153574837371,0.8519442689853094,0.8357615429077562,0.8265152053490114,0.8483762557773971,0.8431931993865992,0.8404989088680397,0.8291665266519604,0.8431403290428751,0.829896923117502,0.8527768354091145,0.777800537489803,0.8533386855603714,0.8599998964667409,0.836552676946655,0.8743663858671745,0.814070704520505,0.8291578619999147,0.8197831160204048,0.831272340301302,0.8456009001011545,0.8534389467630312,0.8108092950142898,0.7750870333636676,0.8191547192519743,0.8167743151573504,0.8436597051481817,0.8296219970525542,0.8357672391586396,0.8519356321242515,0.8356344234343014,0.8281098658976583,0.8460371644213907,0.8535645829828776,0.8763834138803739,0.8210571382533756,0.8081838701020514,0.8478644613013204,0.8097816425493743,0.8117299735906267,0.821822952683219,0.8385708839445707,0.8636097947401241,0.8212040260566003,0.8142367358946139,0.8366168938010263,0.8443523653938434,0.8193377498512071,0.823269434700923,0.8233421419872818,0.8138480837851192,0.826137686817949,0.8167221733837511,0.8254225534806111,0.8385182385474476,0.8242732295576327,0.818608600806792,0.8655375154590496,0.8390197249340875,0.8637486778365608,0.8482441235640215,0.8434549488450491,0.7925819714797726,0.8274090898248297,0.8124003948909131,0.9999999999999998,0.7722860574079157,0.804496155913218,0.8564027096926274,0.8148026740187788,0.8384936051435243,0.7902580341952601,0.8399503099661273,0.8055484206137993,0.8350538676903428,0.8593734508277548,0.8180223683587696,0.8285887809925134,0.7983412461219107,0.8100966811411797,0.8353410192798028,0.7988608382270205,0.8367334408787439,0.8146169552945418,0.799867398446155,0.816246507664393
TCGA-E9-A5FL-01A|c1f3f326-e99f-4811-9665-d15d6d8a1c33,0.7413669354988582,0.8327958005114096,0.8334217416375169,0.8508268519819894,0.8305322233570067,0.8276727169781607,0.850766833912265,0.866541230762072,0.8186252808610606,0.7898895719731389,0.8352116763324883,0.8399863035179593,0.8583708607620393,0.82432038270161,0.7838315176467211,0.8408333621967176,0.8460501624911513,0.8838412844167285,0.8646361703828946,0.7612735979896245,0.8162630973543323,0.8050360948538338,0.8240816989153756,0.756197069416685,0.6523904955131911,0.8616178676433933,0.8362189486816617,0.8307452542381085,0.8026502265108347,0.8462757857765989,0.8265404489613445,0.8309592570850048,0.7918484618495394,0.8266214142525253,0.7936358983501061,0.815640998298361,0.834259084265825,0.8066446436966296,0.7946695990566216,0.8603648697332181,0.8411754150642639,0.8658732239436138,0.8306003007002518,0.7962472873227121,0.8142613858294645,0.8058170395392144,0.7924344477192449,0.8030493822794067,0.8048605535346892,0.8045002861839331,0.8816223680263935,0.8123256850721193,0.8527396026405336,0.8294644608170146,0.8696068455734718,0.829220897385178,0.8285777506231675,0.8364279833919951,0.8356901699245628,0.865612189907284,0.8184371120079287,0.8521774752076776,0.8132846638579215,0.7978778110516098,0.8400594712717527,0.8044218784982415,0.8630344868642372,0.8206336676730873,0.8638938558684416,0.814454932055359,0.8404316382056142,0.8263073997440957,0.781094257237295,0.8099683062767271,0.8235719876784994,0.8244989525374503,0.7850558149690311,0.7672766695820661,0.8028033657728542,0.8054669379008836,0.8245053401055527,0.8042329592486575,0.8074826092871807,0.8030961644977687,0.825372622889598,0.8359258964798102,0.8104859171091299,0.8172873844606563,0.7659538688415427,0.8079465295762797,0.8689643055110307,0.8639655691358761,0.7722860574079157,1.0,0.828061092251123,0.8250198201285834,0.8348916314870004,0.8391603445490321,0.8327520330014214,0.8375743883260789,0.8240323563087386,0.8428912572495446,0.8292155671811305,0.872010089558357,0.8695494588102873,0.8015814184596738,0.8013455935085997,0.8198954830434031,0.8514002900718275,0.8118532657445126,0.8266389157821479,0.828420778351039,0.8604887352403751
TCGA-EW-A1OV-01A|57044315-cc7f-4677-90fa-2e959740bd9c,0.7924018460560125,0.8826479671338595,0.9042924468059375,0.871519321625052,0.8937461173717217,0.9019973171056799,0.881286769351603,0.8766658074508228,0.8666792879956626,0.8685892990273788,0.8850479052242104,0.8705683757462412,0.8987364948818785,0.8615764314895401,0.8813895754714812,0.875523442254048,0.8859975208742507,0.8745713832550776,0.8974139809693636,0.8667092134741313,0.8700755300055616,0.883272399561279,0.9175902765274361,0.8210570307033259,0.730276942963675,0.8154077772144708,0.8801991391313028,0.8411804026757471,0.8453538546589285,0.8930743203094602,0.8482983906361523,0.8750204495238455,0.867810878501072,0.8719514191885953,0.865719151269867,0.890968608775167,0.8756320787162652,0.8515041723464447,0.8975608151514332,0.9006888133678412,0.8747071529341315,0.8587600954051379,0.9051574312778211,0.8979755470233753,0.8703802779468507,0.890450699123424,0.8885517943499226,0.8626755875095249,0.8552722097079822,0.8517056069420733,0.8744046036666744,0.9045518832144613,0.8748068695056773,0.8426367841673095,0.8973807015397436,0.8870961765231956,0.8887153036687321,0.9033978572029869,0.8565148598763244,0.9111954736469995,0.8723641226174755,0.8678690158829688,0.8714709989015528,0.9042969691409479,0.8897480342913882,0.8824379426053097,0.8838334318372625,0.9158559555147664,0.8906540212732761,0.8433007471280817,0.9061030145462102,0.8600473448608332,0.8689078505072582,0.9034123826912355,0.901131171103566,0.8880059311583675,0.8632978955731768,0.8534502677402666,0.8899641813986612,0.8709805257927252,0.8934997109707328,0.857379124765838,0.8526153930304173,0.8839691683221678,0.8726704676658621,0.8746783775733233,0.8859060399839732,0.8833057704084176,0.8189469449302073,0.896559352404007,0.8826346650141168,0.8529405810149028,0.8044961559132181,0.828061092251123,1.0,0.8822686117089024,0.879383325057109,0.8980715408024977,0.8717978966174341,0.857258985910154,0.9043558302506051,0.8841367308649917,0.8686443715076579,0.876422859470362,0.8849731738998906,0.920841724301671,0.8578280459994618,0.9128120149391423,0.9196796254115166,0.8740141639101531,0.8710913323698016,0.8936981407259539,0.9178850120819184
TCGA-EW-A1OW-01A|7b738087-65b1-4c6e-94c4-d0ba6bb17098,0.8352432349405567,0.914204850414671,0.9269918268526359,0.9077241886292718,0.9363050464442341,0.9199244986953989,0.9183099322027695,0.8986919273944697,0.92044921931665,0.8758975381758891,0.8979703117616799,0.9149484234199061,0.9303753574785065,0.9294327476660094,0.9057047460746694,0.9297020443713143,0.9264693205976805,0.8882423841643534,0.9227741280492565,0.9069093055103857,0.9104114724966829,0.9259311325731449,0.8712446655235824,0.8768550281497768,0.7766388763905998,0.7926943454990094,0.889351033191181,0.8524483243161982,0.8914654894220962,0.9013552119601923,0.8776297040215171,0.9257775966460766,0.9062939684676103,0.9202577366830481,0.8694229041916198,0.9400093967166957,0.9002022117260448,0.9216867085935531,0.8599447808919876,0.9295591915330014,0.9282903278726052,0.8686949084551907,0.9346054320107313,0.9245705430623368,0.9022679116409789,0.9041093397175307,0.9029118284743517,0.9367821041349575,0.9169563683129166,0.9129160148425596,0.8712255820151213,0.8950432592273495,0.9336473114185095,0.9041177738236538,0.936629827755525,0.9042953215110464,0.9276881254762616,0.9440159158272643,0.8606150487112907,0.9220876750337135,0.9486008438491017,0.8966771296803584,0.9133398413993472,0.8850978158213262,0.9207026009782608,0.8992481965444146,0.8620761529987057,0.9046892438006321,0.8930416848134446,0.9036099803903602,0.8648827677437058,0.8484820041556081,0.9030737326513892,0.8745513606290383,0.9038511872628697,0.9037139640631643,0.9244524473828744,0.8457329184351767,0.9269468587413396,0.9145770770184932,0.91857723698574,0.9390574615866619,0.9170289611477976,0.9134602188376751,0.9105770571070222,0.8974258761562941,0.9092717869762582,0.9195596783363115,0.8725171831906422,0.8740272391085363,0.8906454523840184,0.8830843768455586,0.8564027096926273,0.8250198201285834,0.8822686117089025,1.0,0.9048997611760178,0.9283746452269296,0.86476995545435,0.9165308618942645,0.9122398480932766,0.8847848923316489,0.9284342916046322,0.8470427320721462,0.9041092150749018,0.8913544834693192,0.8835252523764071,0.9094936805747705,0.8662229012503888,0.9183621010443203,0.9060686406712525,0.9129698686389188,0.9052193400468976
TCGA-EW-A1P4-01A|86b68671-beef-4a15-aabb-89d79396fd9d,0.8134898355218148,0.9183657010968982,0.9174155169535385,0.9040825842305034,0.911723049495984,0.9061357162462068,0.8943720640828086,0.8761430584018358,0.8963951901870454,0.8444985773492881,0.8847498137577938,0.8736702225718448,0.8975997549936215,0.8788354838852482,0.8800842346524219,0.8987032156550387,0.9052186629178847,0.8979930359882399,0.9225855835002043,0.8711299328512143,0.8927228868320565,0.893688216273359,0.8750953226350427,0.845646433094588,0.7570349518331826,0.805585430843219,0.8902462344350216,0.8370794247193788,0.8424268085094947,0.9078561892820596,0.8509738504159664,0.912733031411033,0.8819487077259432,0.9171233036589627,0.8716945733661022,0.9114386817841442,0.8993956670549059,0.8815169873671486,0.8761380523231735,0.9093129062530746,0.8757912580060823,0.8567076298982728,0.9062954238772548,0.8910033713918051,0.8844998507887637,0.9026155983584594,0.8899596235492131,0.8984520323419077,0.889052951891537,0.8688774140022647,0.902569736557322,0.8828467418320343,0.9054991031967922,0.8618108667873686,0.9181855765158193,0.9017625596265629,0.9009294129506844,0.9100592332906952,0.8453305307131758,0.897252059198996,0.9081758113416867,0.8789834761951392,0.9047377400149135,0.8706099514530126,0.904373993483805,0.8898463203008286,0.8445218448298384,0.9026450581251253,0.8889185706594506,0.8693766077701152,0.8737313271900838,0.8527140534959697,0.8979312381183108,0.8462470507697062,0.8997186863049124,0.8946000310889104,0.8937775436121217,0.8273497528525817,0.9047518194048828,0.9086784673337968,0.8956996792595078,0.8971332443926772,0.8898175795033673,0.9087111033529472,0.8908016176523486,0.8802430402165546,0.8816431213806356,0.9007433425952899,0.8313854281226635,0.8729098005883231,0.8796062613798415,0.8886263500182572,0.8148026740187788,0.8348916314870005,0.879383325057109,0.9048997611760178,1.0,0.9071431777872591,0.8871553203985284,0.8808674868659131,0.8901755641282708,0.883780271320054,0.902585174855069,0.8506740275962655,0.8802954594389445,0.8778274409529021,0.863913908092894,0.880256775718278,0.8820306322864042,0.8795143049541404,0.8821530949666346,0.9147308938247684,0.90017772351841
TCGA-EW-A1P8-01A|c15e9ead-0373-486e-a99b-26b96bd3ccc4,0.8257215167892278,0.9166048956096887,0.9213945934837888,0.9160067145460301,0.9303210528467062,0.916721317230989,0.9153582311358508,0.9113775659613244,0.9151855315252345,0.8664893660072353,0.9036247316255638,0.8997398021745947,0.9125889750784971,0.9087568132087782,0.8890794186481584,0.9113676860863387,0.9211032838605111,0.9188769845877773,0.9317904696379344,0.8868973699775623,0.906574355495243,0.904762569822821,0.8857794239361988,0.8625200903511561,0.742962560773856,0.8113350608681229,0.9123052395373068,0.8424640847904945,0.8751131563889597,0.9035777343909942,0.9020314710809253,0.9177577232556006,0.8931835934694998,0.9132585701309053,0.8806494563804991,0.9127515267490846,0.9171017146629417,0.9038640265994753,0.8884221098935408,0.9325206631641813,0.9024178932230209,0.8896364841061506,0.9271938635494044,0.904801435364272,0.9064033080636272,0.9110485890212487,0.9161149474834853,0.9222666038004338,0.9139204892177679,0.8804798494850522,0.8771557092946131,0.9009520561673735,0.9145203321485186,0.8900450380554151,0.933801950357682,0.9278311209627247,0.9128925032184508,0.9307472051668193,0.8801928485676824,0.9205731314332429,0.9144901657527841,0.8959045049851193,0.9112133631923208,0.8783456978356464,0.9176222125584343,0.908708637165908,0.8718111196630068,0.9215468486952497,0.8931728990924366,0.8757160216062186,0.8746301073911386,0.8630225531030018,0.8967351351420046,0.8686798302406992,0.9007595094643667,0.9003784240603334,0.9067275024460282,0.8379235931888452,0.9250277671479559,0.912034782328169,0.9134981145465675,0.9050328823737915,0.880644902645883,0.8989170224106156,0.9179277001863061,0.898536743629076,0.8976723376679052,0.9212248793672974,0.8592313996417527,0.8772544443082978,0.8849513637964421,0.8746578890547239,0.8384936051435241,0.8391603445490322,0.8980715408024977,0.9283746452269296,0.9071431777872591,1.0,0.8954806617995443,0.9013308406028386,0.9009403800213424,0.9044166771729035,0.9121207706900188,0.8663466255081622,0.8985842296517824,0.8969276260720508,0.8750640901214795,0.9037882818889228,0.893615038001058,0.8867463985279969,0.9011032972735369,0.9105126958391292,0.9122551803051966
TCGA-EW-A1PB-01A|2081a155-9d2d-41f6-b243-68a12e9b342a,0.7540130246215606,0.8732666331890087,0.8986874782868521,0.8966161959676372,0.8857676185254036,0.8826258829324575,0.8775151925789941,0.883206430847529,0.8494171262315972,0.8125590253461544,0.8951674250391837,0.858210832139849,0.8755387884761966,0.8553510377698053,0.8304484011349966,0.8671454911948911,0.870416395204852,0.9058646575784111,0.9096811014155606,0.8232061380495771,0.875642924547087,0.8713011185678635,0.8649591340026271,0.7987682185033864,0.669154895167949,0.8156751621953974,0.9079374106690898,0.800163447914427,0.8263551624433857,0.8720799950151108,0.8301430163614706,0.875005320804414,0.8366110580290944,0.879870017018323,0.8440849587024065,0.8725813683510106,0.9081116430721513,0.8514121985237819,0.9014460581144779,0.9020947233745921,0.8353200727388577,0.8562491382104802,0.8738630898172797,0.8551919746411437,0.881847731815035,0.8874497977238189,0.868618342000795,0.8587327673235856,0.8576035793208824,0.8083116945283554,0.8808932757568008,0.8761816822255756,0.8760037258084017,0.8486564678672455,0.9077054787961328,0.8978314924148443,0.8863255287619093,0.8726722265454221,0.8558022947414252,0.8914600891249964,0.8576217551744868,0.865411345961744,0.8814715095128833,0.8394603480015849,0.8967622245987761,0.8783143141233637,0.8417573443676138,0.9053422934557369,0.8666702879429372,0.8219493812870332,0.8713102519118892,0.8560043031881097,0.8785543871175677,0.8241566922615949,0.8600137502388971,0.8559814197381508,0.855388716943239,0.805710069114621,0.8804596407636417,0.8760789410509537,0.8788515073605816,0.8512372371374403,0.8316024644122331,0.871823326610955,0.8792192550036552,0.8838633425418545,0.8607073626219641,0.8831848346254636,0.8052139371584233,0.8455410446110067,0.8794278579163828,0.850619186179269,0.7902580341952601,0.8327520330014214,0.871797896617434,0.86476995545435,0.8871553203985284,0.8954806617995441,1.0,0.8587475575896503,0.8656566946926435,0.9037783598836625,0.8727859233640621,0.8584922402001345,0.8765326164922996,0.855061222253298,0.84471688542194,0.8670315565723917,0.8977923799652867,0.8378391053320349,0.8712110698548748,0.8937978178904818,0.8778101094426889
TCGA-EW-A1PH-01A|67317cce-4a8c-4313-bb26-4ef7759071b9,0.8255661152832954,0.8897395891404525,0.9071513738021822,0.8943551963715316,0.900490016970266,0.9052710634887242,0.903473641817241,0.8993362417990476,0.8966960762987577,0.8461409801100045,0.8648912546826804,0.9035159539709895,0.8977464970667303,0.9091351111121386,0.866351919146745,0.9050128205706923,0.8829513428498534,0.88987451996647,0.8975486761979352,0.8763856397834752,0.8978282656600761,0.9050930081242132,0.8532051956291541,0.8629483552723872,0.7501046198988425,0.7769249273951856,0.8823869691895024,0.8122724079944784,0.8758151969417884,0.8773708934626923,0.8729478400123014,0.910196972797671,0.871818598966954,0.8987374366083143,0.8345750203873323,0.9106095505490179,0.8967915339994591,0.9031703889112529,0.8485817712311556,0.9080241648551167,0.8837134163222479,0.8605233902224058,0.900836687550218,0.8877997823127733,0.8880053923227669,0.8704057283713938,0.8754344659871953,0.8990481592444158,0.8934018237726961,0.8756756050400051,0.852988383097581,0.8711591665657413,0.9082002398737661,0.8989069132392374,0.9170010464724229,0.8980700803320438,0.9048253763965545,0.9031533702023132,0.8733816075026891,0.8993025152440312,0.9218703859709748,0.8786195497483943,0.8938218280242001,0.8621762860660143,0.918048812783502,0.8956442464514026,0.8344197848271265,0.8776172173530377,0.8788735993640319,0.8883237326213272,0.8457335826381739,0.8474751489852017,0.8906184936153748,0.846408220565348,0.8802491232686027,0.875476062056606,0.9079960655341828,0.8349869321915893,0.9021005992759983,0.8922546778327763,0.9052687777701305,0.8963830852242078,0.8826332000262825,0.8805766146981525,0.9018405415731955,0.8959134218224258,0.8988006699670734,0.8971718144327063,0.8640153126424288,0.8486358355867312,0.8762665198290861,0.8618184519198844,0.8399503099661272,0.8375743883260789,0.8572589859101539,0.9165308618942646,0.8808674868659131,0.9013308406028384,0.8587475575896502,1.0,0.8769049072615903,0.8766748581879368,0.901343622906063,0.8426884418394709,0.885907522263019,0.8687717693446267,0.8623913526408352,0.8781404792696536,0.860477891767424,0.8820112574596656,0.897643664075544,0.898342997757974,0.8683971253040306
TCGA-EW-A3U0-01A|03a1a105-4856-4e5c-b537-508bdbda50b5,0.7946355494638624,0.8948215304969358,0.9098721916958481,0.8758028547900372,0.9139480757809028,0.916326122926838,0.8817895992228094,0.8660686459761888,0.8819039370219284,0.8637313015849657,0.9008163273757883,0.892675147663854,0.926932930715007,0.8826234021876784,0.8823045782860846,0.897721982489225,0.9089485322435048,0.8728212589149216,0.9030803736927385,0.8819548915608338,0.8700539106018855,0.9049685923046672,0.8752403254566611,0.8370071400645056,0.7343345366086225,0.8155887808452795,0.896589596158545,0.8401405224989685,0.8468269343227038,0.8979510868818198,0.8582463436941824,0.8947794964531661,0.8662573922703675,0.8836880857542629,0.8694932242314066,0.9164783743151315,0.8733653443902695,0.880362164087292,0.8860338050057948,0.921164318108771,0.8877744096396335,0.8442168223932808,0.921200164840113,0.9209505197737698,0.8809321710094106,0.8963038290566394,0.8846829378180371,0.8790000594432069,0.8651051047888337,0.8823781423825855,0.8722443187448895,0.9207770193491316,0.9119405138571295,0.8562222119369608,0.9075090324093908,0.8912772291961149,0.9140638016456477,0.9249032013827517,0.835498310258735,0.9140474897059825,0.9011044990864834,0.8641316523642304,0.8868975901580761,0.8720711568350372,0.9040525087848258,0.8880302494248669,0.8825181386625571,0.9258477281315607,0.866674379864372,0.8562335122407213,0.8734170644670741,0.8313335187282996,0.8823088185075563,0.8652705795706517,0.8847834370191424,0.8749586714177049,0.8909068970431165,0.8162859898739816,0.9045618635778675,0.8802694547256579,0.9052783828163921,0.8879923128096534,0.8771857608925249,0.9056699779195035,0.8726914679272689,0.8903223810054886,0.8964975363838676,0.8898055383619385,0.8338298070209001,0.8782395889007376,0.9046159118250503,0.8434244943393745,0.8055484206137993,0.8240323563087385,0.904355830250605,0.9122398480932765,0.8901755641282708,0.9009403800213424,0.8656566946926435,0.8769049072615903,1.0,0.8833782024188568,0.8906804784646618,0.8449149441365459,0.9056332630368674,0.8905307662847047,0.8848789978636922,0.9324952826586959,0.9005866997845466,0.90006958518322,0.8926014007994091,0.9130345815127993,0.9366885371743912
TCGA-EW-A6SB-01A|83f2e26b-fefd-4027-ac5e-fa204ec9f084,0.7823411668997121,0.8965262901364711,0.9084396524905515,0.9041648423496059,0.9001901367674043,0.8793864602309542,0.8900645633978785,0.8932352892830767,0.8542167439971353,0.8124749169146439,0.8955948600492456,0.8918180327345075,0.8888730818573176,0.86201516534737,0.8340349266346192,0.8598472849600455,0.8745316081327477,0.9112359940926237,0.9100921574969557,0.8441656937589401,0.8927231525598325,0.8819631146517202,0.86310199147441,0.8154071622364617,0.6772190724499614,0.8290996261521203,0.9251255165187021,0.8146416227968916,0.8473346502643713,0.8732623143949472,0.8650303010582495,0.8945146431943163,0.8448898853440958,0.8733860522355137,0.8304121388276001,0.8932270351321371,0.8965296526012563,0.8769061282658953,0.8805703368267912,0.9286943071751229,0.8658580897905017,0.8912809904883499,0.8926425828898455,0.8685272948056062,0.8972693365972271,0.8952079258540162,0.8517716803934301,0.8750772053858554,0.8648803767213191,0.8232901241992625,0.878535104442393,0.8959364448524482,0.890308258960651,0.8818745021083543,0.9070834289956754,0.9224209768957133,0.903038832158587,0.8674096701610623,0.8689750200431781,0.9103989401808522,0.872079383880643,0.8794579982668009,0.8787514688250387,0.8232840550557324,0.8996484862136187,0.9019922526249072,0.8603972910725642,0.9079126940292459,0.8807163988632992,0.8570591532860262,0.8780390459938653,0.8350562687672506,0.8857143479175171,0.8297666062587091,0.85295051667242,0.8639623488815635,0.8608509593852276,0.7978098193259199,0.8640386185852079,0.8706636066739969,0.8858612703875384,0.8602936302531351,0.8350175373841133,0.8602705868696967,0.899343085998329,0.9034858845694985,0.8892310081773839,0.8791042229703854,0.8312126998840617,0.8433400070649235,0.9152104781111383,0.8425538086956424,0.8350538676903427,0.8428912572495446,0.8841367308649917,0.8847848923316488,0.883780271320054,0.9044166771729036,0.9037783598836626,0.8766748581879368,0.8833782024188568,1.0,0.88654374979096,0.8718325049579996,0.9097151831736852,0.8521711784628119,0.8692678582802218,0.8932668356480296,0.906664104777653,0.8510544685471634,0.8875381687457701,0.9102534393440403,0.9014895074099584
TCGA-GI-A2C9-01A|3e0c80d6-5091-454c-ad27-eb513cf6f45d,0.8254206821189023,0.9178258753707882,0.9150499032985393,0.8915428322696539,0.9135202111705635,0.9086036694214336,0.9103137711373848,0.8910993156991018,0.9043278882209589,0.8770300785896288,0.9003597436447907,0.8986317310213018,0.9090681044483614,0.9258190825928542,0.8973918947773155,0.9072513893695372,0.9134837745412958,0.8901422278385936,0.9104202947025843,0.8853904930371559,0.9053419226693782,0.9180903228160602,0.8675855429972213,0.8638454648948739,0.7570398947589182,0.794878055202722,0.8931162877061832,0.831369055514354,0.875599063151644,0.9051364633198882,0.8707179846213076,0.9151076135839715,0.8925679662110504,0.917332964539228,0.8767619787544699,0.9384103324406744,0.9083358062594408,0.9029045504700827,0.8649997611410484,0.9209272905586815,0.8929615487447432,0.8528555404981358,0.9200240803865821,0.9018727207622046,0.8876367273195357,0.9082501457569316,0.8818167095183748,0.9192561557224262,0.913887468924379,0.8926113133185212,0.8645880273290499,0.8981167333834871,0.9190550272645556,0.9059912091084795,0.9188759318179233,0.9004744176431609,0.9365003440118806,0.9103638067990153,0.8506123304428705,0.9012164784836543,0.9358739030934895,0.8966461216863184,0.9093802456809482,0.8784159725318228,0.9148972908749671,0.8909724125573429,0.8636796736581038,0.9082153120744613,0.8855343239381883,0.8750030235986261,0.8657249111974936,0.8544827120957122,0.8962872094128362,0.8686104980771185,0.8927275940792099,0.8843009890785501,0.918652907345368,0.8413111349773333,0.9212453643539726,0.898584714711916,0.9092184946751187,0.9168078036486401,0.9232233602328194,0.923566421963882,0.9039036096243017,0.896282611495454,0.9057810478328528,0.9191597070666861,0.8630414485172355,0.8650491350062935,0.8917164518276398,0.8736874956121923,0.859373450827755,0.8292155671811307,0.8686443715076579,0.9284342916046322,0.9025851748550688,0.9121207706900188,0.8727859233640621,0.901343622906063,0.8906804784646617,0.8865437497909601,1.0,0.8510605960974502,0.8964329365759449,0.8761255651608548,0.8743591486636679,0.8997766892047558,0.8680930883434569,0.9184786172972673,0.8962583710924856,0.9076096678427944,0.8874423952020899
TCGA-GM-A2DB-01A|59bb8b6d-9827-4d5c-8714-cbc8ec3b8be5,0.7723542329281733,0.855707998637605,0.8671224131680096,0.8745233802759865,0.865633756787367,0.8451505483417844,0.8814683863880723,0.8939492703532713,0.8455818250149875,0.8245713257999392,0.8642470994415439,0.8656799559605038,0.8612699677955987,0.845146967770304,0.819889266001997,0.8385271940883959,0.8628057814857525,0.893155302266516,0.882406514142345,0.8058198966706233,0.8463919781336751,0.8448889003117902,0.8919940875108344,0.790543488789427,0.6634181893521749,0.8206242048965159,0.8534144617223662,0.8142194804256542,0.8444541965881904,0.8821359354347237,0.8600755033319296,0.8634070571488629,0.8413383044817527,0.8563533294948874,0.8215359904684771,0.84727087093748,0.862708856803646,0.845630785928799,0.8409520861783922,0.8864960660720078,0.8565911858646559,0.889569969447056,0.866527930601102,0.8321165543469464,0.8565305350918401,0.8443942462162265,0.8258771583755194,0.8303968469213997,0.8296304484501962,0.7976401038761457,0.8635365745212903,0.8473224822841818,0.8560566869532991,0.8520216984612717,0.8814405284017613,0.8659047969452712,0.8556785209800648,0.8535246286424885,0.8615224271547005,0.8829596373806174,0.8470461241832663,0.8813455807356935,0.8347381484097455,0.839568662408618,0.8690053043898329,0.8451042512204943,0.8771675344527595,0.8593423770123833,0.9098485069897521,0.8363673238146341,0.9106035777721629,0.8880211355597571,0.8331047847647638,0.8646103315830016,0.8806203154089295,0.8793024930887081,0.8189443684793762,0.8512627658714698,0.8423257972035757,0.8353010947432401,0.862454916550028,0.8339253124187644,0.8202602425685829,0.8304528733815424,0.8679844021782954,0.872583834384501,0.8505209054373938,0.8555608793565492,0.8027003912679808,0.8519100483117343,0.8802772800047782,0.85765234750719,0.8180223683587696,0.872010089558357,0.876422859470362,0.8470427320721462,0.8506740275962656,0.8663466255081622,0.8584922402001346,0.8426884418394709,0.8449149441365459,0.8718325049579996,0.8510605960974502,1.0,0.8835987487128514,0.8671861308583562,0.8352599477988819,0.8582846152723671,0.9102038009730469,0.8252915163622262,0.8584094190029903,0.8481127253512357,0.8678442133333839
TCGA-GM-A2DF-01A|842b0c9e-a03d-4074-b0fe-be8d0e056c7d,0.7793870859405776,0.886071821985095,0.9126022587061925,0.8967270414802477,0.9065823419345076,0.8912856071716458,0.903705751221822,0.9161460486837169,0.8720605241233433,0.8327498745820395,0.9151781973130256,0.9203223385044553,0.9221693221404628,0.8979723398323896,0.8511077707996517,0.8844427650519339,0.9014458605745347,0.9033503134387997,0.9144379484110953,0.8385448253092077,0.8926808111470546,0.9040221560548228,0.8789882252496495,0.8148117546873617,0.6902900953375364,0.8506806457896213,0.901712767603336,0.8435785506614015,0.8575966501285561,0.8961133924701737,0.8561926248276502,0.8939811052544311,0.856063931006506,0.8734962905324839,0.8532072247929496,0.91514535779016,0.8893423619303158,0.8700852840183495,0.8603884006952612,0.928790780031308,0.888030337899264,0.8844006069311552,0.9038457697324029,0.9022591238517864,0.8831111833059169,0.884199866756898,0.861545489329933,0.8734493231533431,0.8640461949917497,0.8527405911693865,0.8882238365933093,0.8953138368109251,0.9155758135919515,0.8990816437210953,0.9194322227003888,0.8820286611766089,0.9014176494951965,0.8955539241954013,0.8692274606663453,0.9208189988100808,0.8963803885614315,0.8978731906931067,0.8809089291499062,0.8483715456909237,0.9261900805988587,0.8880796078803185,0.8854498013444067,0.8938731907609099,0.8940244463705034,0.8660994911937835,0.8894588148477697,0.8545050686642877,0.8796207831126358,0.8571978944193177,0.8667855318439706,0.8695979821101211,0.8718185090724229,0.814599771774353,0.8878707944706699,0.869143172928676,0.9005642659396486,0.8897426972488323,0.8897488806610144,0.8870765610923285,0.8849291886253102,0.9142933311244132,0.9089957705747427,0.8843709442352277,0.8401990671801417,0.8551329926008795,0.9486854946265837,0.857912604576423,0.8285887809925134,0.8695494588102873,0.8849731738998906,0.9041092150749018,0.8802954594389444,0.8985842296517824,0.8765326164922997,0.885907522263019,0.9056332630368675,0.9097151831736852,0.896432936575945,0.8835987487128514,1.0,0.8590871589537926,0.8583103054856138,0.8969332413625806,0.9051068873123989,0.8816039025128446,0.8988141764776648,0.9107119575750175,0.9196847394057021
TCGA-GM-A2DH-01A|4ad2cbb3-5bca-462b-af1f-8a292c317722,0.8411010738567996,0.8907224749260788,0.8998384556879296,0.8701010871261233,0.8945469748661956,0.9041955602754992,0.8780185242888264,0.8606133465414358,0.8767586189179297,0.8704459665569259,0.8758716781562405,0.864341569770402,0.8811203371638746,0.8666455906536018,0.8789050750755142,0.8773905041438053,0.8814444681492788,0.8577209280708354,0.8853036071253114,0.8887510126945062,0.877881852245801,0.8902823698169923,0.9022534150037481,0.8520736860572585,0.7404149368642604,0.7543363976871615,0.8630332153070671,0.8145447907636104,0.871371653589686,0.8813310774476021,0.8569840840785902,0.8855640372099767,0.8762944733157402,0.8925392723006702,0.8464801480295562,0.8899103091682113,0.8727102270368864,0.8690849620773676,0.8788510262576926,0.8890387627314522,0.8694590982221538,0.8443773048967163,0.897963213585218,0.8970462406447791,0.8773154688581283,0.8847501307727786,0.8910787939063646,0.8826981624138075,0.8702484771096611,0.862188566839302,0.8498932731773521,0.8866461292330331,0.8747099018746409,0.8474753716523137,0.8950917910250676,0.8893211788990616,0.8858518754587172,0.9042483366740759,0.8547513328964603,0.8834267629758719,0.8886136075671758,0.85704205379513,0.8790224605899665,0.9159671552645041,0.8851997352760672,0.8903174643752834,0.8557385928342524,0.8991717887794854,0.8781448403938231,0.8546950295645885,0.8766113809765166,0.8716852703653153,0.8800239737951702,0.8899719999121645,0.9103330490098793,0.9056472441102881,0.8904482429753778,0.8568404542089233,0.9023980500397941,0.8869065437809204,0.8926698416989384,0.871401509321384,0.8551365272240494,0.8819594359049859,0.8831388585389209,0.8777514619610386,0.8788188920146883,0.8897174608594883,0.8380230815905255,0.9204968202434127,0.8467127272114977,0.8566126327415672,0.7983412461219108,0.8015814184596738,0.9208417243016711,0.8913544834693192,0.8778274409529021,0.8969276260720507,0.8550612222532978,0.8687717693446266,0.8905307662847047,0.8521711784628118,0.8761255651608547,0.867186130858356,0.8590871589537927,1.0,0.8725326328246317,0.8996382605357092,0.8929396421662098,0.8649608275843442,0.8848332487072859,0.8840088727960913,0.8788141528839982
TCGA-HN-A2NL-01A|7125229a-2fc6-402d-bd87-ad0d3195fd49,0.8674869629982896,0.8995238433549174,0.8762920511976595,0.88760089721861,0.8926918714974061,0.8718969495577139,0.8712265055135923,0.8469925354747397,0.8663762203312232,0.8266062567753372,0.8805061436523126,0.8675772416506664,0.8710315034572823,0.8579415119676588,0.8367424864946317,0.8642068589523044,0.8579200195796813,0.8673700661758913,0.872621842545969,0.8871650498548157,0.8653015139929692,0.8698359123669852,0.8409127638336875,0.8835490443345964,0.7476978606985839,0.7775645584930436,0.8844905660889743,0.8414755422875949,0.8857169097501664,0.8591543647943299,0.8734445328129935,0.8947913642711447,0.8667799380305927,0.8725909942831549,0.801821647748252,0.8656439547207037,0.8646595774923709,0.8599887329407931,0.8349768265708177,0.8874784993213359,0.8771527621836528,0.8606958456818811,0.8672818615318223,0.8574778606359539,0.9001969323468477,0.8651255490476734,0.8449365745007358,0.8800637624192807,0.8533188693301352,0.8852033084370154,0.8285128331505778,0.8833519887323888,0.8870971796259548,0.860981808944053,0.8717945302274249,0.8984260866653299,0.8749116013945238,0.8563478486977611,0.843548145836585,0.8679549243563635,0.8755716186229417,0.8572014240218191,0.846917643167868,0.8362060767967646,0.8719556049553087,0.8878293637060435,0.832447213610406,0.8741288965729461,0.8395814316699369,0.8639047168002031,0.8261731657801288,0.8162070615894662,0.8579940004918308,0.8292523308628318,0.852157125871584,0.8808414694711537,0.8741359116123819,0.7908367691924926,0.867048976699341,0.8777682101174388,0.8711604897062333,0.8645272864652566,0.8383982143626295,0.8398377563697935,0.8819381885426882,0.8827333447691028,0.8615362265800037,0.8539160401215022,0.8623835570042769,0.8648160084225384,0.8440378154221287,0.8324287598327539,0.8100966811411797,0.8013455935085996,0.8578280459994617,0.883525252376407,0.8639139080928941,0.8750640901214795,0.84471688542194,0.8623913526408351,0.8848789978636923,0.8692678582802218,0.8743591486636678,0.8352599477988819,0.8583103054856137,0.8725326328246318,1.0,0.8864302852229566,0.8515640541617606,0.8629841627483986,0.9016304385915699,0.883775748957637,0.8663318928005326
TCGA-LL-A441-01A|0ba26ef1-7b7d-48c8-a593-75504769791c,0.7962333790385826,0.8892431053836627,0.9052956784802427,0.8787941758877983,0.9133915700420282,0.9149904098245879,0.88351181438689,0.8727903412577198,0.8851998978728249,0.8909714909258956,0.8972620743584245,0.9004115851212773,0.9272545184135443,0.889734697515709,0.8860037937417723,0.9021520081527896,0.9017642199481527,0.8742120229345022,0.9072860815702086,0.8733377216602846,0.8709830059302132,0.9037094329229973,0.8787816589082563,0.8459849957900628,0.7232170865749394,0.811049470795467,0.8975617290310314,0.8402285170884831,0.8641633978072729,0.8986446779645446,0.8610405953890192,0.8910351614749796,0.8761736522811421,0.8905622597437862,0.8732280165050049,0.9164280493585888,0.8798479838555666,0.8682755022999776,0.8844466365519961,0.9238187853975334,0.8959571752045501,0.860969249781797,0.9257452700141553,0.9234954140005969,0.8757292663744775,0.894784222160007,0.8794865816343798,0.8874796261749469,0.8683078912610347,0.878779748475379,0.8657128184682542,0.9410357449729081,0.9094299807458083,0.8745651434370422,0.9021084682386289,0.9015205412845215,0.9123802381825435,0.91784241193325,0.8455196796831906,0.9152265035293848,0.9010123418565399,0.872602785913861,0.8823217875448159,0.8863532191267322,0.8947392827695972,0.8828090229253341,0.9085817250958755,0.9304036196561772,0.8750236258981916,0.8524423977559646,0.8731539949217807,0.8406658382543812,0.876520130602027,0.8939617258360787,0.8855913670211621,0.875076846011779,0.8899121560639212,0.8291048809442748,0.9012594613389842,0.8714331386230917,0.9015329379679062,0.8835305149931595,0.8746342294205526,0.9047946520180341,0.877784195978494,0.8813233029744922,0.9006212914750021,0.8994816176448149,0.8452193770850024,0.8802322575795575,0.8951990439601852,0.8479610328702807,0.8353410192798028,0.8198954830434031,0.9128120149391423,0.9094936805747705,0.8802567757182781,0.9037882818889229,0.8670315565723917,0.8781404792696536,0.9324952826586957,0.8932668356480296,0.8997766892047558,0.8582846152723671,0.8969332413625805,0.8996382605357092,0.8864302852229567,1.0,0.9091941961535469,0.9110129036067977,0.8823906182264758,0.9069139647908528,0.934788946117297
TCGA-LL-A5YO-01A|e0b65eec-7c30-4607-9cae-c8e8463c80c5,0.7718100929227548,0.8784409008337306,0.9045125535530503,0.8790961035867222,0.8882653491656749,0.8974626929173045,0.8903912337194552,0.8933358986784815,0.8520737047775353,0.8475387205970251,0.8994104827084589,0.8931715988776219,0.9042337225704576,0.8615182361247944,0.8521853830668601,0.8702480796056787,0.8940297621429476,0.9033648100623966,0.9132849561593596,0.8312010337265682,0.867616270203867,0.8843027886793404,0.9260058492796014,0.7940912244091002,0.6821967048418157,0.8508004794492917,0.9036317934980741,0.8353884438218254,0.8348176354789806,0.8963953642122339,0.8428271891378545,0.8747075284932267,0.8437093251699422,0.8680189500616524,0.8596441244938211,0.8867517786321729,0.8763076055892554,0.8441520369150047,0.8963181585568,0.9120277265787481,0.854573174909976,0.8689267747073228,0.8960807000926138,0.8861954818139696,0.8695778084785624,0.8799706406771977,0.8644684442640508,0.8483614596923886,0.8391862937951989,0.8236074706498933,0.8924194523552503,0.9044927103068884,0.8875822379161856,0.8592237545918984,0.9094037841760196,0.889513940341023,0.8859042834787306,0.8886244914640666,0.8628196942774126,0.9206019012845552,0.8649947729765383,0.8778446490332147,0.8683243953117008,0.8687389994981616,0.9011306983580301,0.8896009638115737,0.9047147608606695,0.912828255975649,0.9059628014394173,0.8266704513674002,0.9300644488854887,0.8759427090519539,0.8641674346966356,0.8805413788607569,0.8911435256894725,0.877448197072625,0.8505989125981867,0.8567536054629664,0.8801270497942905,0.8581989781724284,0.8940762703251036,0.849965618963999,0.8421216891431262,0.8787352947494271,0.8663655047566554,0.8919516968732873,0.8910979126963878,0.8796305273731121,0.8010445536613693,0.8847450690129561,0.9070591498174295,0.8433282408227905,0.7988608382270206,0.8514002900718275,0.9196796254115165,0.8662229012503888,0.8820306322864041,0.8936150380010579,0.8977923799652867,0.860477891767424,0.9005866997845468,0.906664104777653,0.8680930883434568,0.9102038009730469,0.9051068873123989,0.8929396421662098,0.8515640541617606,0.909194196153547,1.0,0.8667730347678213,0.877833910659405,0.8994546430132193,0.9168194420930642
TCGA-LL-A73Y-01A|8ca36e25-aabc-4bd9-9ced-a8d432ca0260,0.8043577114991194,0.8882847949333317,0.8957238279470942,0.8571890318637503,0.8958593935911642,0.9150645045360962,0.8921120041823065,0.8703077110814109,0.8872663262282443,0.8858670403286205,0.874784297604193,0.8929830719106038,0.9198185656902736,0.9088335323880571,0.8951682834952785,0.9046723548381704,0.9114387480911476,0.8532348427978584,0.8894712039047955,0.8780794135543819,0.8683435433730423,0.9000538581761071,0.8581060899533061,0.8436182388946474,0.7468594570288781,0.7953589786851302,0.8753731561820672,0.8397264731080455,0.8554927726108258,0.8906890645901665,0.8375630903678811,0.8922643310390984,0.8705133464654196,0.8942565863808842,0.8708783244546717,0.9321015237937672,0.8605191959040646,0.871949994373383,0.8522846632783363,0.9029015668708888,0.8831918555522263,0.8269899812513631,0.9164973944228971,0.9096498535591171,0.8507732910604655,0.8762098924948377,0.8714045883871692,0.8859181915110615,0.8842452933853087,0.9001074119594308,0.851036865121303,0.9066289381853772,0.9167791322898916,0.883735318471403,0.9000021058740957,0.8737277407428973,0.9237439233908913,0.9100634342105618,0.8316269916445967,0.8892256577983368,0.9260062893620987,0.8763546258506902,0.8852215121730499,0.8703514059420698,0.8920051969264903,0.8641953579542381,0.8825259985108517,0.8922573040190487,0.8681597983711988,0.8473685356885793,0.8533101041028569,0.8264311256412913,0.8657284805465916,0.8816872349078347,0.8744267336015974,0.8599486001773574,0.8986508817991099,0.8274964487426005,0.8996430934561185,0.8737251220068148,0.9019651929164745,0.8970208891478425,0.9204443120023467,0.9185827165255092,0.8579120321078024,0.8772940468259738,0.9066053616845668,0.8906505922073648,0.8531888464161086,0.8616834100185444,0.885768859157296,0.8448428717599947,0.8367334408787438,0.8118532657445126,0.8740141639101531,0.9183621010443203,0.8795143049541405,0.8867463985279967,0.837839105332035,0.8820112574596656,0.9000695851832199,0.8510544685471634,0.9184786172972673,0.8252915163622262,0.8816039025128447,0.8649608275843442,0.8629841627483986,0.9110129036067977,0.8667730347678213,1.0,0.8694036777464474,0.8999871631208497,0.9002310431566617
TCGA-OL-A6VO-01A|4a2ad226-ed26-4f81-af7d-9d8b6db7cdd4,0.8418629715296255,0.9080836134191348,0.9191193104311914,0.9006973596445684,0.9101963390498825,0.8938860051784733,0.9102195352929322,0.8936798767928819,0.8808395626649502,0.8317671205056781,0.9103404751043102,0.9138419115088253,0.8973852305386913,0.9026244794055246,0.8390194406636812,0.8900546220926527,0.8915829745149834,0.8993853725643294,0.8990710257529492,0.8867030592522211,0.9110427213962575,0.9119062023900361,0.8655187742506001,0.8608297109548413,0.7233423908102924,0.7886792603106104,0.9022471146594737,0.8282517049367273,0.89352381080131,0.8735087748506717,0.8778276892802099,0.9107332232279862,0.8790495046880563,0.8881074701999677,0.8241714671721855,0.9047710823905918,0.8923810209831641,0.8923322304340724,0.8592920486498185,0.9167148930397815,0.8924198547592752,0.8733160714805441,0.8868873870280112,0.8871042261368077,0.9167401207800845,0.8859028359826673,0.8732202966520896,0.8973486887013794,0.8834550662307492,0.866664841965373,0.8544896278010726,0.8796195333957155,0.906713686673285,0.9117867871750396,0.91163347729491,0.9018284384844055,0.9011454779724463,0.8821072105746476,0.869962645424612,0.8888533092405466,0.9027216078793272,0.8812841369628418,0.8891128596411536,0.8659698429371843,0.9239058500536027,0.922426804611713,0.8458353775327971,0.8833495118702533,0.8789002955250995,0.8757267161655552,0.8550533420182325,0.8570521732070848,0.8893625529137482,0.843992063629713,0.877554941854556,0.8897912859104435,0.893113045312864,0.8169049456912015,0.8935231962290732,0.9006702234251791,0.8979986664537033,0.8920144803722806,0.8600671227110848,0.8739921455109106,0.9124733860584815,0.9231155219691355,0.9033247717479885,0.8851016653959862,0.8731682551652641,0.8711589190650821,0.8859120493284739,0.8569466754770761,0.8146169552945419,0.8266389157821479,0.8710913323698016,0.9060686406712524,0.8821530949666346,0.9011032972735369,0.8712110698548748,0.8976436640755441,0.8926014007994091,0.8875381687457702,0.8962583710924855,0.8584094190029903,0.8988141764776649,0.884833248707286,0.90163043859157,0.8823906182264758,0.8778339106594049,0.8694036777464474,1.0,0.9080794348726927,0.8736553776613759
TCGA-S3-AA10-01A|51a3cb9a-e745-49ac-af0e-3a750f9e7521,0.8122219091591508,0.9175374061385854,0.94512395296427,0.9032800376571877,0.9230646199809964,0.9233925761087287,0.9013393864320596,0.8796392725181347,0.8750372842794842,0.8328327580932998,0.9099023307515334,0.9030640630672077,0.9230871137540799,0.8958588941320691,0.8660866696860954,0.9062112730094054,0.9096405527279221,0.8979661728991568,0.9248782922970243,0.8866140009270671,0.9022654176171662,0.9200471830769562,0.8761347792463829,0.8478760131265659,0.7251919851881279,0.8150091118814133,0.9338086602065634,0.8371425660082557,0.8544333133824504,0.8941306721356957,0.8515764474722025,0.9194819502364626,0.869804153719971,0.9024449174775541,0.8504240957713127,0.9355064299634075,0.9057624662972318,0.8781909486911346,0.8967001273260486,0.9252639181333622,0.8760441584344112,0.8602467778494919,0.9070442834048754,0.9079967449727967,0.9067670481277924,0.9046755059224941,0.8899764879288328,0.8982089839482527,0.8978772808887608,0.8744012296363778,0.9004466795391549,0.9185263577847326,0.9363120165773144,0.8916417143645882,0.9303537501673056,0.9095291736953794,0.9197816462753265,0.9063196077624455,0.8527867874429192,0.9119179719207464,0.9114347109141437,0.8694587440104846,0.9147847270663658,0.8620367019691921,0.9189619011590799,0.92255406496949,0.8572721937926813,0.9222184455621754,0.8726696456645855,0.8710842224558287,0.8690763472937326,0.8380449626499916,0.9014976385807826,0.8417425265314101,0.8886222320602819,0.8779646918769577,0.9077440237770542,0.8092832883476176,0.9091534620446408,0.9095153261537704,0.9138576090179173,0.893683820619633,0.8880551853979316,0.9176332110870448,0.8948015337757249,0.9139102280401759,0.9058498411478364,0.8974462309705747,0.8529231915349975,0.8723534930352201,0.9116087045751755,0.8638217124912553,0.799867398446155,0.828420778351039,0.8936981407259539,0.9129698686389188,0.9147308938247682,0.9105126958391293,0.8937978178904818,0.8983429977579739,0.9130345815127993,0.9102534393440402,0.9076096678427944,0.8481127253512357,0.9107119575750175,0.8840088727960914,0.8837757489576369,0.906913964790853,0.8994546430132194,0.8999871631208497,0.9080794348726927,1.0,0.9156078140796199
TCGA-S3-AA15-01A|a572e59c-096f-4054-bbb4-90f2e2461d99,0.7716999951634179,0.8948998840947173,0.9095553101417478,0.8833188313619028,0.9162109723329198,0.9172780978812841,0.8905802038321635,0.8857752919422412,0.88609838025222,0.874038546695368,0.9049741455955077,0.8912855191103431,0.9331683860302563,0.8785399515388848,0.8921264713322976,0.9052293665585436,0.918189395839182,0.8982662498883797,0.9245116287705322,0.8555036763270659,0.8693953734596829,0.8950766103207236,0.8924816769454889,0.8205880024983203,0.7265679222758991,0.8682186591656377,0.9039338086591459,0.8761221463170968,0.8371901400630286,0.9214948465595907,0.859230015314673,0.8861862463164137,0.8730573175360873,0.8835957937083639,0.8902711949799877,0.9062879571635125,0.883314304197416,0.8556441710264878,0.8864647115621355,0.9266406677908765,0.8978099047231968,0.8736477265589377,0.9288833333598219,0.9043177480782372,0.8670526869185187,0.8969583060710499,0.8930830626331969,0.8766649454535332,0.8648812152247579,0.8714738602649715,0.9038861609793712,0.9265685936727054,0.9117860585624878,0.8570724667468135,0.9210641868739471,0.8951180570715574,0.902014134711007,0.9275004075666546,0.8457850190052032,0.932830125543423,0.8886799125317547,0.8863782492146856,0.8919712140054874,0.876870438381186,0.9029348005679245,0.8840107341118066,0.9189959893297786,0.9281188800516198,0.8920248638412226,0.8522996451128665,0.9061320013800729,0.8380508972028454,0.865658066115807,0.8878336732295935,0.885459987995441,0.8763412562568312,0.8633755593317664,0.8267293239454764,0.8970961457998663,0.8748397965635171,0.9030654147582325,0.8806297332933735,0.8736841537420752,0.9061633933737111,0.8761081665699432,0.8826618118825936,0.8893616785334596,0.8919992915491631,0.8179069112536407,0.8766893892521457,0.9141268891477583,0.8662560877471066,0.8162465076643929,0.8604887352403751,0.9178850120819185,0.9052193400468977,0.90017772351841,0.9122551803051966,0.8778101094426889,0.8683971253040305,0.9366885371743912,0.9014895074099583,0.88744239520209,0.867844213333384,0.9196847394057022,0.8788141528839982,0.8663318928005327,0.934788946117297,0.9168194420930642,0.9002310431566617,0.8736553776613759,0.9156078140796199,0.9999999999999999
